accession_id,design_description,library_name,library_construction_protocol,paired_nominal_length,paired_nominal_sdev,platform,model,library_layout,library_strategy,library_source,library_selection,extra_attributes,study_accession_id,submission_accession_id,created_at,edited_at
EGAX00002471799,Whole genome sequencing,,,,,ILLUMINA,Illumina HiSeq 2500,PAIRED,WGS,GENOMIC,unspecified,,EGAS00001005340,EGA00002010749,2021-06-22 14:55:16+02,2021-06-22 14:55:16+02
EGAX00002471800,Whole genome sequencing,,,,,ILLUMINA,Illumina HiSeq 2500,PAIRED,WGS,GENOMIC,unspecified,,EGAS00001005340,EGA00002010750,2021-06-22 14:55:20+02,2021-06-22 14:55:20+02
EGAX00002471801,Whole genome sequencing,,,,,ILLUMINA,Illumina HiSeq 2500,PAIRED,WGS,GENOMIC,unspecified,,EGAS00001005340,EGA00002010751,2021-06-22 14:55:24+02,2021-06-22 14:55:24+02
EGAX00002471802,Whole genome sequencing,,,,,ILLUMINA,Illumina HiSeq 2500,PAIRED,WGS,GENOMIC,unspecified,,EGAS00001005340,EGA00002010752,2021-06-22 14:55:28+02,2021-06-22 14:55:28+02
EGAX00002471803,Whole genome sequencing,,,,,ILLUMINA,Illumina HiSeq 2500,PAIRED,WGS,GENOMIC,unspecified,,EGAS00001005340,EGA00002010753,2021-06-22 14:55:31+02,2021-06-22 14:55:31+02
EGAX00002471804,Whole genome sequencing,,,,,ILLUMINA,Illumina HiSeq 2500,PAIRED,WGS,GENOMIC,unspecified,,EGAS00001005340,EGA00002010754,2021-06-22 14:55:35+02,2021-06-22 14:55:35+02
EGAX00002471805,Whole genome sequencing,,,,,ILLUMINA,Illumina HiSeq 2500,PAIRED,WGS,GENOMIC,unspecified,,EGAS00001005340,EGA00002010755,2021-06-22 14:55:39+02,2021-06-22 14:55:39+02
EGAX00002471806,Whole genome sequencing,,,,,ILLUMINA,Illumina HiSeq 2500,PAIRED,WGS,GENOMIC,unspecified,,EGAS00001005340,EGA00002010756,2021-06-22 14:55:43+02,2021-06-22 14:55:43+02
EGAX00002471807,Whole genome sequencing,,,,,ILLUMINA,Illumina HiSeq 2500,PAIRED,WGS,GENOMIC,unspecified,,EGAS00001005340,EGA00002010757,2021-06-22 14:55:47+02,2021-06-22 14:55:47+02
EGAX00002471808,Whole genome sequencing,,,,,ILLUMINA,Illumina HiSeq 2500,PAIRED,WGS,GENOMIC,unspecified,,EGAS00001005340,EGA00002010758,2021-06-22 14:55:51+02,2021-06-22 14:55:51+02
EGAX00002471809,Whole genome sequencing,,,,,ILLUMINA,Illumina HiSeq 2500,PAIRED,WGS,GENOMIC,unspecified,,EGAS00001005340,EGA00002010759,2021-06-22 14:55:55+02,2021-06-22 14:55:55+02
EGAX00002471810,Whole genome sequencing,,,,,ILLUMINA,Illumina HiSeq 2500,PAIRED,WGS,GENOMIC,unspecified,,EGAS00001005340,EGA00002010760,2021-06-22 14:55:58+02,2021-06-22 14:55:58+02
EGAX00002471811,Whole genome sequencing,,,,,ILLUMINA,Illumina HiSeq 2500,PAIRED,WGS,GENOMIC,unspecified,,EGAS00001005340,EGA00002010761,2021-06-22 14:56:02+02,2021-06-22 14:56:02+02
EGAX00002471812,Whole genome sequencing,,,,,ILLUMINA,Illumina HiSeq 2500,PAIRED,WGS,GENOMIC,unspecified,,EGAS00001005340,EGA00002010762,2021-06-22 14:56:06+02,2021-06-22 14:56:06+02
EGAX00002471813,Whole genome sequencing,,,,,ILLUMINA,Illumina HiSeq 2500,PAIRED,WGS,GENOMIC,unspecified,,EGAS00001005340,EGA00002010763,2021-06-22 14:56:10+02,2021-06-22 14:56:10+02
EGAX00002471814,Whole genome sequencing,,,,,ILLUMINA,Illumina HiSeq 2500,PAIRED,WGS,GENOMIC,unspecified,,EGAS00001005340,EGA00002010764,2021-06-22 14:56:14+02,2021-06-22 14:56:14+02
EGAX00002471815,Whole genome sequencing,,,,,ILLUMINA,Illumina HiSeq 2500,PAIRED,WGS,GENOMIC,unspecified,,EGAS00001005340,EGA00002010765,2021-06-22 14:56:18+02,2021-06-22 14:56:18+02
EGAX00002471816,Whole genome sequencing,,,,,ILLUMINA,Illumina HiSeq 2500,PAIRED,WGS,GENOMIC,unspecified,,EGAS00001005340,EGA00002010766,2021-06-22 14:56:21+02,2021-06-22 14:56:21+02
EGAX00002471817,Whole genome sequencing,,,,,ILLUMINA,Illumina HiSeq 2500,PAIRED,WGS,GENOMIC,unspecified,,EGAS00001005340,EGA00002010767,2021-06-22 14:56:25+02,2021-06-22 14:56:25+02
EGAX00002471818,Whole genome sequencing,,,,,ILLUMINA,Illumina HiSeq 2500,PAIRED,WGS,GENOMIC,unspecified,,EGAS00001005340,EGA00002010768,2021-06-22 14:56:29+02,2021-06-22 14:56:29+02
EGAX00002471819,Whole genome sequencing,,,,,ILLUMINA,Illumina HiSeq 2500,PAIRED,WGS,GENOMIC,unspecified,,EGAS00001005340,EGA00002010769,2021-06-22 14:56:33+02,2021-06-22 14:56:33+02
EGAX00002471820,Whole genome sequencing,,,,,ILLUMINA,Illumina HiSeq 2500,PAIRED,WGS,GENOMIC,unspecified,,EGAS00001005340,EGA00002010770,2021-06-22 14:56:37+02,2021-06-22 14:56:37+02
EGAX00002471821,Whole genome sequencing,,,,,ILLUMINA,Illumina HiSeq 2500,PAIRED,WGS,GENOMIC,unspecified,,EGAS00001005340,EGA00002010771,2021-06-22 14:56:41+02,2021-06-22 14:56:41+02
EGAX00002471822,Whole genome sequencing,,,,,ILLUMINA,Illumina HiSeq 2500,PAIRED,WGS,GENOMIC,unspecified,,EGAS00001005340,EGA00002010772,2021-06-22 14:56:45+02,2021-06-22 14:56:45+02
EGAX00002471823,Whole genome sequencing,,,,,ILLUMINA,Illumina HiSeq 2500,PAIRED,WGS,GENOMIC,unspecified,,EGAS00001005340,EGA00002010773,2021-06-22 14:56:49+02,2021-06-22 14:56:49+02
EGAX00002471824,Whole genome sequencing,,,,,ILLUMINA,Illumina HiSeq 2500,PAIRED,WGS,GENOMIC,unspecified,,EGAS00001005340,EGA00002010774,2021-06-22 14:56:52+02,2021-06-22 14:56:52+02
EGAX00002471825,Whole genome sequencing,,,,,ILLUMINA,Illumina HiSeq 2500,PAIRED,WGS,GENOMIC,unspecified,,EGAS00001005340,EGA00002010775,2021-06-22 14:56:57+02,2021-06-22 14:56:57+02
EGAX00002471826,Whole genome sequencing,,,,,ILLUMINA,Illumina HiSeq 2500,PAIRED,WGS,GENOMIC,unspecified,,EGAS00001005340,EGA00002010776,2021-06-22 14:57:00+02,2021-06-22 14:57:00+02
EGAX00002471827,Whole genome sequencing,,,,,ILLUMINA,Illumina HiSeq 2500,PAIRED,WGS,GENOMIC,unspecified,,EGAS00001005340,EGA00002010777,2021-06-22 14:57:04+02,2021-06-22 14:57:04+02
EGAX00002471828,Whole genome sequencing,,,,,ILLUMINA,Illumina HiSeq 2500,PAIRED,WGS,GENOMIC,unspecified,,EGAS00001005340,EGA00002010778,2021-06-22 14:57:08+02,2021-06-22 14:57:08+02
EGAX00002471829,Whole genome sequencing,,,,,ILLUMINA,Illumina HiSeq 2500,PAIRED,WGS,GENOMIC,unspecified,,EGAS00001005340,EGA00002010779,2021-06-22 14:57:12+02,2021-06-22 14:57:12+02
EGAX00002471830,Whole genome sequencing,,,,,ILLUMINA,Illumina HiSeq 2500,PAIRED,WGS,GENOMIC,unspecified,,EGAS00001005340,EGA00002010780,2021-06-22 14:57:16+02,2021-06-22 14:57:16+02
EGAX00002471831,Whole genome sequencing,,,,,ILLUMINA,Illumina HiSeq 2500,PAIRED,WGS,GENOMIC,unspecified,,EGAS00001005340,EGA00002010781,2021-06-22 14:57:20+02,2021-06-22 14:57:20+02
EGAX00002471832,Whole genome sequencing,,,,,ILLUMINA,Illumina HiSeq 2500,PAIRED,WGS,GENOMIC,unspecified,,EGAS00001005340,EGA00002010782,2021-06-22 14:57:23+02,2021-06-22 14:57:23+02
EGAX00002471833,Whole genome sequencing,,,,,ILLUMINA,Illumina HiSeq 2500,PAIRED,WGS,GENOMIC,unspecified,,EGAS00001005340,EGA00002010783,2021-06-22 14:57:27+02,2021-06-22 14:57:27+02
EGAX00002471834,Whole genome sequencing,,,,,ILLUMINA,Illumina HiSeq 2500,PAIRED,WGS,GENOMIC,unspecified,,EGAS00001005340,EGA00002010784,2021-06-22 14:57:31+02,2021-06-22 14:57:31+02
EGAX00002471835,Whole genome sequencing,,,,,ILLUMINA,Illumina HiSeq 2500,PAIRED,WGS,GENOMIC,unspecified,,EGAS00001005340,EGA00002010785,2021-06-22 14:57:35+02,2021-06-22 14:57:35+02
EGAX00002471836,Whole genome sequencing,,,,,ILLUMINA,Illumina HiSeq 2500,PAIRED,WGS,GENOMIC,unspecified,,EGAS00001005340,EGA00002010786,2021-06-22 14:57:38+02,2021-06-22 14:57:38+02
EGAX00002471837,Whole genome sequencing,,,,,ILLUMINA,Illumina HiSeq 2500,PAIRED,WGS,GENOMIC,unspecified,,EGAS00001005340,EGA00002010787,2021-06-22 14:57:42+02,2021-06-22 14:57:42+02
EGAX00002471838,Whole genome sequencing,,,,,ILLUMINA,Illumina HiSeq 2500,PAIRED,WGS,GENOMIC,unspecified,,EGAS00001005340,EGA00002010788,2021-06-22 14:57:46+02,2021-06-22 14:57:46+02
EGAX00002471839,Whole genome sequencing,,,,,ILLUMINA,Illumina HiSeq 2500,PAIRED,WGS,GENOMIC,unspecified,,EGAS00001005340,EGA00002010789,2021-06-22 14:57:50+02,2021-06-22 14:57:50+02
EGAX00002471840,Whole genome sequencing,,,,,ILLUMINA,Illumina HiSeq 2500,PAIRED,WGS,GENOMIC,unspecified,,EGAS00001005340,EGA00002010790,2021-06-22 14:57:54+02,2021-06-22 14:57:54+02
EGAX00002471841,Whole genome sequencing,,,,,ILLUMINA,Illumina HiSeq 2500,PAIRED,WGS,GENOMIC,unspecified,,EGAS00001005340,EGA00002010791,2021-06-22 14:57:57+02,2021-06-22 14:57:57+02
EGAX00002471842,Whole genome sequencing,,,,,ILLUMINA,Illumina HiSeq 2500,PAIRED,WGS,GENOMIC,unspecified,,EGAS00001005340,EGA00002010792,2021-06-22 14:58:01+02,2021-06-22 14:58:01+02
EGAX00002471843,Whole genome sequencing,,,,,ILLUMINA,Illumina HiSeq 2500,PAIRED,WGS,GENOMIC,unspecified,,EGAS00001005340,EGA00002010793,2021-06-22 14:58:05+02,2021-06-22 14:58:05+02
EGAX00002471844,Whole genome sequencing,,,,,ILLUMINA,Illumina HiSeq 2500,PAIRED,WGS,GENOMIC,unspecified,,EGAS00001005340,EGA00002010794,2021-06-22 14:58:09+02,2021-06-22 14:58:09+02
EGAX00002471845,Whole genome sequencing,,,,,ILLUMINA,Illumina HiSeq 2500,PAIRED,WGS,GENOMIC,unspecified,,EGAS00001005340,EGA00002010795,2021-06-22 14:58:13+02,2021-06-22 14:58:13+02
EGAX00002471846,Whole genome sequencing,,,,,ILLUMINA,Illumina HiSeq 2500,PAIRED,WGS,GENOMIC,unspecified,,EGAS00001005340,EGA00002010796,2021-06-22 14:58:17+02,2021-06-22 14:58:17+02
EGAX00002471847,Whole genome sequencing,,,,,ILLUMINA,Illumina HiSeq 2500,PAIRED,WGS,GENOMIC,unspecified,,EGAS00001005340,EGA00002010797,2021-06-22 14:58:20+02,2021-06-22 14:58:20+02
EGAX00002471848,Whole genome sequencing,,,,,ILLUMINA,Illumina HiSeq 2500,PAIRED,WGS,GENOMIC,unspecified,,EGAS00001005340,EGA00002010798,2021-06-22 14:58:24+02,2021-06-22 14:58:24+02
EGAX00002471849,Whole genome sequencing,,,,,ILLUMINA,Illumina HiSeq 2500,PAIRED,WGS,GENOMIC,unspecified,,EGAS00001005340,EGA00002010799,2021-06-22 14:58:28+02,2021-06-22 14:58:28+02
EGAX00002471850,Whole genome sequencing,,,,,ILLUMINA,Illumina HiSeq 2500,PAIRED,WGS,GENOMIC,unspecified,,EGAS00001005340,EGA00002010800,2021-06-22 14:58:32+02,2021-06-22 14:58:32+02
EGAX00002471851,Whole genome sequencing,,,,,ILLUMINA,Illumina HiSeq 2500,PAIRED,WGS,GENOMIC,unspecified,,EGAS00001005340,EGA00002010801,2021-06-22 14:58:36+02,2021-06-22 14:58:36+02
EGAX00002471852,Whole genome sequencing,,,,,ILLUMINA,Illumina HiSeq 2500,PAIRED,WGS,GENOMIC,unspecified,,EGAS00001005340,EGA00002010802,2021-06-22 14:58:40+02,2021-06-22 14:58:40+02
EGAX00002471853,Whole genome sequencing,,,,,ILLUMINA,Illumina HiSeq 2500,PAIRED,WGS,GENOMIC,unspecified,,EGAS00001005340,EGA00002010803,2021-06-22 14:58:43+02,2021-06-22 14:58:43+02
EGAX00002471854,Whole genome sequencing,,,,,ILLUMINA,Illumina HiSeq 2500,PAIRED,WGS,GENOMIC,unspecified,,EGAS00001005340,EGA00002010804,2021-06-22 14:58:47+02,2021-06-22 14:58:47+02
EGAX00002471855,Whole genome sequencing,,,,,ILLUMINA,Illumina HiSeq 2500,PAIRED,WGS,GENOMIC,unspecified,,EGAS00001005340,EGA00002010805,2021-06-22 14:58:51+02,2021-06-22 14:58:51+02
EGAX00002471856,Whole genome sequencing,,,,,ILLUMINA,Illumina HiSeq 2500,PAIRED,WGS,GENOMIC,unspecified,,EGAS00001005340,EGA00002010806,2021-06-22 14:58:55+02,2021-06-22 14:58:55+02
EGAX00002471857,Whole genome sequencing,,,,,ILLUMINA,Illumina HiSeq 2500,PAIRED,WGS,GENOMIC,unspecified,,EGAS00001005340,EGA00002010807,2021-06-22 14:58:58+02,2021-06-22 14:58:58+02
EGAX00002471858,Whole genome sequencing,,,,,ILLUMINA,Illumina HiSeq 2500,PAIRED,WGS,GENOMIC,unspecified,,EGAS00001005340,EGA00002010808,2021-06-22 14:59:02+02,2021-06-22 14:59:02+02
EGAX00002471859,Whole genome sequencing,,,,,ILLUMINA,Illumina HiSeq 2500,PAIRED,WGS,GENOMIC,unspecified,,EGAS00001005340,EGA00002010809,2021-06-22 14:59:06+02,2021-06-22 14:59:06+02
EGAX00002471860,Whole genome sequencing,,,,,ILLUMINA,Illumina HiSeq 2500,PAIRED,WGS,GENOMIC,unspecified,,EGAS00001005340,EGA00002010810,2021-06-22 14:59:10+02,2021-06-22 14:59:10+02
EGAX00002471861,Whole genome sequencing,,,,,ILLUMINA,Illumina HiSeq 2500,PAIRED,WGS,GENOMIC,unspecified,,EGAS00001005340,EGA00002010811,2021-06-22 14:59:13+02,2021-06-22 14:59:13+02
EGAX00002471862,Whole genome sequencing,,,,,ILLUMINA,Illumina HiSeq 2500,PAIRED,WGS,GENOMIC,unspecified,,EGAS00001005340,EGA00002010812,2021-06-22 14:59:17+02,2021-06-22 14:59:17+02
EGAX00002471863,Whole genome sequencing,,,,,ILLUMINA,Illumina HiSeq 2500,PAIRED,WGS,GENOMIC,unspecified,,EGAS00001005340,EGA00002010813,2021-06-22 14:59:21+02,2021-06-22 14:59:21+02
EGAX00002471864,Whole genome sequencing,,,,,ILLUMINA,Illumina HiSeq 2500,PAIRED,WGS,GENOMIC,unspecified,,EGAS00001005340,EGA00002010814,2021-06-22 14:59:25+02,2021-06-22 14:59:25+02
EGAX00002471865,Whole genome sequencing,,,,,ILLUMINA,Illumina HiSeq 2500,PAIRED,WGS,GENOMIC,unspecified,,EGAS00001005340,EGA00002010815,2021-06-22 14:59:29+02,2021-06-22 14:59:29+02
EGAX00002471866,Whole genome sequencing,,,,,ILLUMINA,Illumina HiSeq 2500,PAIRED,WGS,GENOMIC,unspecified,,EGAS00001005340,EGA00002010816,2021-06-22 14:59:32+02,2021-06-22 14:59:32+02
EGAX00002471867,Whole genome sequencing,,,,,ILLUMINA,Illumina HiSeq 2500,PAIRED,WGS,GENOMIC,unspecified,,EGAS00001005340,EGA00002010817,2021-06-22 14:59:36+02,2021-06-22 14:59:36+02
EGAX00002471868,Whole genome sequencing,,,,,ILLUMINA,Illumina HiSeq 2500,PAIRED,WGS,GENOMIC,unspecified,,EGAS00001005340,EGA00002010818,2021-06-22 14:59:40+02,2021-06-22 14:59:40+02
EGAX00002471869,Whole genome sequencing,,,,,ILLUMINA,Illumina HiSeq 2500,PAIRED,WGS,GENOMIC,unspecified,,EGAS00001005340,EGA00002010819,2021-06-22 14:59:44+02,2021-06-22 14:59:44+02
EGAX00002471870,Whole genome sequencing,,,,,ILLUMINA,Illumina HiSeq 2500,PAIRED,WGS,GENOMIC,unspecified,,EGAS00001005340,EGA00002010820,2021-06-22 14:59:47+02,2021-06-22 14:59:47+02
EGAX00002471871,Whole genome sequencing,,,,,ILLUMINA,Illumina HiSeq 2500,PAIRED,WGS,GENOMIC,unspecified,,EGAS00001005340,EGA00002010821,2021-06-22 14:59:51+02,2021-06-22 14:59:51+02
EGAX00002471872,Whole genome sequencing,,,,,ILLUMINA,Illumina HiSeq 2500,PAIRED,WGS,GENOMIC,unspecified,,EGAS00001005340,EGA00002010822,2021-06-22 14:59:55+02,2021-06-22 14:59:55+02
EGAX00002471873,Whole genome sequencing,,,,,ILLUMINA,Illumina HiSeq 2500,PAIRED,WGS,GENOMIC,unspecified,,EGAS00001005340,EGA00002010823,2021-06-22 14:59:59+02,2021-06-22 14:59:59+02
EGAX00002471874,Whole genome sequencing,,,,,ILLUMINA,Illumina HiSeq 2500,PAIRED,WGS,GENOMIC,unspecified,,EGAS00001005340,EGA00002010824,2021-06-22 15:00:02+02,2021-06-22 15:00:02+02
EGAX00002471875,Whole genome sequencing,,,,,ILLUMINA,Illumina HiSeq 2500,PAIRED,WGS,GENOMIC,unspecified,,EGAS00001005340,EGA00002010825,2021-06-22 15:00:06+02,2021-06-22 15:00:06+02
EGAX00002471876,Whole genome sequencing,,,,,ILLUMINA,Illumina HiSeq 2500,PAIRED,WGS,GENOMIC,unspecified,,EGAS00001005340,EGA00002010826,2021-06-22 15:00:10+02,2021-06-22 15:00:10+02
EGAX00002471877,Whole genome sequencing,,,,,ILLUMINA,Illumina HiSeq 2500,PAIRED,WGS,GENOMIC,unspecified,,EGAS00001005340,EGA00002010827,2021-06-22 15:00:14+02,2021-06-22 15:00:14+02
EGAX00002471878,Whole genome sequencing,,,,,ILLUMINA,Illumina HiSeq 2500,PAIRED,WGS,GENOMIC,unspecified,,EGAS00001005340,EGA00002010828,2021-06-22 15:00:17+02,2021-06-22 15:00:17+02
EGAX00002471879,Whole genome sequencing,,,,,ILLUMINA,Illumina HiSeq 2500,PAIRED,WGS,GENOMIC,unspecified,,EGAS00001005340,EGA00002010829,2021-06-22 15:00:21+02,2021-06-22 15:00:21+02
EGAX00002471880,Whole genome sequencing,,,,,ILLUMINA,Illumina HiSeq 2500,PAIRED,WGS,GENOMIC,unspecified,,EGAS00001005340,EGA00002010830,2021-06-22 15:00:25+02,2021-06-22 15:00:25+02
EGAX00002471881,Whole genome sequencing,,,,,ILLUMINA,Illumina HiSeq 2500,PAIRED,WGS,GENOMIC,unspecified,,EGAS00001005340,EGA00002010831,2021-06-22 15:00:29+02,2021-06-22 15:00:29+02
EGAX00002471882,Whole genome sequencing,,,,,ILLUMINA,Illumina HiSeq 2500,PAIRED,WGS,GENOMIC,unspecified,,EGAS00001005340,EGA00002010832,2021-06-22 15:00:33+02,2021-06-22 15:00:33+02
EGAX00002471883,Whole genome sequencing,,,,,ILLUMINA,Illumina HiSeq 2500,PAIRED,WGS,GENOMIC,unspecified,,EGAS00001005340,EGA00002010833,2021-06-22 15:00:37+02,2021-06-22 15:00:37+02
EGAX00002471884,Whole genome sequencing,,,,,ILLUMINA,Illumina HiSeq 2500,PAIRED,WGS,GENOMIC,unspecified,,EGAS00001005340,EGA00002010834,2021-06-22 15:00:40+02,2021-06-22 15:00:40+02
EGAX00002471885,Whole genome sequencing,,,,,ILLUMINA,Illumina HiSeq 2500,PAIRED,WGS,GENOMIC,unspecified,,EGAS00001005340,EGA00002010835,2021-06-22 15:00:44+02,2021-06-22 15:00:44+02
EGAX00002471886,Whole genome sequencing,,,,,ILLUMINA,Illumina HiSeq 2500,PAIRED,WGS,GENOMIC,unspecified,,EGAS00001005340,EGA00002010836,2021-06-22 15:00:48+02,2021-06-22 15:00:48+02
EGAX00002471887,Whole genome sequencing,,,,,ILLUMINA,Illumina HiSeq 2500,PAIRED,WGS,GENOMIC,unspecified,,EGAS00001005340,EGA00002010837,2021-06-22 15:00:52+02,2021-06-22 15:00:52+02
EGAX00002471888,Whole genome sequencing,,,,,ILLUMINA,Illumina HiSeq 2500,PAIRED,WGS,GENOMIC,unspecified,,EGAS00001005340,EGA00002010838,2021-06-22 15:00:56+02,2021-06-22 15:00:56+02
EGAX00002471889,Whole genome sequencing,,,,,ILLUMINA,Illumina HiSeq 2500,PAIRED,WGS,GENOMIC,unspecified,,EGAS00001005340,EGA00002010839,2021-06-22 15:00:59+02,2021-06-22 15:00:59+02
EGAX00002471890,Whole genome sequencing,,,,,ILLUMINA,Illumina HiSeq 2500,PAIRED,WGS,GENOMIC,unspecified,,EGAS00001005340,EGA00002010840,2021-06-22 15:01:04+02,2021-06-22 15:01:04+02
EGAX00002471891,Whole genome sequencing,,,,,ILLUMINA,Illumina HiSeq 2500,PAIRED,WGS,GENOMIC,unspecified,,EGAS00001005340,EGA00002010841,2021-06-22 15:01:08+02,2021-06-22 15:01:08+02
EGAX00002471892,Whole genome sequencing,,,,,ILLUMINA,Illumina HiSeq 2500,PAIRED,WGS,GENOMIC,unspecified,,EGAS00001005340,EGA00002010842,2021-06-22 15:01:12+02,2021-06-22 15:01:12+02
EGAX00002471893,Whole genome sequencing,,,,,ILLUMINA,Illumina HiSeq 2500,PAIRED,WGS,GENOMIC,unspecified,,EGAS00001005340,EGA00002010843,2021-06-22 15:01:15+02,2021-06-22 15:01:15+02
EGAX00002471894,Whole genome sequencing,,,,,ILLUMINA,Illumina HiSeq 2500,PAIRED,WGS,GENOMIC,unspecified,,EGAS00001005340,EGA00002010844,2021-06-22 15:01:19+02,2021-06-22 15:01:19+02
EGAX00002471895,Whole genome sequencing,,,,,ILLUMINA,Illumina HiSeq 2500,PAIRED,WGS,GENOMIC,unspecified,,EGAS00001005340,EGA00002010845,2021-06-22 15:01:23+02,2021-06-22 15:01:23+02
EGAX00002471896,Whole genome sequencing,,,,,ILLUMINA,Illumina HiSeq 2500,PAIRED,WGS,GENOMIC,unspecified,,EGAS00001005340,EGA00002010846,2021-06-22 15:01:27+02,2021-06-22 15:01:27+02
EGAX00002471897,Whole genome sequencing,,,,,ILLUMINA,Illumina HiSeq 2500,PAIRED,WGS,GENOMIC,unspecified,,EGAS00001005340,EGA00002010847,2021-06-22 15:01:30+02,2021-06-22 15:01:30+02
EGAX00002471898,Whole genome sequencing,,,,,ILLUMINA,Illumina HiSeq 2500,PAIRED,WGS,GENOMIC,unspecified,,EGAS00001005340,EGA00002010848,2021-06-22 15:01:34+02,2021-06-22 15:01:34+02
EGAX00002471899,Whole genome sequencing,,,,,ILLUMINA,Illumina HiSeq 2500,PAIRED,WGS,GENOMIC,unspecified,,EGAS00001005340,EGA00002010849,2021-06-22 15:01:38+02,2021-06-22 15:01:38+02
EGAX00002471900,Whole genome sequencing,,,,,ILLUMINA,Illumina HiSeq 2500,PAIRED,WGS,GENOMIC,unspecified,,EGAS00001005340,EGA00002010850,2021-06-22 15:01:42+02,2021-06-22 15:01:42+02
EGAX00002471901,Whole genome sequencing,,,,,ILLUMINA,Illumina HiSeq 2500,PAIRED,WGS,GENOMIC,unspecified,,EGAS00001005340,EGA00002010851,2021-06-22 15:01:46+02,2021-06-22 15:01:46+02
EGAX00002471902,Whole genome sequencing,,,,,ILLUMINA,Illumina HiSeq 2500,PAIRED,WGS,GENOMIC,unspecified,,EGAS00001005340,EGA00002010852,2021-06-22 15:01:50+02,2021-06-22 15:01:50+02
EGAX00002471903,Whole genome sequencing,,,,,ILLUMINA,Illumina HiSeq 2500,PAIRED,WGS,GENOMIC,unspecified,,EGAS00001005340,EGA00002010853,2021-06-22 15:01:54+02,2021-06-22 15:01:54+02
EGAX00002471904,Whole genome sequencing,,,,,ILLUMINA,Illumina HiSeq 2500,PAIRED,WGS,GENOMIC,unspecified,,EGAS00001005340,EGA00002010854,2021-06-22 15:01:57+02,2021-06-22 15:01:57+02
EGAX00002471905,Whole genome sequencing,,,,,ILLUMINA,Illumina HiSeq 2500,PAIRED,WGS,GENOMIC,unspecified,,EGAS00001005340,EGA00002010855,2021-06-22 15:02:01+02,2021-06-22 15:02:01+02
EGAX00002471906,Whole genome sequencing,,,,,ILLUMINA,Illumina HiSeq 2500,PAIRED,WGS,GENOMIC,unspecified,,EGAS00001005340,EGA00002010856,2021-06-22 15:02:05+02,2021-06-22 15:02:05+02
EGAX00002471907,Whole genome sequencing,,,,,ILLUMINA,Illumina HiSeq 2500,PAIRED,WGS,GENOMIC,unspecified,,EGAS00001005340,EGA00002010857,2021-06-22 15:02:09+02,2021-06-22 15:02:09+02
EGAX00002471908,Whole genome sequencing,,,,,ILLUMINA,Illumina HiSeq 2500,PAIRED,WGS,GENOMIC,unspecified,,EGAS00001005340,EGA00002010858,2021-06-22 15:02:13+02,2021-06-22 15:02:13+02
EGAX00002471909,Whole genome sequencing,,,,,ILLUMINA,Illumina HiSeq 2500,PAIRED,WGS,GENOMIC,unspecified,,EGAS00001005340,EGA00002010859,2021-06-22 15:02:17+02,2021-06-22 15:02:17+02
EGAX00002471910,Whole genome sequencing,,,,,ILLUMINA,Illumina HiSeq 2500,PAIRED,WGS,GENOMIC,unspecified,,EGAS00001005340,EGA00002010860,2021-06-22 15:02:21+02,2021-06-22 15:02:21+02
EGAX00002471911,Whole genome sequencing,,,,,ILLUMINA,Illumina HiSeq 2500,PAIRED,WGS,GENOMIC,unspecified,,EGAS00001005340,EGA00002010861,2021-06-22 15:02:25+02,2021-06-22 15:02:25+02
EGAX00002471912,Whole genome sequencing,,,,,ILLUMINA,Illumina HiSeq 2500,PAIRED,WGS,GENOMIC,unspecified,,EGAS00001005340,EGA00002010862,2021-06-22 15:02:29+02,2021-06-22 15:02:29+02
EGAX00002471913,Whole genome sequencing,,,,,ILLUMINA,Illumina HiSeq 2500,PAIRED,WGS,GENOMIC,unspecified,,EGAS00001005340,EGA00002010863,2021-06-22 15:02:33+02,2021-06-22 15:02:33+02
EGAX00002471914,Whole genome sequencing,,,,,ILLUMINA,Illumina HiSeq 2500,PAIRED,WGS,GENOMIC,unspecified,,EGAS00001005340,EGA00002010864,2021-06-22 15:02:36+02,2021-06-22 15:02:36+02
EGAX00002471915,Whole genome sequencing,,,,,ILLUMINA,Illumina HiSeq 2500,PAIRED,WGS,GENOMIC,unspecified,,EGAS00001005340,EGA00002010865,2021-06-22 15:02:40+02,2021-06-22 15:02:40+02
EGAX00002471916,Whole genome sequencing,,,,,ILLUMINA,Illumina HiSeq 2500,PAIRED,WGS,GENOMIC,unspecified,,EGAS00001005340,EGA00002010866,2021-06-22 15:02:44+02,2021-06-22 15:02:44+02
EGAX00002471917,Whole genome sequencing,,,,,ILLUMINA,Illumina HiSeq 2500,PAIRED,WGS,GENOMIC,unspecified,,EGAS00001005340,EGA00002010867,2021-06-22 15:02:48+02,2021-06-22 15:02:48+02
EGAX00002471918,Whole genome sequencing,,,,,ILLUMINA,Illumina HiSeq 2500,PAIRED,WGS,GENOMIC,unspecified,,EGAS00001005340,EGA00002010868,2021-06-22 15:02:51+02,2021-06-22 15:02:51+02
EGAX00002471919,Whole genome sequencing,,,,,ILLUMINA,Illumina HiSeq 2500,PAIRED,WGS,GENOMIC,unspecified,,EGAS00001005340,EGA00002010869,2021-06-22 15:02:55+02,2021-06-22 15:02:55+02
EGAX00002471920,Whole genome sequencing,,,,,ILLUMINA,Illumina HiSeq 2500,PAIRED,WGS,GENOMIC,unspecified,,EGAS00001005340,EGA00002010870,2021-06-22 15:02:59+02,2021-06-22 15:02:59+02
EGAX00002471921,Whole genome sequencing,,,,,ILLUMINA,Illumina HiSeq 2500,PAIRED,WGS,GENOMIC,unspecified,,EGAS00001005340,EGA00002010871,2021-06-22 15:03:03+02,2021-06-22 15:03:03+02
EGAX00002471922,Whole genome sequencing,,,,,ILLUMINA,Illumina HiSeq 2500,PAIRED,WGS,GENOMIC,unspecified,,EGAS00001005340,EGA00002010872,2021-06-22 15:03:07+02,2021-06-22 15:03:07+02
EGAX00002471923,Whole genome sequencing,,,,,ILLUMINA,Illumina HiSeq 2500,PAIRED,WGS,GENOMIC,unspecified,,EGAS00001005340,EGA00002010873,2021-06-22 15:03:11+02,2021-06-22 15:03:11+02
EGAX00002471924,Whole genome sequencing,,,,,ILLUMINA,Illumina HiSeq 2500,PAIRED,WGS,GENOMIC,unspecified,,EGAS00001005340,EGA00002010874,2021-06-22 15:03:15+02,2021-06-22 15:03:15+02
EGAX00002471925,Whole genome sequencing,,,,,ILLUMINA,Illumina HiSeq 2500,PAIRED,WGS,GENOMIC,unspecified,,EGAS00001005340,EGA00002010875,2021-06-22 15:03:19+02,2021-06-22 15:03:19+02
EGAX00002471926,Whole genome sequencing,,,,,ILLUMINA,Illumina HiSeq 2500,PAIRED,WGS,GENOMIC,unspecified,,EGAS00001005340,EGA00002010876,2021-06-22 15:03:23+02,2021-06-22 15:03:23+02
EGAX00002471927,Whole genome sequencing,,,,,ILLUMINA,Illumina HiSeq 2500,PAIRED,WGS,GENOMIC,unspecified,,EGAS00001005340,EGA00002010877,2021-06-22 15:03:27+02,2021-06-22 15:03:27+02
EGAX00002471928,Whole genome sequencing,,,,,ILLUMINA,Illumina HiSeq 2500,PAIRED,WGS,GENOMIC,unspecified,,EGAS00001005340,EGA00002010878,2021-06-22 15:03:31+02,2021-06-22 15:03:31+02
EGAX00002471929,Whole genome sequencing,,,,,ILLUMINA,Illumina HiSeq 2500,PAIRED,WGS,GENOMIC,unspecified,,EGAS00001005340,EGA00002010879,2021-06-22 15:03:35+02,2021-06-22 15:03:35+02
EGAX00002471930,Whole genome sequencing,,,,,ILLUMINA,Illumina HiSeq 2500,PAIRED,WGS,GENOMIC,unspecified,,EGAS00001005340,EGA00002010880,2021-06-22 15:03:39+02,2021-06-22 15:03:39+02
EGAX00002471931,Whole genome sequencing,,,,,ILLUMINA,Illumina HiSeq 2500,PAIRED,WGS,GENOMIC,unspecified,,EGAS00001005340,EGA00002010881,2021-06-22 15:03:43+02,2021-06-22 15:03:43+02
EGAX00002471932,Whole genome sequencing,,,,,ILLUMINA,Illumina HiSeq 2500,PAIRED,WGS,GENOMIC,unspecified,,EGAS00001005340,EGA00002010882,2021-06-22 15:03:46+02,2021-06-22 15:03:46+02
EGAX00002471933,Whole genome sequencing,,,,,ILLUMINA,Illumina HiSeq 2500,PAIRED,WGS,GENOMIC,unspecified,,EGAS00001005340,EGA00002010883,2021-06-22 15:03:50+02,2021-06-22 15:03:50+02
EGAX00002471934,Whole genome sequencing,,,,,ILLUMINA,Illumina HiSeq 2500,PAIRED,WGS,GENOMIC,unspecified,,EGAS00001005340,EGA00002010884,2021-06-22 15:03:54+02,2021-06-22 15:03:54+02
EGAX00002471935,Whole genome sequencing,,,,,ILLUMINA,Illumina HiSeq 2500,PAIRED,WGS,GENOMIC,unspecified,,EGAS00001005340,EGA00002010885,2021-06-22 15:03:58+02,2021-06-22 15:03:58+02
EGAX00002471936,Whole genome sequencing,,,,,ILLUMINA,Illumina HiSeq 2500,PAIRED,WGS,GENOMIC,unspecified,,EGAS00001005340,EGA00002010886,2021-06-22 15:04:02+02,2021-06-22 15:04:02+02
EGAX00002471937,Whole genome sequencing,,,,,ILLUMINA,Illumina HiSeq 2500,PAIRED,WGS,GENOMIC,unspecified,,EGAS00001005340,EGA00002010887,2021-06-22 15:04:06+02,2021-06-22 15:04:06+02
EGAX00002471938,Whole genome sequencing,,,,,ILLUMINA,Illumina HiSeq 2500,PAIRED,WGS,GENOMIC,unspecified,,EGAS00001005340,EGA00002010888,2021-06-22 15:04:10+02,2021-06-22 15:04:10+02
EGAX00002471939,Whole genome sequencing,,,,,ILLUMINA,Illumina HiSeq 2500,PAIRED,WGS,GENOMIC,unspecified,,EGAS00001005340,EGA00002010889,2021-06-22 15:04:14+02,2021-06-22 15:04:14+02
EGAX00002471940,Whole genome sequencing,,,,,ILLUMINA,Illumina HiSeq 2500,PAIRED,WGS,GENOMIC,unspecified,,EGAS00001005340,EGA00002010890,2021-06-22 15:04:18+02,2021-06-22 15:04:18+02
EGAX00002471941,Whole genome sequencing,,,,,ILLUMINA,Illumina HiSeq 2500,PAIRED,WGS,GENOMIC,unspecified,,EGAS00001005340,EGA00002010891,2021-06-22 15:04:22+02,2021-06-22 15:04:22+02
EGAX00002471942,Whole genome sequencing,,,,,ILLUMINA,Illumina HiSeq 2500,PAIRED,WGS,GENOMIC,unspecified,,EGAS00001005340,EGA00002010892,2021-06-22 15:04:26+02,2021-06-22 15:04:26+02
EGAX00002471943,Whole genome sequencing,,,,,ILLUMINA,Illumina HiSeq 2500,PAIRED,WGS,GENOMIC,unspecified,,EGAS00001005340,EGA00002010893,2021-06-22 15:04:30+02,2021-06-22 15:04:30+02
EGAX00002471944,Whole genome sequencing,,,,,ILLUMINA,Illumina HiSeq 2500,PAIRED,WGS,GENOMIC,unspecified,,EGAS00001005340,EGA00002010894,2021-06-22 15:04:34+02,2021-06-22 15:04:34+02
EGAX00002471945,Whole genome sequencing,,,,,ILLUMINA,Illumina HiSeq 2500,PAIRED,WGS,GENOMIC,unspecified,,EGAS00001005340,EGA00002010895,2021-06-22 15:04:38+02,2021-06-22 15:04:38+02
EGAX00002471946,Whole genome sequencing,,,,,ILLUMINA,Illumina HiSeq 2500,PAIRED,WGS,GENOMIC,unspecified,,EGAS00001005340,EGA00002010896,2021-06-22 15:04:42+02,2021-06-22 15:04:42+02
EGAX00002471947,Whole genome sequencing,,,,,ILLUMINA,Illumina HiSeq 2500,PAIRED,WGS,GENOMIC,unspecified,,EGAS00001005340,EGA00002010897,2021-06-22 15:04:46+02,2021-06-22 15:04:46+02
EGAX00002471948,Whole genome sequencing,,,,,ILLUMINA,Illumina HiSeq 2500,PAIRED,WGS,GENOMIC,unspecified,,EGAS00001005340,EGA00002010898,2021-06-22 15:04:51+02,2021-06-22 15:04:51+02
EGAX00002471949,Whole genome sequencing,,,,,ILLUMINA,Illumina HiSeq 2500,PAIRED,WGS,GENOMIC,unspecified,,EGAS00001005340,EGA00002010899,2021-06-22 15:04:54+02,2021-06-22 15:04:54+02
EGAX00002471950,Whole genome sequencing,,,,,ILLUMINA,Illumina HiSeq 2500,PAIRED,WGS,GENOMIC,unspecified,,EGAS00001005340,EGA00002010900,2021-06-22 15:04:58+02,2021-06-22 15:04:58+02
EGAX00002471951,Whole genome sequencing,,,,,ILLUMINA,Illumina HiSeq 2500,PAIRED,WGS,GENOMIC,unspecified,,EGAS00001005340,EGA00002010901,2021-06-22 15:05:02+02,2021-06-22 15:05:02+02
EGAX00002471952,Whole genome sequencing,,,,,ILLUMINA,Illumina HiSeq 2500,PAIRED,WGS,GENOMIC,unspecified,,EGAS00001005340,EGA00002010902,2021-06-22 15:05:06+02,2021-06-22 15:05:06+02
EGAX00002471953,Whole genome sequencing,,,,,ILLUMINA,Illumina HiSeq 2500,PAIRED,WGS,GENOMIC,unspecified,,EGAS00001005340,EGA00002010903,2021-06-22 15:05:10+02,2021-06-22 15:05:10+02
EGAX00002471954,Whole genome sequencing,,,,,ILLUMINA,Illumina HiSeq 2500,PAIRED,WGS,GENOMIC,unspecified,,EGAS00001005340,EGA00002010904,2021-06-22 15:05:13+02,2021-06-22 15:05:13+02
EGAX00002471955,Whole genome sequencing,,,,,ILLUMINA,Illumina HiSeq 2500,PAIRED,WGS,GENOMIC,unspecified,,EGAS00001005340,EGA00002010905,2021-06-22 15:05:17+02,2021-06-22 15:05:17+02
EGAX00002471956,Whole genome sequencing,,,,,ILLUMINA,Illumina HiSeq 2500,PAIRED,WGS,GENOMIC,unspecified,,EGAS00001005340,EGA00002010906,2021-06-22 15:05:21+02,2021-06-22 15:05:21+02
EGAX00002471957,Whole genome sequencing,,,,,ILLUMINA,Illumina HiSeq 2500,PAIRED,WGS,GENOMIC,unspecified,,EGAS00001005340,EGA00002010907,2021-06-22 15:05:25+02,2021-06-22 15:05:25+02
EGAX00002471958,Whole genome sequencing,,,,,ILLUMINA,Illumina HiSeq 2500,PAIRED,WGS,GENOMIC,unspecified,,EGAS00001005340,EGA00002010908,2021-06-22 15:05:29+02,2021-06-22 15:05:29+02
EGAX00002471959,Whole genome sequencing,,,,,ILLUMINA,Illumina HiSeq 2500,PAIRED,WGS,GENOMIC,unspecified,,EGAS00001005340,EGA00002010909,2021-06-22 15:05:34+02,2021-06-22 15:05:34+02
EGAX00002471960,Whole genome sequencing,,,,,ILLUMINA,Illumina HiSeq 2500,PAIRED,WGS,GENOMIC,unspecified,,EGAS00001005340,EGA00002010910,2021-06-22 15:05:38+02,2021-06-22 15:05:38+02
EGAX00002471961,Whole genome sequencing,,,,,ILLUMINA,Illumina HiSeq 2500,PAIRED,WGS,GENOMIC,unspecified,,EGAS00001005340,EGA00002010911,2021-06-22 15:05:42+02,2021-06-22 15:05:42+02
EGAX00002471962,Whole genome sequencing,,,,,ILLUMINA,Illumina HiSeq 2500,PAIRED,WGS,GENOMIC,unspecified,,EGAS00001005340,EGA00002010912,2021-06-22 15:05:45+02,2021-06-22 15:05:45+02
EGAX00002471963,Whole genome sequencing,,,,,ILLUMINA,Illumina HiSeq 2500,PAIRED,WGS,GENOMIC,unspecified,,EGAS00001005340,EGA00002010913,2021-06-22 15:05:49+02,2021-06-22 15:05:49+02
EGAX00002471964,Whole genome sequencing,,,,,ILLUMINA,Illumina HiSeq 2500,PAIRED,WGS,GENOMIC,unspecified,,EGAS00001005340,EGA00002010914,2021-06-22 15:05:53+02,2021-06-22 15:05:53+02
EGAX00002471965,Whole genome sequencing,,,,,ILLUMINA,Illumina HiSeq 2500,PAIRED,WGS,GENOMIC,unspecified,,EGAS00001005340,EGA00002010915,2021-06-22 15:05:57+02,2021-06-22 15:05:57+02
EGAX00002471966,Whole genome sequencing,,,,,ILLUMINA,Illumina HiSeq 2500,PAIRED,WGS,GENOMIC,unspecified,,EGAS00001005340,EGA00002010916,2021-06-22 15:06:01+02,2021-06-22 15:06:01+02
EGAX00002471967,Whole genome sequencing,,,,,ILLUMINA,Illumina HiSeq 2500,PAIRED,WGS,GENOMIC,unspecified,,EGAS00001005340,EGA00002010917,2021-06-22 15:06:04+02,2021-06-22 15:06:04+02
EGAX00002471968,Whole genome sequencing,,,,,ILLUMINA,Illumina HiSeq 2500,PAIRED,WGS,GENOMIC,unspecified,,EGAS00001005340,EGA00002010918,2021-06-22 15:06:08+02,2021-06-22 15:06:08+02
EGAX00002471969,Whole genome sequencing,,,,,ILLUMINA,Illumina HiSeq 2500,PAIRED,WGS,GENOMIC,unspecified,,EGAS00001005340,EGA00002010919,2021-06-22 15:06:12+02,2021-06-22 15:06:12+02
EGAX00002471970,Whole genome sequencing,,,,,ILLUMINA,Illumina HiSeq 2500,PAIRED,WGS,GENOMIC,unspecified,,EGAS00001005340,EGA00002010920,2021-06-22 15:06:16+02,2021-06-22 15:06:16+02
EGAX00002471971,Whole genome sequencing,,,,,ILLUMINA,Illumina HiSeq 2500,PAIRED,WGS,GENOMIC,unspecified,,EGAS00001005340,EGA00002010921,2021-06-22 15:06:20+02,2021-06-22 15:06:20+02
EGAX00002471972,Whole genome sequencing,,,,,ILLUMINA,Illumina HiSeq 2500,PAIRED,WGS,GENOMIC,unspecified,,EGAS00001005340,EGA00002010922,2021-06-22 15:06:24+02,2021-06-22 15:06:24+02
EGAX00002471973,Whole genome sequencing,,,,,ILLUMINA,Illumina HiSeq 2500,PAIRED,WGS,GENOMIC,unspecified,,EGAS00001005340,EGA00002010923,2021-06-22 15:06:28+02,2021-06-22 15:06:28+02
EGAX00002471974,Whole genome sequencing,,,,,ILLUMINA,Illumina HiSeq 2500,PAIRED,WGS,GENOMIC,unspecified,,EGAS00001005340,EGA00002010924,2021-06-22 15:06:32+02,2021-06-22 15:06:32+02
EGAX00002471975,Whole genome sequencing,,,,,ILLUMINA,Illumina HiSeq 2500,PAIRED,WGS,GENOMIC,unspecified,,EGAS00001005340,EGA00002010925,2021-06-22 15:06:36+02,2021-06-22 15:06:36+02
EGAX00002471976,Whole genome sequencing,,,,,ILLUMINA,Illumina HiSeq 2500,PAIRED,WGS,GENOMIC,unspecified,,EGAS00001005340,EGA00002010926,2021-06-22 15:06:40+02,2021-06-22 15:06:40+02
EGAX00002471977,Whole genome sequencing,,,,,ILLUMINA,Illumina HiSeq 2500,PAIRED,WGS,GENOMIC,unspecified,,EGAS00001005340,EGA00002010927,2021-06-22 15:06:44+02,2021-06-22 15:06:44+02
EGAX00002471978,Whole genome sequencing,,,,,ILLUMINA,Illumina HiSeq 2500,PAIRED,WGS,GENOMIC,unspecified,,EGAS00001005340,EGA00002010928,2021-06-22 15:06:47+02,2021-06-22 15:06:47+02
EGAX00002471979,Whole genome sequencing,,,,,ILLUMINA,Illumina HiSeq 2500,PAIRED,WGS,GENOMIC,unspecified,,EGAS00001005340,EGA00002010929,2021-06-22 15:06:51+02,2021-06-22 15:06:51+02
EGAX00002471980,Whole genome sequencing,,,,,ILLUMINA,Illumina HiSeq 2500,PAIRED,WGS,GENOMIC,unspecified,,EGAS00001005340,EGA00002010930,2021-06-22 15:06:55+02,2021-06-22 15:06:55+02
EGAX00002471981,Whole genome sequencing,,,,,ILLUMINA,Illumina HiSeq 2500,PAIRED,WGS,GENOMIC,unspecified,,EGAS00001005340,EGA00002010931,2021-06-22 15:06:59+02,2021-06-22 15:06:59+02
EGAX00002471982,Whole genome sequencing,,,,,ILLUMINA,Illumina HiSeq 2500,PAIRED,WGS,GENOMIC,unspecified,,EGAS00001005340,EGA00002010932,2021-06-22 15:07:03+02,2021-06-22 15:07:03+02
EGAX00002471983,Whole genome sequencing,,,,,ILLUMINA,Illumina HiSeq 2500,PAIRED,WGS,GENOMIC,unspecified,,EGAS00001005340,EGA00002010933,2021-06-22 15:07:06+02,2021-06-22 15:07:06+02
EGAX00002471984,Whole genome sequencing,,,,,ILLUMINA,Illumina HiSeq 2500,PAIRED,WGS,GENOMIC,unspecified,,EGAS00001005340,EGA00002010934,2021-06-22 15:07:10+02,2021-06-22 15:07:10+02
EGAX00002471985,Whole genome sequencing,,,,,ILLUMINA,Illumina HiSeq 2500,PAIRED,WGS,GENOMIC,unspecified,,EGAS00001005340,EGA00002010935,2021-06-22 15:07:14+02,2021-06-22 15:07:14+02
EGAX00002471986,Whole genome sequencing,,,,,ILLUMINA,Illumina HiSeq 2500,PAIRED,WGS,GENOMIC,unspecified,,EGAS00001005340,EGA00002010936,2021-06-22 15:07:18+02,2021-06-22 15:07:18+02
EGAX00002471987,Whole genome sequencing,,,,,ILLUMINA,Illumina HiSeq 2500,PAIRED,WGS,GENOMIC,unspecified,,EGAS00001005340,EGA00002010937,2021-06-22 15:07:22+02,2021-06-22 15:07:22+02
EGAX00002471988,Whole genome sequencing,,,,,ILLUMINA,Illumina HiSeq 2500,PAIRED,WGS,GENOMIC,unspecified,,EGAS00001005340,EGA00002010938,2021-06-22 15:07:26+02,2021-06-22 15:07:26+02
EGAX00002471989,Whole genome sequencing,,,,,ILLUMINA,Illumina HiSeq 2500,PAIRED,WGS,GENOMIC,unspecified,,EGAS00001005340,EGA00002010939,2021-06-22 15:07:30+02,2021-06-22 15:07:30+02
EGAX00002471990,Whole genome sequencing,,,,,ILLUMINA,Illumina HiSeq 2500,PAIRED,WGS,GENOMIC,unspecified,,EGAS00001005340,EGA00002010940,2021-06-22 15:07:34+02,2021-06-22 15:07:34+02
EGAX00002471991,Whole genome sequencing,,,,,ILLUMINA,Illumina HiSeq 2500,PAIRED,WGS,GENOMIC,unspecified,,EGAS00001005340,EGA00002010941,2021-06-22 15:07:38+02,2021-06-22 15:07:38+02
EGAX00002471992,Whole genome sequencing,,,,,ILLUMINA,Illumina HiSeq 2500,PAIRED,WGS,GENOMIC,unspecified,,EGAS00001005340,EGA00002010942,2021-06-22 15:07:42+02,2021-06-22 15:07:42+02
EGAX00002471993,Whole genome sequencing,,,,,ILLUMINA,Illumina HiSeq 2500,PAIRED,WGS,GENOMIC,unspecified,,EGAS00001005340,EGA00002010943,2021-06-22 15:07:45+02,2021-06-22 15:07:45+02
EGAX00002471994,Whole genome sequencing,,,,,ILLUMINA,Illumina HiSeq 2500,PAIRED,WGS,GENOMIC,unspecified,,EGAS00001005340,EGA00002010944,2021-06-22 15:07:49+02,2021-06-22 15:07:49+02
EGAX00002471995,Whole genome sequencing,,,,,ILLUMINA,Illumina HiSeq 2500,PAIRED,WGS,GENOMIC,unspecified,,EGAS00001005340,EGA00002010945,2021-06-22 15:07:53+02,2021-06-22 15:07:53+02
EGAX00002471996,Whole genome sequencing,,,,,ILLUMINA,Illumina HiSeq 2500,PAIRED,WGS,GENOMIC,unspecified,,EGAS00001005340,EGA00002010946,2021-06-22 15:07:57+02,2021-06-22 15:07:57+02
EGAX00002471997,Whole genome sequencing,,,,,ILLUMINA,Illumina HiSeq 2500,PAIRED,WGS,GENOMIC,unspecified,,EGAS00001005340,EGA00002010947,2021-06-22 15:08:01+02,2021-06-22 15:08:01+02
EGAX00002471998,Whole genome sequencing,,,,,ILLUMINA,Illumina HiSeq 2500,PAIRED,WGS,GENOMIC,unspecified,,EGAS00001005340,EGA00002010948,2021-06-22 15:08:04+02,2021-06-22 15:08:04+02
EGAX00002471999,Whole genome sequencing,,,,,ILLUMINA,Illumina HiSeq 2500,PAIRED,WGS,GENOMIC,unspecified,,EGAS00001005340,EGA00002010949,2021-06-22 15:08:08+02,2021-06-22 15:08:08+02
EGAX00002472000,Whole genome sequencing,,,,,ILLUMINA,Illumina HiSeq 2500,PAIRED,WGS,GENOMIC,unspecified,,EGAS00001005340,EGA00002010950,2021-06-22 15:08:12+02,2021-06-22 15:08:12+02
EGAX00002472001,Whole genome sequencing,,,,,ILLUMINA,Illumina HiSeq 2500,PAIRED,WGS,GENOMIC,unspecified,,EGAS00001005340,EGA00002010951,2021-06-22 15:08:16+02,2021-06-22 15:08:16+02
EGAX00002472002,Whole genome sequencing,,,,,ILLUMINA,Illumina HiSeq 2500,PAIRED,WGS,GENOMIC,unspecified,,EGAS00001005340,EGA00002010952,2021-06-22 15:08:20+02,2021-06-22 15:08:20+02
EGAX00002472003,Whole genome sequencing,,,,,ILLUMINA,Illumina HiSeq 2500,PAIRED,WGS,GENOMIC,unspecified,,EGAS00001005340,EGA00002010953,2021-06-22 15:08:24+02,2021-06-22 15:08:24+02
EGAX00002472004,Whole genome sequencing,,,,,ILLUMINA,Illumina HiSeq 2500,PAIRED,WGS,GENOMIC,unspecified,,EGAS00001005340,EGA00002010954,2021-06-22 15:08:27+02,2021-06-22 15:08:27+02
EGAX00002472005,Whole genome sequencing,,,,,ILLUMINA,Illumina HiSeq 2500,PAIRED,WGS,GENOMIC,unspecified,,EGAS00001005340,EGA00002010955,2021-06-22 15:08:31+02,2021-06-22 15:08:31+02
EGAX00002472006,Whole genome sequencing,,,,,ILLUMINA,Illumina HiSeq 2500,PAIRED,WGS,GENOMIC,unspecified,,EGAS00001005340,EGA00002010956,2021-06-22 15:08:35+02,2021-06-22 15:08:35+02
EGAX00002472007,Whole genome sequencing,,,,,ILLUMINA,Illumina HiSeq 2500,PAIRED,WGS,GENOMIC,unspecified,,EGAS00001005340,EGA00002010957,2021-06-22 15:08:39+02,2021-06-22 15:08:39+02
EGAX00002472008,Whole genome sequencing,,,,,ILLUMINA,Illumina HiSeq 2500,PAIRED,WGS,GENOMIC,unspecified,,EGAS00001005340,EGA00002010958,2021-06-22 15:08:43+02,2021-06-22 15:08:43+02
EGAX00002472009,Whole genome sequencing,,,,,ILLUMINA,Illumina HiSeq 2500,PAIRED,WGS,GENOMIC,unspecified,,EGAS00001005340,EGA00002010959,2021-06-22 15:08:47+02,2021-06-22 15:08:47+02
EGAX00002472010,Whole genome sequencing,,,,,ILLUMINA,Illumina HiSeq 2500,PAIRED,WGS,GENOMIC,unspecified,,EGAS00001005340,EGA00002010960,2021-06-22 15:08:51+02,2021-06-22 15:08:51+02
EGAX00002472011,Whole genome sequencing,,,,,ILLUMINA,Illumina HiSeq 2500,PAIRED,WGS,GENOMIC,unspecified,,EGAS00001005340,EGA00002010961,2021-06-22 15:08:55+02,2021-06-22 15:08:55+02
EGAX00002472012,Whole genome sequencing,,,,,ILLUMINA,Illumina HiSeq 2500,PAIRED,WGS,GENOMIC,unspecified,,EGAS00001005340,EGA00002010962,2021-06-22 15:08:58+02,2021-06-22 15:08:58+02
EGAX00002472013,Whole genome sequencing,,,,,ILLUMINA,Illumina HiSeq 2500,PAIRED,WGS,GENOMIC,unspecified,,EGAS00001005340,EGA00002010963,2021-06-22 15:09:02+02,2021-06-22 15:09:02+02
EGAX00002472014,Whole genome sequencing,,,,,ILLUMINA,Illumina HiSeq 2500,PAIRED,WGS,GENOMIC,unspecified,,EGAS00001005340,EGA00002010964,2021-06-22 15:09:06+02,2021-06-22 15:09:06+02
EGAX00002472015,Whole genome sequencing,,,,,ILLUMINA,Illumina HiSeq 2500,PAIRED,WGS,GENOMIC,unspecified,,EGAS00001005340,EGA00002010965,2021-06-22 15:09:10+02,2021-06-22 15:09:10+02
EGAX00002472016,Whole genome sequencing,,,,,ILLUMINA,Illumina HiSeq 2500,PAIRED,WGS,GENOMIC,unspecified,,EGAS00001005340,EGA00002010966,2021-06-22 15:09:14+02,2021-06-22 15:09:14+02
EGAX00002472017,Whole genome sequencing,,,,,ILLUMINA,Illumina HiSeq 2500,PAIRED,WGS,GENOMIC,unspecified,,EGAS00001005340,EGA00002010967,2021-06-22 15:09:18+02,2021-06-22 15:09:18+02
EGAX00002472018,Whole genome sequencing,,,,,ILLUMINA,Illumina HiSeq 2500,PAIRED,WGS,GENOMIC,unspecified,,EGAS00001005340,EGA00002010968,2021-06-22 15:09:22+02,2021-06-22 15:09:22+02
EGAX00002472019,Whole genome sequencing,,,,,ILLUMINA,Illumina HiSeq 2500,PAIRED,WGS,GENOMIC,unspecified,,EGAS00001005340,EGA00002010969,2021-06-22 15:09:26+02,2021-06-22 15:09:26+02
EGAX00002472020,Whole genome sequencing,,,,,ILLUMINA,Illumina HiSeq 2500,PAIRED,WGS,GENOMIC,unspecified,,EGAS00001005340,EGA00002010970,2021-06-22 15:09:29+02,2021-06-22 15:09:29+02
EGAX00002472021,Whole genome sequencing,,,,,ILLUMINA,Illumina HiSeq 2500,PAIRED,WGS,GENOMIC,unspecified,,EGAS00001005340,EGA00002010971,2021-06-22 15:09:33+02,2021-06-22 15:09:33+02
EGAX00002472022,Whole genome sequencing,,,,,ILLUMINA,Illumina HiSeq 2500,PAIRED,WGS,GENOMIC,unspecified,,EGAS00001005340,EGA00002010972,2021-06-22 15:09:37+02,2021-06-22 15:09:37+02
EGAX00002472023,Whole genome sequencing,,,,,ILLUMINA,Illumina HiSeq 2500,PAIRED,WGS,GENOMIC,unspecified,,EGAS00001005340,EGA00002010973,2021-06-22 15:09:41+02,2021-06-22 15:09:41+02
EGAX00002472024,Whole genome sequencing,,,,,ILLUMINA,Illumina HiSeq 2500,PAIRED,WGS,GENOMIC,unspecified,,EGAS00001005340,EGA00002010974,2021-06-22 15:09:45+02,2021-06-22 15:09:45+02
EGAX00002472025,Whole genome sequencing,,,,,ILLUMINA,Illumina HiSeq 2500,PAIRED,WGS,GENOMIC,unspecified,,EGAS00001005340,EGA00002010975,2021-06-22 15:09:49+02,2021-06-22 15:09:49+02
EGAX00002472026,Whole genome sequencing,,,,,ILLUMINA,Illumina HiSeq 2500,PAIRED,WGS,GENOMIC,unspecified,,EGAS00001005340,EGA00002010976,2021-06-22 15:09:53+02,2021-06-22 15:09:53+02
EGAX00002472027,Whole genome sequencing,,,,,ILLUMINA,Illumina HiSeq 2500,PAIRED,WGS,GENOMIC,unspecified,,EGAS00001005340,EGA00002010977,2021-06-22 15:09:56+02,2021-06-22 15:09:56+02
EGAX00002472028,Whole genome sequencing,,,,,ILLUMINA,Illumina HiSeq 2500,PAIRED,WGS,GENOMIC,unspecified,,EGAS00001005340,EGA00002010978,2021-06-22 15:10:00+02,2021-06-22 15:10:00+02
EGAX00002472029,Whole genome sequencing,,,,,ILLUMINA,Illumina HiSeq 2500,PAIRED,WGS,GENOMIC,unspecified,,EGAS00001005340,EGA00002010979,2021-06-22 15:10:04+02,2021-06-22 15:10:04+02
EGAX00002472030,Whole genome sequencing,,,,,ILLUMINA,Illumina HiSeq 2500,PAIRED,WGS,GENOMIC,unspecified,,EGAS00001005340,EGA00002010980,2021-06-22 15:10:08+02,2021-06-22 15:10:08+02
EGAX00002472031,Whole genome sequencing,,,,,ILLUMINA,Illumina HiSeq 2500,PAIRED,WGS,GENOMIC,unspecified,,EGAS00001005340,EGA00002010981,2021-06-22 15:10:12+02,2021-06-22 15:10:12+02
EGAX00002472032,Whole genome sequencing,,,,,ILLUMINA,Illumina HiSeq 2500,PAIRED,WGS,GENOMIC,unspecified,,EGAS00001005340,EGA00002010982,2021-06-22 15:10:16+02,2021-06-22 15:10:16+02
EGAX00002472033,Whole genome sequencing,,,,,ILLUMINA,Illumina HiSeq 2500,PAIRED,WGS,GENOMIC,unspecified,,EGAS00001005340,EGA00002010983,2021-06-22 15:10:20+02,2021-06-22 15:10:20+02
EGAX00002472034,Whole genome sequencing,,,,,ILLUMINA,Illumina HiSeq 2500,PAIRED,WGS,GENOMIC,unspecified,,EGAS00001005340,EGA00002010984,2021-06-22 15:10:24+02,2021-06-22 15:10:24+02
EGAX00002472035,Whole genome sequencing,,,,,ILLUMINA,Illumina HiSeq 2500,PAIRED,WGS,GENOMIC,unspecified,,EGAS00001005340,EGA00002010985,2021-06-22 15:10:28+02,2021-06-22 15:10:28+02
EGAX00002472036,Whole genome sequencing,,,,,ILLUMINA,Illumina HiSeq 2500,PAIRED,WGS,GENOMIC,unspecified,,EGAS00001005340,EGA00002010986,2021-06-22 15:10:32+02,2021-06-22 15:10:32+02
EGAX00002472037,Whole genome sequencing,,,,,ILLUMINA,Illumina HiSeq 2500,PAIRED,WGS,GENOMIC,unspecified,,EGAS00001005340,EGA00002010987,2021-06-22 15:10:35+02,2021-06-22 15:10:35+02
EGAX00002472038,Whole genome sequencing,,,,,ILLUMINA,Illumina HiSeq 2500,PAIRED,WGS,GENOMIC,unspecified,,EGAS00001005340,EGA00002010988,2021-06-22 15:10:39+02,2021-06-22 15:10:39+02
EGAX00002472039,Whole genome sequencing,,,,,ILLUMINA,Illumina HiSeq 2500,PAIRED,WGS,GENOMIC,unspecified,,EGAS00001005340,EGA00002010989,2021-06-22 15:10:43+02,2021-06-22 15:10:43+02
EGAX00002472040,Whole genome sequencing,,,,,ILLUMINA,Illumina HiSeq 2500,PAIRED,WGS,GENOMIC,unspecified,,EGAS00001005340,EGA00002010990,2021-06-22 15:10:46+02,2021-06-22 15:10:46+02
EGAX00002472041,Whole genome sequencing,,,,,ILLUMINA,Illumina HiSeq 2500,PAIRED,WGS,GENOMIC,unspecified,,EGAS00001005340,EGA00002010991,2021-06-22 15:10:50+02,2021-06-22 15:10:50+02
EGAX00002472042,Whole genome sequencing,,,,,ILLUMINA,Illumina HiSeq 2500,PAIRED,WGS,GENOMIC,unspecified,,EGAS00001005340,EGA00002010992,2021-06-22 15:10:54+02,2021-06-22 15:10:54+02
EGAX00002472043,Whole genome sequencing,,,,,ILLUMINA,Illumina HiSeq 2500,PAIRED,WGS,GENOMIC,unspecified,,EGAS00001005340,EGA00002010993,2021-06-22 15:10:58+02,2021-06-22 15:10:58+02
EGAX00002472044,Whole genome sequencing,,,,,ILLUMINA,Illumina HiSeq 2500,PAIRED,WGS,GENOMIC,unspecified,,EGAS00001005340,EGA00002010994,2021-06-22 15:11:02+02,2021-06-22 15:11:02+02
EGAX00002472045,Whole genome sequencing,,,,,ILLUMINA,Illumina HiSeq 2500,PAIRED,WGS,GENOMIC,unspecified,,EGAS00001005340,EGA00002010995,2021-06-22 15:11:06+02,2021-06-22 15:11:06+02
EGAX00002472046,Whole genome sequencing,,,,,ILLUMINA,Illumina HiSeq 2500,PAIRED,WGS,GENOMIC,unspecified,,EGAS00001005340,EGA00002010996,2021-06-22 15:11:09+02,2021-06-22 15:11:09+02
EGAX00002472047,Whole genome sequencing,,,,,ILLUMINA,Illumina HiSeq 2500,PAIRED,WGS,GENOMIC,unspecified,,EGAS00001005340,EGA00002010997,2021-06-22 15:11:13+02,2021-06-22 15:11:13+02
EGAX00002472048,Whole genome sequencing,,,,,ILLUMINA,Illumina HiSeq 2500,PAIRED,WGS,GENOMIC,unspecified,,EGAS00001005340,EGA00002010998,2021-06-22 15:11:17+02,2021-06-22 15:11:17+02
EGAX00002472049,Whole genome sequencing,,,,,ILLUMINA,Illumina HiSeq 2500,PAIRED,WGS,GENOMIC,unspecified,,EGAS00001005340,EGA00002010999,2021-06-22 15:11:21+02,2021-06-22 15:11:21+02
EGAX00002472050,Whole genome sequencing,,,,,ILLUMINA,Illumina HiSeq 2500,PAIRED,WGS,GENOMIC,unspecified,,EGAS00001005340,EGA00002011000,2021-06-22 15:11:25+02,2021-06-22 15:11:25+02
EGAX00002472051,Whole genome sequencing,,,,,ILLUMINA,Illumina HiSeq 2500,PAIRED,WGS,GENOMIC,unspecified,,EGAS00001005340,EGA00002011001,2021-06-22 15:11:29+02,2021-06-22 15:11:29+02
EGAX00002472052,Whole genome sequencing,,,,,ILLUMINA,Illumina HiSeq 2500,PAIRED,WGS,GENOMIC,unspecified,,EGAS00001005340,EGA00002011002,2021-06-22 15:11:32+02,2021-06-22 15:11:32+02
EGAX00002472053,Whole genome sequencing,,,,,ILLUMINA,Illumina HiSeq 2500,PAIRED,WGS,GENOMIC,unspecified,,EGAS00001005340,EGA00002011003,2021-06-22 15:11:37+02,2021-06-22 15:11:37+02
EGAX00002472054,Whole genome sequencing,,,,,ILLUMINA,Illumina HiSeq 2500,PAIRED,WGS,GENOMIC,unspecified,,EGAS00001005340,EGA00002011004,2021-06-22 15:11:41+02,2021-06-22 15:11:41+02
EGAX00002472055,Whole genome sequencing,,,,,ILLUMINA,Illumina HiSeq 2500,PAIRED,WGS,GENOMIC,unspecified,,EGAS00001005340,EGA00002011005,2021-06-22 15:11:44+02,2021-06-22 15:11:44+02
EGAX00002472056,Whole genome sequencing,,,,,ILLUMINA,Illumina HiSeq 2500,PAIRED,WGS,GENOMIC,unspecified,,EGAS00001005340,EGA00002011006,2021-06-22 15:11:48+02,2021-06-22 15:11:48+02
EGAX00002472057,Whole genome sequencing,,,,,ILLUMINA,Illumina HiSeq 2500,PAIRED,WGS,GENOMIC,unspecified,,EGAS00001005340,EGA00002011007,2021-06-22 15:11:52+02,2021-06-22 15:11:52+02
EGAX00002472058,Whole genome sequencing,,,,,ILLUMINA,Illumina HiSeq 2500,PAIRED,WGS,GENOMIC,unspecified,,EGAS00001005340,EGA00002011008,2021-06-22 15:11:56+02,2021-06-22 15:11:56+02
EGAX00002472059,Whole genome sequencing,,,,,ILLUMINA,Illumina HiSeq 2500,PAIRED,WGS,GENOMIC,unspecified,,EGAS00001005340,EGA00002011009,2021-06-22 15:11:59+02,2021-06-22 15:11:59+02
EGAX00002472060,Whole genome sequencing,,,,,ILLUMINA,Illumina HiSeq 2500,PAIRED,WGS,GENOMIC,unspecified,,EGAS00001005340,EGA00002011010,2021-06-22 15:12:03+02,2021-06-22 15:12:03+02
EGAX00002472061,Whole genome sequencing,,,,,ILLUMINA,Illumina HiSeq 2500,PAIRED,WGS,GENOMIC,unspecified,,EGAS00001005340,EGA00002011011,2021-06-22 15:12:07+02,2021-06-22 15:12:07+02
EGAX00002472062,Whole genome sequencing,,,,,ILLUMINA,Illumina HiSeq 2500,PAIRED,WGS,GENOMIC,unspecified,,EGAS00001005340,EGA00002011012,2021-06-22 15:12:11+02,2021-06-22 15:12:11+02
EGAX00002472063,Whole genome sequencing,,,,,ILLUMINA,Illumina HiSeq 2500,PAIRED,WGS,GENOMIC,unspecified,,EGAS00001005340,EGA00002011013,2021-06-22 15:12:14+02,2021-06-22 15:12:14+02
EGAX00002472064,Whole genome sequencing,,,,,ILLUMINA,Illumina HiSeq 2500,PAIRED,WGS,GENOMIC,unspecified,,EGAS00001005340,EGA00002011014,2021-06-22 15:12:18+02,2021-06-22 15:12:18+02
EGAX00002472065,Whole genome sequencing,,,,,ILLUMINA,Illumina HiSeq 2500,PAIRED,WGS,GENOMIC,unspecified,,EGAS00001005340,EGA00002011015,2021-06-22 15:12:22+02,2021-06-22 15:12:22+02
EGAX00002472066,Whole genome sequencing,,,,,ILLUMINA,Illumina HiSeq 2500,PAIRED,WGS,GENOMIC,unspecified,,EGAS00001005340,EGA00002011016,2021-06-22 15:12:26+02,2021-06-22 15:12:26+02
EGAX00002472067,Whole genome sequencing,,,,,ILLUMINA,Illumina HiSeq 2500,PAIRED,WGS,GENOMIC,unspecified,,EGAS00001005340,EGA00002011017,2021-06-22 15:12:29+02,2021-06-22 15:12:29+02
EGAX00002472068,Whole genome sequencing,,,,,ILLUMINA,Illumina HiSeq 2500,PAIRED,WGS,GENOMIC,unspecified,,EGAS00001005340,EGA00002011018,2021-06-22 15:12:33+02,2021-06-22 15:12:33+02
EGAX00002472069,Whole genome sequencing,,,,,ILLUMINA,Illumina HiSeq 2500,PAIRED,WGS,GENOMIC,unspecified,,EGAS00001005340,EGA00002011019,2021-06-22 15:12:37+02,2021-06-22 15:12:37+02
EGAX00002472070,Whole genome sequencing,,,,,ILLUMINA,Illumina HiSeq 2500,PAIRED,WGS,GENOMIC,unspecified,,EGAS00001005340,EGA00002011020,2021-06-22 15:12:41+02,2021-06-22 15:12:41+02
EGAX00002472071,Whole genome sequencing,,,,,ILLUMINA,Illumina HiSeq 2500,PAIRED,WGS,GENOMIC,unspecified,,EGAS00001005340,EGA00002011021,2021-06-22 15:12:45+02,2021-06-22 15:12:45+02
EGAX00002472072,Whole genome sequencing,,,,,ILLUMINA,Illumina HiSeq 2500,PAIRED,WGS,GENOMIC,unspecified,,EGAS00001005340,EGA00002011022,2021-06-22 15:12:49+02,2021-06-22 15:12:49+02
EGAX00002472073,Whole genome sequencing,,,,,ILLUMINA,Illumina HiSeq 2500,PAIRED,WGS,GENOMIC,unspecified,,EGAS00001005340,EGA00002011023,2021-06-22 15:12:53+02,2021-06-22 15:12:53+02
EGAX00002472074,Whole genome sequencing,,,,,ILLUMINA,Illumina HiSeq 2500,PAIRED,WGS,GENOMIC,unspecified,,EGAS00001005340,EGA00002011024,2021-06-22 15:12:56+02,2021-06-22 15:12:56+02
EGAX00002472075,Whole genome sequencing,,,,,ILLUMINA,Illumina HiSeq 2500,PAIRED,WGS,GENOMIC,unspecified,,EGAS00001005340,EGA00002011025,2021-06-22 15:13:00+02,2021-06-22 15:13:00+02
EGAX00002472076,Whole genome sequencing,,,,,ILLUMINA,Illumina HiSeq 2500,PAIRED,WGS,GENOMIC,unspecified,,EGAS00001005340,EGA00002011026,2021-06-22 15:13:04+02,2021-06-22 15:13:04+02
EGAX00002472077,Whole genome sequencing,,,,,ILLUMINA,Illumina HiSeq 2500,PAIRED,WGS,GENOMIC,unspecified,,EGAS00001005340,EGA00002011027,2021-06-22 15:13:08+02,2021-06-22 15:13:08+02
EGAX00002472078,Whole genome sequencing,,,,,ILLUMINA,Illumina HiSeq 2500,PAIRED,WGS,GENOMIC,unspecified,,EGAS00001005340,EGA00002011028,2021-06-22 15:13:12+02,2021-06-22 15:13:12+02
EGAX00002472079,Whole genome sequencing,,,,,ILLUMINA,Illumina HiSeq 2500,PAIRED,WGS,GENOMIC,unspecified,,EGAS00001005340,EGA00002011029,2021-06-22 15:13:15+02,2021-06-22 15:13:15+02
EGAX00002472080,Whole genome sequencing,,,,,ILLUMINA,Illumina HiSeq 2500,PAIRED,WGS,GENOMIC,unspecified,,EGAS00001005340,EGA00002011030,2021-06-22 15:13:19+02,2021-06-22 15:13:19+02
EGAX00002472081,Whole genome sequencing,,,,,ILLUMINA,Illumina HiSeq 2500,PAIRED,WGS,GENOMIC,unspecified,,EGAS00001005340,EGA00002011031,2021-06-22 15:13:23+02,2021-06-22 15:13:23+02
EGAX00002472082,Whole genome sequencing,,,,,ILLUMINA,Illumina HiSeq 2500,PAIRED,WGS,GENOMIC,unspecified,,EGAS00001005340,EGA00002011032,2021-06-22 15:13:27+02,2021-06-22 15:13:27+02
EGAX00002472083,Whole genome sequencing,,,,,ILLUMINA,Illumina HiSeq 2500,PAIRED,WGS,GENOMIC,unspecified,,EGAS00001005340,EGA00002011033,2021-06-22 15:13:31+02,2021-06-22 15:13:31+02
EGAX00002472084,Whole genome sequencing,,,,,ILLUMINA,Illumina HiSeq 2500,PAIRED,WGS,GENOMIC,unspecified,,EGAS00001005340,EGA00002011034,2021-06-22 15:13:34+02,2021-06-22 15:13:34+02
EGAX00002472085,Whole genome sequencing,,,,,ILLUMINA,Illumina HiSeq 2500,PAIRED,WGS,GENOMIC,unspecified,,EGAS00001005340,EGA00002011035,2021-06-22 15:13:38+02,2021-06-22 15:13:38+02
EGAX00002472086,Whole genome sequencing,,,,,ILLUMINA,Illumina HiSeq 2500,PAIRED,WGS,GENOMIC,unspecified,,EGAS00001005340,EGA00002011036,2021-06-22 15:13:42+02,2021-06-22 15:13:42+02
EGAX00002472087,Whole genome sequencing,,,,,ILLUMINA,Illumina HiSeq 2500,PAIRED,WGS,GENOMIC,unspecified,,EGAS00001005340,EGA00002011037,2021-06-22 15:13:46+02,2021-06-22 15:13:46+02
EGAX00002472088,Whole genome sequencing,,,,,ILLUMINA,Illumina HiSeq 2500,PAIRED,WGS,GENOMIC,unspecified,,EGAS00001005340,EGA00002011038,2021-06-22 15:13:49+02,2021-06-22 15:13:49+02
EGAX00002472089,Whole genome sequencing,,,,,ILLUMINA,Illumina HiSeq 2500,PAIRED,WGS,GENOMIC,unspecified,,EGAS00001005340,EGA00002011039,2021-06-22 15:13:53+02,2021-06-22 15:13:53+02
EGAX00002472090,Whole genome sequencing,,,,,ILLUMINA,Illumina HiSeq 2500,PAIRED,WGS,GENOMIC,unspecified,,EGAS00001005340,EGA00002011040,2021-06-22 15:13:57+02,2021-06-22 15:13:57+02
EGAX00002472091,Whole genome sequencing,,,,,ILLUMINA,Illumina HiSeq 2500,PAIRED,WGS,GENOMIC,unspecified,,EGAS00001005340,EGA00002011041,2021-06-22 15:14:01+02,2021-06-22 15:14:01+02
EGAX00002472092,Whole genome sequencing,,,,,ILLUMINA,Illumina HiSeq 2500,PAIRED,WGS,GENOMIC,unspecified,,EGAS00001005340,EGA00002011042,2021-06-22 15:14:05+02,2021-06-22 15:14:05+02
EGAX00002472093,Whole genome sequencing,,,,,ILLUMINA,Illumina HiSeq 2500,PAIRED,WGS,GENOMIC,unspecified,,EGAS00001005340,EGA00002011043,2021-06-22 15:14:08+02,2021-06-22 15:14:08+02
EGAX00002472094,Whole genome sequencing,,,,,ILLUMINA,Illumina HiSeq 2500,PAIRED,WGS,GENOMIC,unspecified,,EGAS00001005340,EGA00002011044,2021-06-22 15:14:12+02,2021-06-22 15:14:12+02
EGAX00002472095,Whole genome sequencing,,,,,ILLUMINA,Illumina HiSeq 2500,PAIRED,WGS,GENOMIC,unspecified,,EGAS00001005340,EGA00002011045,2021-06-22 15:14:16+02,2021-06-22 15:14:16+02
EGAX00002472096,Whole genome sequencing,,,,,ILLUMINA,Illumina HiSeq 2500,PAIRED,WGS,GENOMIC,unspecified,,EGAS00001005340,EGA00002011046,2021-06-22 15:14:20+02,2021-06-22 15:14:20+02
EGAX00002472097,Whole genome sequencing,,,,,ILLUMINA,Illumina HiSeq 2500,PAIRED,WGS,GENOMIC,unspecified,,EGAS00001005340,EGA00002011047,2021-06-22 15:14:24+02,2021-06-22 15:14:24+02
EGAX00002472098,Whole genome sequencing,,,,,ILLUMINA,Illumina HiSeq 2500,PAIRED,WGS,GENOMIC,unspecified,,EGAS00001005340,EGA00002011048,2021-06-22 15:14:27+02,2021-06-22 15:14:27+02
EGAX00002472099,Whole genome sequencing,,,,,ILLUMINA,Illumina HiSeq 2500,PAIRED,WGS,GENOMIC,unspecified,,EGAS00001005340,EGA00002011049,2021-06-22 15:14:31+02,2021-06-22 15:14:31+02
EGAX00002472100,Whole genome sequencing,,,,,ILLUMINA,Illumina HiSeq 2500,PAIRED,WGS,GENOMIC,unspecified,,EGAS00001005340,EGA00002011050,2021-06-22 15:14:35+02,2021-06-22 15:14:35+02
EGAX00002472101,Whole genome sequencing,,,,,ILLUMINA,Illumina HiSeq 2500,PAIRED,WGS,GENOMIC,unspecified,,EGAS00001005340,EGA00002011051,2021-06-22 15:14:39+02,2021-06-22 15:14:39+02
EGAX00002472102,Whole genome sequencing,,,,,ILLUMINA,Illumina HiSeq 2500,PAIRED,WGS,GENOMIC,unspecified,,EGAS00001005340,EGA00002011052,2021-06-22 15:14:43+02,2021-06-22 15:14:43+02
EGAX00002472103,Whole genome sequencing,,,,,ILLUMINA,Illumina HiSeq 2500,PAIRED,WGS,GENOMIC,unspecified,,EGAS00001005340,EGA00002011053,2021-06-22 15:14:46+02,2021-06-22 15:14:46+02
EGAX00002472104,Whole genome sequencing,,,,,ILLUMINA,Illumina HiSeq 2500,PAIRED,WGS,GENOMIC,unspecified,,EGAS00001005340,EGA00002011054,2021-06-22 15:14:50+02,2021-06-22 15:14:50+02
EGAX00002472105,Whole genome sequencing,,,,,ILLUMINA,Illumina HiSeq 2500,PAIRED,WGS,GENOMIC,unspecified,,EGAS00001005340,EGA00002011055,2021-06-22 15:14:54+02,2021-06-22 15:14:54+02
EGAX00002472106,Whole genome sequencing,,,,,ILLUMINA,Illumina HiSeq 2500,PAIRED,WGS,GENOMIC,unspecified,,EGAS00001005340,EGA00002011056,2021-06-22 15:14:58+02,2021-06-22 15:14:58+02
EGAX00002472107,Whole genome sequencing,,,,,ILLUMINA,Illumina HiSeq 2500,PAIRED,WGS,GENOMIC,unspecified,,EGAS00001005340,EGA00002011057,2021-06-22 15:15:02+02,2021-06-22 15:15:02+02
EGAX00002472108,Whole genome sequencing,,,,,ILLUMINA,Illumina HiSeq 2500,PAIRED,WGS,GENOMIC,unspecified,,EGAS00001005340,EGA00002011058,2021-06-22 15:15:05+02,2021-06-22 15:15:05+02
EGAX00002472109,Whole genome sequencing,,,,,ILLUMINA,Illumina HiSeq 2500,PAIRED,WGS,GENOMIC,unspecified,,EGAS00001005340,EGA00002011059,2021-06-22 15:15:09+02,2021-06-22 15:15:09+02
EGAX00002472110,Whole genome sequencing,,,,,ILLUMINA,Illumina HiSeq 2500,PAIRED,WGS,GENOMIC,unspecified,,EGAS00001005340,EGA00002011060,2021-06-22 15:15:13+02,2021-06-22 15:15:13+02
EGAX00002472111,Whole genome sequencing,,,,,ILLUMINA,Illumina HiSeq 2500,PAIRED,WGS,GENOMIC,unspecified,,EGAS00001005340,EGA00002011061,2021-06-22 15:15:17+02,2021-06-22 15:15:17+02
EGAX00002472112,Whole genome sequencing,,,,,ILLUMINA,Illumina HiSeq 2500,PAIRED,WGS,GENOMIC,unspecified,,EGAS00001005340,EGA00002011062,2021-06-22 15:15:21+02,2021-06-22 15:15:21+02
EGAX00002472113,Whole genome sequencing,,,,,ILLUMINA,Illumina HiSeq 2500,PAIRED,WGS,GENOMIC,unspecified,,EGAS00001005340,EGA00002011063,2021-06-22 15:15:25+02,2021-06-22 15:15:25+02
EGAX00002472114,Whole genome sequencing,,,,,ILLUMINA,Illumina HiSeq 2500,PAIRED,WGS,GENOMIC,unspecified,,EGAS00001005340,EGA00002011064,2021-06-22 15:15:29+02,2021-06-22 15:15:29+02
EGAX00002472115,Whole genome sequencing,,,,,ILLUMINA,Illumina HiSeq 2500,PAIRED,WGS,GENOMIC,unspecified,,EGAS00001005340,EGA00002011065,2021-06-22 15:15:33+02,2021-06-22 15:15:33+02
EGAX00002472116,Whole genome sequencing,,,,,ILLUMINA,Illumina HiSeq 2500,PAIRED,WGS,GENOMIC,unspecified,,EGAS00001005340,EGA00002011066,2021-06-22 15:15:36+02,2021-06-22 15:15:36+02
EGAX00002472117,Whole genome sequencing,,,,,ILLUMINA,Illumina HiSeq 2500,PAIRED,WGS,GENOMIC,unspecified,,EGAS00001005340,EGA00002011067,2021-06-22 15:15:40+02,2021-06-22 15:15:40+02
EGAX00002472118,Whole genome sequencing,,,,,ILLUMINA,Illumina HiSeq 2500,PAIRED,WGS,GENOMIC,unspecified,,EGAS00001005340,EGA00002011068,2021-06-22 15:15:44+02,2021-06-22 15:15:44+02
EGAX00002472119,Whole genome sequencing,,,,,ILLUMINA,Illumina HiSeq 2500,PAIRED,WGS,GENOMIC,unspecified,,EGAS00001005340,EGA00002011069,2021-06-22 15:15:48+02,2021-06-22 15:15:48+02
EGAX00002472120,Whole genome sequencing,,,,,ILLUMINA,Illumina HiSeq 2500,PAIRED,WGS,GENOMIC,unspecified,,EGAS00001005340,EGA00002011070,2021-06-22 15:15:51+02,2021-06-22 15:15:51+02
EGAX00002472121,Whole genome sequencing,,,,,ILLUMINA,Illumina HiSeq 2500,PAIRED,WGS,GENOMIC,unspecified,,EGAS00001005340,EGA00002011071,2021-06-22 15:15:55+02,2021-06-22 15:15:55+02
EGAX00002472122,Whole genome sequencing,,,,,ILLUMINA,Illumina HiSeq 2500,PAIRED,WGS,GENOMIC,unspecified,,EGAS00001005340,EGA00002011072,2021-06-22 15:15:59+02,2021-06-22 15:15:59+02
EGAX00002472123,Whole genome sequencing,,,,,ILLUMINA,Illumina HiSeq 2500,PAIRED,WGS,GENOMIC,unspecified,,EGAS00001005340,EGA00002011073,2021-06-22 15:16:03+02,2021-06-22 15:16:03+02
EGAX00002472124,Whole genome sequencing,,,,,ILLUMINA,Illumina HiSeq 2500,PAIRED,WGS,GENOMIC,unspecified,,EGAS00001005340,EGA00002011074,2021-06-22 15:16:07+02,2021-06-22 15:16:07+02
EGAX00002472125,Whole genome sequencing,,,,,ILLUMINA,Illumina HiSeq 2500,PAIRED,WGS,GENOMIC,unspecified,,EGAS00001005340,EGA00002011075,2021-06-22 15:16:10+02,2021-06-22 15:16:10+02
EGAX00002472126,Whole genome sequencing,,,,,ILLUMINA,Illumina HiSeq 2500,PAIRED,WGS,GENOMIC,unspecified,,EGAS00001005340,EGA00002011076,2021-06-22 15:16:14+02,2021-06-22 15:16:14+02
EGAX00002472127,Whole genome sequencing,,,,,ILLUMINA,Illumina HiSeq 2500,PAIRED,WGS,GENOMIC,unspecified,,EGAS00001005340,EGA00002011077,2021-06-22 15:16:18+02,2021-06-22 15:16:18+02
EGAX00002472128,Whole genome sequencing,,,,,ILLUMINA,Illumina HiSeq 2500,PAIRED,WGS,GENOMIC,unspecified,,EGAS00001005340,EGA00002011078,2021-06-22 15:16:22+02,2021-06-22 15:16:22+02
EGAX00002472129,Whole genome sequencing,,,,,ILLUMINA,Illumina HiSeq 2500,PAIRED,WGS,GENOMIC,unspecified,,EGAS00001005340,EGA00002011079,2021-06-22 15:16:26+02,2021-06-22 15:16:26+02
EGAX00002472130,Whole genome sequencing,,,,,ILLUMINA,Illumina HiSeq 2500,PAIRED,WGS,GENOMIC,unspecified,,EGAS00001005340,EGA00002011080,2021-06-22 15:16:30+02,2021-06-22 15:16:30+02
EGAX00002472131,Whole genome sequencing,,,,,ILLUMINA,Illumina HiSeq 2500,PAIRED,WGS,GENOMIC,unspecified,,EGAS00001005340,EGA00002011081,2021-06-22 15:16:33+02,2021-06-22 15:16:33+02
EGAX00002472132,Whole genome sequencing,,,,,ILLUMINA,Illumina HiSeq 2500,PAIRED,WGS,GENOMIC,unspecified,,EGAS00001005340,EGA00002011082,2021-06-22 15:16:37+02,2021-06-22 15:16:37+02
EGAX00002472133,Whole genome sequencing,,,,,ILLUMINA,Illumina HiSeq 2500,PAIRED,WGS,GENOMIC,unspecified,,EGAS00001005340,EGA00002011083,2021-06-22 15:16:41+02,2021-06-22 15:16:41+02
EGAX00002472134,Whole genome sequencing,,,,,ILLUMINA,Illumina HiSeq 2500,PAIRED,WGS,GENOMIC,unspecified,,EGAS00001005340,EGA00002011084,2021-06-22 15:16:45+02,2021-06-22 15:16:45+02
EGAX00002472135,Whole genome sequencing,,,,,ILLUMINA,Illumina HiSeq 2500,PAIRED,WGS,GENOMIC,unspecified,,EGAS00001005340,EGA00002011085,2021-06-22 15:16:49+02,2021-06-22 15:16:49+02
EGAX00002472136,Whole genome sequencing,,,,,ILLUMINA,Illumina HiSeq 2500,PAIRED,WGS,GENOMIC,unspecified,,EGAS00001005340,EGA00002011086,2021-06-22 15:16:53+02,2021-06-22 15:16:53+02
EGAX00002472137,Whole genome sequencing,,,,,ILLUMINA,Illumina HiSeq 2500,PAIRED,WGS,GENOMIC,unspecified,,EGAS00001005340,EGA00002011087,2021-06-22 15:16:57+02,2021-06-22 15:16:57+02
EGAX00002472138,Whole genome sequencing,,,,,ILLUMINA,Illumina HiSeq 2500,PAIRED,WGS,GENOMIC,unspecified,,EGAS00001005340,EGA00002011088,2021-06-22 15:17:00+02,2021-06-22 15:17:00+02
EGAX00002472139,Whole genome sequencing,,,,,ILLUMINA,Illumina HiSeq 2500,PAIRED,WGS,GENOMIC,unspecified,,EGAS00001005340,EGA00002011089,2021-06-22 15:17:05+02,2021-06-22 15:17:05+02
EGAX00002472140,Whole genome sequencing,,,,,ILLUMINA,Illumina HiSeq 2500,PAIRED,WGS,GENOMIC,unspecified,,EGAS00001005340,EGA00002011090,2021-06-22 15:17:08+02,2021-06-22 15:17:08+02
EGAX00002472141,Whole genome sequencing,,,,,ILLUMINA,Illumina HiSeq 2500,PAIRED,WGS,GENOMIC,unspecified,,EGAS00001005340,EGA00002011091,2021-06-22 15:17:12+02,2021-06-22 15:17:12+02
EGAX00002472142,Whole genome sequencing,,,,,ILLUMINA,Illumina HiSeq 2500,PAIRED,WGS,GENOMIC,unspecified,,EGAS00001005340,EGA00002011092,2021-06-22 15:17:16+02,2021-06-22 15:17:16+02
EGAX00002472143,Whole genome sequencing,,,,,ILLUMINA,Illumina HiSeq 2500,PAIRED,WGS,GENOMIC,unspecified,,EGAS00001005340,EGA00002011093,2021-06-22 15:17:20+02,2021-06-22 15:17:20+02
EGAX00002472144,Whole genome sequencing,,,,,ILLUMINA,Illumina HiSeq 2500,PAIRED,WGS,GENOMIC,unspecified,,EGAS00001005340,EGA00002011094,2021-06-22 15:17:24+02,2021-06-22 15:17:24+02
EGAX00002472145,Whole genome sequencing,,,,,ILLUMINA,Illumina HiSeq 2500,PAIRED,WGS,GENOMIC,unspecified,,EGAS00001005340,EGA00002011095,2021-06-22 15:17:27+02,2021-06-22 15:17:27+02
EGAX00002472146,Whole genome sequencing,,,,,ILLUMINA,Illumina HiSeq 2500,PAIRED,WGS,GENOMIC,unspecified,,EGAS00001005340,EGA00002011096,2021-06-22 15:17:31+02,2021-06-22 15:17:31+02
EGAX00002472147,Whole genome sequencing,,,,,ILLUMINA,Illumina HiSeq 2500,PAIRED,WGS,GENOMIC,unspecified,,EGAS00001005340,EGA00002011097,2021-06-22 15:17:35+02,2021-06-22 15:17:35+02
EGAX00002472148,Whole genome sequencing,,,,,ILLUMINA,Illumina HiSeq 2500,PAIRED,WGS,GENOMIC,unspecified,,EGAS00001005340,EGA00002011098,2021-06-22 15:17:39+02,2021-06-22 15:17:39+02
EGAX00002472149,Whole genome sequencing,,,,,ILLUMINA,Illumina HiSeq 2500,PAIRED,WGS,GENOMIC,unspecified,,EGAS00001005340,EGA00002011099,2021-06-22 15:17:43+02,2021-06-22 15:17:43+02
EGAX00002472150,Whole genome sequencing,,,,,ILLUMINA,Illumina HiSeq 2500,PAIRED,WGS,GENOMIC,unspecified,,EGAS00001005340,EGA00002011100,2021-06-22 15:17:47+02,2021-06-22 15:17:47+02
EGAX00002472151,Whole genome sequencing,,,,,ILLUMINA,Illumina HiSeq 2500,PAIRED,WGS,GENOMIC,unspecified,,EGAS00001005340,EGA00002011101,2021-06-22 15:17:51+02,2021-06-22 15:17:51+02
EGAX00002472152,Whole genome sequencing,,,,,ILLUMINA,Illumina HiSeq 2500,PAIRED,WGS,GENOMIC,unspecified,,EGAS00001005340,EGA00002011102,2021-06-22 15:17:55+02,2021-06-22 15:17:55+02
EGAX00002472153,Whole genome sequencing,,,,,ILLUMINA,Illumina HiSeq 2500,PAIRED,WGS,GENOMIC,unspecified,,EGAS00001005340,EGA00002011103,2021-06-22 15:17:59+02,2021-06-22 15:17:59+02
EGAX00002472154,Whole genome sequencing,,,,,ILLUMINA,Illumina HiSeq 2500,PAIRED,WGS,GENOMIC,unspecified,,EGAS00001005340,EGA00002011104,2021-06-22 15:18:02+02,2021-06-22 15:18:02+02
EGAX00002472155,Whole genome sequencing,,,,,ILLUMINA,Illumina HiSeq 2500,PAIRED,WGS,GENOMIC,unspecified,,EGAS00001005340,EGA00002011105,2021-06-22 15:18:06+02,2021-06-22 15:18:06+02
EGAX00002472156,Whole genome sequencing,,,,,ILLUMINA,Illumina HiSeq 2500,PAIRED,WGS,GENOMIC,unspecified,,EGAS00001005340,EGA00002011106,2021-06-22 15:18:10+02,2021-06-22 15:18:10+02
EGAX00002472157,Whole genome sequencing,,,,,ILLUMINA,Illumina HiSeq 2500,PAIRED,WGS,GENOMIC,unspecified,,EGAS00001005340,EGA00002011107,2021-06-22 15:18:14+02,2021-06-22 15:18:14+02
EGAX00002472158,Whole genome sequencing,,,,,ILLUMINA,Illumina HiSeq 2500,PAIRED,WGS,GENOMIC,unspecified,,EGAS00001005340,EGA00002011108,2021-06-22 15:18:18+02,2021-06-22 15:18:18+02
EGAX00002472159,Whole genome sequencing,,,,,ILLUMINA,Illumina HiSeq 2500,PAIRED,WGS,GENOMIC,unspecified,,EGAS00001005340,EGA00002011109,2021-06-22 15:18:22+02,2021-06-22 15:18:22+02
EGAX00002472160,Whole genome sequencing,,,,,ILLUMINA,Illumina HiSeq 2500,PAIRED,WGS,GENOMIC,unspecified,,EGAS00001005340,EGA00002011110,2021-06-22 15:18:25+02,2021-06-22 15:18:25+02
EGAX00002472161,Whole genome sequencing,,,,,ILLUMINA,Illumina HiSeq 2500,PAIRED,WGS,GENOMIC,unspecified,,EGAS00001005340,EGA00002011111,2021-06-22 15:18:29+02,2021-06-22 15:18:29+02
EGAX00002472162,Whole genome sequencing,,,,,ILLUMINA,Illumina HiSeq 2500,PAIRED,WGS,GENOMIC,unspecified,,EGAS00001005340,EGA00002011112,2021-06-22 15:18:33+02,2021-06-22 15:18:33+02
EGAX00002472163,Whole genome sequencing,,,,,ILLUMINA,Illumina HiSeq 2500,PAIRED,WGS,GENOMIC,unspecified,,EGAS00001005340,EGA00002011113,2021-06-22 15:18:37+02,2021-06-22 15:18:37+02
EGAX00002472164,Whole genome sequencing,,,,,ILLUMINA,Illumina HiSeq 2500,PAIRED,WGS,GENOMIC,unspecified,,EGAS00001005340,EGA00002011114,2021-06-22 15:18:41+02,2021-06-22 15:18:41+02
EGAX00002472165,Whole genome sequencing,,,,,ILLUMINA,Illumina HiSeq 2500,PAIRED,WGS,GENOMIC,unspecified,,EGAS00001005340,EGA00002011115,2021-06-22 15:18:44+02,2021-06-22 15:18:44+02
EGAX00002472166,Whole genome sequencing,,,,,ILLUMINA,Illumina HiSeq 2500,PAIRED,WGS,GENOMIC,unspecified,,EGAS00001005340,EGA00002011116,2021-06-22 15:18:48+02,2021-06-22 15:18:48+02
EGAX00002472167,Whole genome sequencing,,,,,ILLUMINA,Illumina HiSeq 2500,PAIRED,WGS,GENOMIC,unspecified,,EGAS00001005340,EGA00002011117,2021-06-22 15:18:52+02,2021-06-22 15:18:52+02
EGAX00002472168,Whole genome sequencing,,,,,ILLUMINA,Illumina HiSeq 2500,PAIRED,WGS,GENOMIC,unspecified,,EGAS00001005340,EGA00002011118,2021-06-22 15:18:56+02,2021-06-22 15:18:56+02
EGAX00002472169,Whole genome sequencing,,,,,ILLUMINA,Illumina HiSeq 2500,PAIRED,WGS,GENOMIC,unspecified,,EGAS00001005340,EGA00002011119,2021-06-22 15:19:00+02,2021-06-22 15:19:00+02
EGAX00002472170,Whole genome sequencing,,,,,ILLUMINA,Illumina HiSeq 2500,PAIRED,WGS,GENOMIC,unspecified,,EGAS00001005340,EGA00002011120,2021-06-22 15:19:04+02,2021-06-22 15:19:04+02
EGAX00002472171,Whole genome sequencing,,,,,ILLUMINA,Illumina HiSeq 2500,PAIRED,WGS,GENOMIC,unspecified,,EGAS00001005340,EGA00002011121,2021-06-22 15:19:07+02,2021-06-22 15:19:07+02
EGAX00002472172,Whole genome sequencing,,,,,ILLUMINA,Illumina HiSeq 2500,PAIRED,WGS,GENOMIC,unspecified,,EGAS00001005340,EGA00002011122,2021-06-22 15:19:11+02,2021-06-22 15:19:11+02
EGAX00002472173,Whole genome sequencing,,,,,ILLUMINA,Illumina HiSeq 2500,PAIRED,WGS,GENOMIC,unspecified,,EGAS00001005340,EGA00002011123,2021-06-22 15:19:15+02,2021-06-22 15:19:15+02
EGAX00002472174,Whole genome sequencing,,,,,ILLUMINA,Illumina HiSeq 2500,PAIRED,WGS,GENOMIC,unspecified,,EGAS00001005340,EGA00002011124,2021-06-22 15:19:19+02,2021-06-22 15:19:19+02
EGAX00002472175,Whole genome sequencing,,,,,ILLUMINA,Illumina HiSeq 2500,PAIRED,WGS,GENOMIC,unspecified,,EGAS00001005340,EGA00002011125,2021-06-22 15:19:23+02,2021-06-22 15:19:23+02
EGAX00002472176,Whole genome sequencing,,,,,ILLUMINA,Illumina HiSeq 2500,PAIRED,WGS,GENOMIC,unspecified,,EGAS00001005340,EGA00002011126,2021-06-22 15:19:26+02,2021-06-22 15:19:26+02
EGAX00002472177,Whole genome sequencing,,,,,ILLUMINA,Illumina HiSeq 2500,PAIRED,WGS,GENOMIC,unspecified,,EGAS00001005340,EGA00002011127,2021-06-22 15:19:30+02,2021-06-22 15:19:30+02
EGAX00002472178,Whole genome sequencing,,,,,ILLUMINA,Illumina HiSeq 2500,PAIRED,WGS,GENOMIC,unspecified,,EGAS00001005340,EGA00002011128,2021-06-22 15:19:34+02,2021-06-22 15:19:34+02
EGAX00002472179,Whole genome sequencing,,,,,ILLUMINA,Illumina HiSeq 2500,PAIRED,WGS,GENOMIC,unspecified,,EGAS00001005340,EGA00002011129,2021-06-22 15:19:38+02,2021-06-22 15:19:38+02
EGAX00002472180,Whole genome sequencing,,,,,ILLUMINA,Illumina HiSeq 2500,PAIRED,WGS,GENOMIC,unspecified,,EGAS00001005340,EGA00002011130,2021-06-22 15:19:42+02,2021-06-22 15:19:42+02
EGAX00002472181,Whole genome sequencing,,,,,ILLUMINA,Illumina HiSeq 2500,PAIRED,WGS,GENOMIC,unspecified,,EGAS00001005340,EGA00002011131,2021-06-22 15:19:45+02,2021-06-22 15:19:45+02
EGAX00002472182,Whole genome sequencing,,,,,ILLUMINA,Illumina HiSeq 2500,PAIRED,WGS,GENOMIC,unspecified,,EGAS00001005340,EGA00002011132,2021-06-22 15:19:49+02,2021-06-22 15:19:49+02
EGAX00002472183,Whole genome sequencing,,,,,ILLUMINA,Illumina HiSeq 2500,PAIRED,WGS,GENOMIC,unspecified,,EGAS00001005340,EGA00002011133,2021-06-22 15:19:53+02,2021-06-22 15:19:53+02
EGAX00002472184,Whole genome sequencing,,,,,ILLUMINA,Illumina HiSeq 2500,PAIRED,WGS,GENOMIC,unspecified,,EGAS00001005340,EGA00002011134,2021-06-22 15:19:57+02,2021-06-22 15:19:57+02
EGAX00002472185,Whole genome sequencing,,,,,ILLUMINA,Illumina HiSeq 2500,PAIRED,WGS,GENOMIC,unspecified,,EGAS00001005340,EGA00002011135,2021-06-22 15:20:01+02,2021-06-22 15:20:01+02
EGAX00002472186,Whole genome sequencing,,,,,ILLUMINA,Illumina HiSeq 2500,PAIRED,WGS,GENOMIC,unspecified,,EGAS00001005340,EGA00002011136,2021-06-22 15:20:05+02,2021-06-22 15:20:05+02
EGAX00002472187,Whole genome sequencing,,,,,ILLUMINA,Illumina HiSeq 2500,PAIRED,WGS,GENOMIC,unspecified,,EGAS00001005340,EGA00002011137,2021-06-22 15:20:09+02,2021-06-22 15:20:09+02
EGAX00002472188,Whole genome sequencing,,,,,ILLUMINA,Illumina HiSeq 2500,PAIRED,WGS,GENOMIC,unspecified,,EGAS00001005340,EGA00002011138,2021-06-22 15:20:13+02,2021-06-22 15:20:13+02
EGAX00002472189,Whole genome sequencing,,,,,ILLUMINA,Illumina HiSeq 2500,PAIRED,WGS,GENOMIC,unspecified,,EGAS00001005340,EGA00002011139,2021-06-22 15:20:16+02,2021-06-22 15:20:16+02
EGAX00002472190,Whole genome sequencing,,,,,ILLUMINA,Illumina HiSeq 2500,PAIRED,WGS,GENOMIC,unspecified,,EGAS00001005340,EGA00002011140,2021-06-22 15:20:20+02,2021-06-22 15:20:20+02
EGAX00002472191,Whole genome sequencing,,,,,ILLUMINA,Illumina HiSeq 2500,PAIRED,WGS,GENOMIC,unspecified,,EGAS00001005340,EGA00002011141,2021-06-22 15:20:24+02,2021-06-22 15:20:24+02
EGAX00002472192,Whole genome sequencing,,,,,ILLUMINA,Illumina HiSeq 2500,PAIRED,WGS,GENOMIC,unspecified,,EGAS00001005340,EGA00002011142,2021-06-22 15:20:28+02,2021-06-22 15:20:28+02
EGAX00002472193,Whole genome sequencing,,,,,ILLUMINA,Illumina HiSeq 2500,PAIRED,WGS,GENOMIC,unspecified,,EGAS00001005340,EGA00002011143,2021-06-22 15:20:32+02,2021-06-22 15:20:32+02
EGAX00002472194,Whole genome sequencing,,,,,ILLUMINA,Illumina HiSeq 2500,PAIRED,WGS,GENOMIC,unspecified,,EGAS00001005340,EGA00002011144,2021-06-22 15:20:36+02,2021-06-22 15:20:36+02
EGAX00002472195,Whole genome sequencing,,,,,ILLUMINA,Illumina HiSeq 2500,PAIRED,WGS,GENOMIC,unspecified,,EGAS00001005340,EGA00002011145,2021-06-22 15:20:40+02,2021-06-22 15:20:40+02
EGAX00002472196,Whole genome sequencing,,,,,ILLUMINA,Illumina HiSeq 2500,PAIRED,WGS,GENOMIC,unspecified,,EGAS00001005340,EGA00002011146,2021-06-22 15:20:43+02,2021-06-22 15:20:43+02
EGAX00002472197,Whole genome sequencing,,,,,ILLUMINA,Illumina HiSeq 2500,PAIRED,WGS,GENOMIC,unspecified,,EGAS00001005340,EGA00002011147,2021-06-22 15:20:47+02,2021-06-22 15:20:47+02
EGAX00002472198,Whole genome sequencing,,,,,ILLUMINA,Illumina HiSeq 2500,PAIRED,WGS,GENOMIC,unspecified,,EGAS00001005340,EGA00002011148,2021-06-22 15:20:51+02,2021-06-22 15:20:51+02
EGAX00002472199,Whole genome sequencing,,,,,ILLUMINA,Illumina HiSeq 2500,PAIRED,WGS,GENOMIC,unspecified,,EGAS00001005340,EGA00002011149,2021-06-22 15:20:55+02,2021-06-22 15:20:55+02
EGAX00002472200,Whole genome sequencing,,,,,ILLUMINA,Illumina HiSeq 2500,PAIRED,WGS,GENOMIC,unspecified,,EGAS00001005340,EGA00002011150,2021-06-22 15:20:59+02,2021-06-22 15:20:59+02
EGAX00002472201,Whole genome sequencing,,,,,ILLUMINA,Illumina HiSeq 2500,PAIRED,WGS,GENOMIC,unspecified,,EGAS00001005340,EGA00002011151,2021-06-22 15:21:03+02,2021-06-22 15:21:03+02
EGAX00002472202,Whole genome sequencing,,,,,ILLUMINA,Illumina HiSeq 2500,PAIRED,WGS,GENOMIC,unspecified,,EGAS00001005340,EGA00002011152,2021-06-22 15:21:06+02,2021-06-22 15:21:06+02
EGAX00002472203,Whole genome sequencing,,,,,ILLUMINA,Illumina HiSeq 2500,PAIRED,WGS,GENOMIC,unspecified,,EGAS00001005340,EGA00002011153,2021-06-22 15:21:10+02,2021-06-22 15:21:10+02
EGAX00002472204,Whole genome sequencing,,,,,ILLUMINA,Illumina HiSeq 2500,PAIRED,WGS,GENOMIC,unspecified,,EGAS00001005340,EGA00002011154,2021-06-22 15:21:14+02,2021-06-22 15:21:14+02
EGAX00002472205,Whole genome sequencing,,,,,ILLUMINA,Illumina HiSeq 2500,PAIRED,WGS,GENOMIC,unspecified,,EGAS00001005340,EGA00002011155,2021-06-22 15:21:18+02,2021-06-22 15:21:18+02
EGAX00002472206,Whole genome sequencing,,,,,ILLUMINA,Illumina HiSeq 2500,PAIRED,WGS,GENOMIC,unspecified,,EGAS00001005340,EGA00002011156,2021-06-22 15:21:22+02,2021-06-22 15:21:22+02
EGAX00002472207,Whole genome sequencing,,,,,ILLUMINA,Illumina HiSeq 2500,PAIRED,WGS,GENOMIC,unspecified,,EGAS00001005340,EGA00002011157,2021-06-22 15:21:25+02,2021-06-22 15:21:25+02
EGAX00002472208,Whole genome sequencing,,,,,ILLUMINA,Illumina HiSeq 2500,PAIRED,WGS,GENOMIC,unspecified,,EGAS00001005340,EGA00002011158,2021-06-22 15:21:31+02,2021-06-22 15:21:31+02
EGAX00002472209,Whole genome sequencing,,,,,ILLUMINA,Illumina HiSeq 2500,PAIRED,WGS,GENOMIC,unspecified,,EGAS00001005340,EGA00002011159,2021-06-22 15:21:35+02,2021-06-22 15:21:35+02
EGAX00002472210,Whole genome sequencing,,,,,ILLUMINA,Illumina HiSeq 2500,PAIRED,WGS,GENOMIC,unspecified,,EGAS00001005340,EGA00002011160,2021-06-22 15:21:39+02,2021-06-22 15:21:39+02
EGAX00002472211,Whole genome sequencing,,,,,ILLUMINA,Illumina HiSeq 2500,PAIRED,WGS,GENOMIC,unspecified,,EGAS00001005340,EGA00002011161,2021-06-22 15:21:43+02,2021-06-22 15:21:43+02
EGAX00002472212,Whole genome sequencing,,,,,ILLUMINA,Illumina HiSeq 2500,PAIRED,WGS,GENOMIC,unspecified,,EGAS00001005340,EGA00002011162,2021-06-22 15:21:47+02,2021-06-22 15:21:47+02
EGAX00002472213,Whole genome sequencing,,,,,ILLUMINA,Illumina HiSeq 2500,PAIRED,WGS,GENOMIC,unspecified,,EGAS00001005340,EGA00002011163,2021-06-22 15:21:51+02,2021-06-22 15:21:51+02
EGAX00002472214,Whole genome sequencing,,,,,ILLUMINA,Illumina HiSeq 2500,PAIRED,WGS,GENOMIC,unspecified,,EGAS00001005340,EGA00002011164,2021-06-22 15:21:54+02,2021-06-22 15:21:54+02
EGAX00002472215,Whole genome sequencing,,,,,ILLUMINA,Illumina HiSeq 2500,PAIRED,WGS,GENOMIC,unspecified,,EGAS00001005340,EGA00002011165,2021-06-22 15:21:58+02,2021-06-22 15:21:58+02
EGAX00002472216,Whole genome sequencing,,,,,ILLUMINA,Illumina HiSeq 2500,PAIRED,WGS,GENOMIC,unspecified,,EGAS00001005340,EGA00002011166,2021-06-22 15:22:02+02,2021-06-22 15:22:02+02
EGAX00002472217,Whole genome sequencing,,,,,ILLUMINA,Illumina HiSeq 2500,PAIRED,WGS,GENOMIC,unspecified,,EGAS00001005340,EGA00002011167,2021-06-22 15:22:06+02,2021-06-22 15:22:06+02
EGAX00002472218,Whole genome sequencing,,,,,ILLUMINA,Illumina HiSeq 2500,PAIRED,WGS,GENOMIC,unspecified,,EGAS00001005340,EGA00002011168,2021-06-22 15:22:10+02,2021-06-22 15:22:10+02
EGAX00002472219,Whole genome sequencing,,,,,ILLUMINA,Illumina HiSeq 2500,PAIRED,WGS,GENOMIC,unspecified,,EGAS00001005340,EGA00002011169,2021-06-22 15:22:13+02,2021-06-22 15:22:13+02
EGAX00002472220,Whole genome sequencing,,,,,ILLUMINA,Illumina HiSeq 2500,PAIRED,WGS,GENOMIC,unspecified,,EGAS00001005340,EGA00002011170,2021-06-22 15:22:17+02,2021-06-22 15:22:17+02
EGAX00002472221,Whole genome sequencing,,,,,ILLUMINA,Illumina HiSeq 2500,PAIRED,WGS,GENOMIC,unspecified,,EGAS00001005340,EGA00002011171,2021-06-22 15:22:21+02,2021-06-22 15:22:21+02
EGAX00002472222,Whole genome sequencing,,,,,ILLUMINA,Illumina HiSeq 2500,PAIRED,WGS,GENOMIC,unspecified,,EGAS00001005340,EGA00002011172,2021-06-22 15:22:25+02,2021-06-22 15:22:25+02
EGAX00002472223,Whole genome sequencing,,,,,ILLUMINA,Illumina HiSeq 2500,PAIRED,WGS,GENOMIC,unspecified,,EGAS00001005340,EGA00002011173,2021-06-22 15:22:29+02,2021-06-22 15:22:29+02
EGAX00002472224,Whole genome sequencing,,,,,ILLUMINA,Illumina HiSeq 2500,PAIRED,WGS,GENOMIC,unspecified,,EGAS00001005340,EGA00002011174,2021-06-22 15:22:33+02,2021-06-22 15:22:33+02
EGAX00002472225,Whole genome sequencing,,,,,ILLUMINA,Illumina HiSeq 2500,PAIRED,WGS,GENOMIC,unspecified,,EGAS00001005340,EGA00002011175,2021-06-22 15:22:37+02,2021-06-22 15:22:37+02
EGAX00002472226,Whole genome sequencing,,,,,ILLUMINA,Illumina HiSeq 2500,PAIRED,WGS,GENOMIC,unspecified,,EGAS00001005340,EGA00002011176,2021-06-22 15:22:40+02,2021-06-22 15:22:40+02
EGAX00002472227,Whole genome sequencing,,,,,ILLUMINA,Illumina HiSeq 2500,PAIRED,WGS,GENOMIC,unspecified,,EGAS00001005340,EGA00002011177,2021-06-22 15:22:44+02,2021-06-22 15:22:44+02
EGAX00002472228,Whole genome sequencing,,,,,ILLUMINA,Illumina HiSeq 2500,PAIRED,WGS,GENOMIC,unspecified,,EGAS00001005340,EGA00002011178,2021-06-22 15:22:48+02,2021-06-22 15:22:48+02
EGAX00002472229,Whole genome sequencing,,,,,ILLUMINA,Illumina HiSeq 2500,PAIRED,WGS,GENOMIC,unspecified,,EGAS00001005340,EGA00002011179,2021-06-22 15:22:52+02,2021-06-22 15:22:52+02
EGAX00002472230,Whole genome sequencing,,,,,ILLUMINA,Illumina HiSeq 2500,PAIRED,WGS,GENOMIC,unspecified,,EGAS00001005340,EGA00002011180,2021-06-22 15:22:56+02,2021-06-22 15:22:56+02
EGAX00002472231,Whole genome sequencing,,,,,ILLUMINA,Illumina HiSeq 2500,PAIRED,WGS,GENOMIC,unspecified,,EGAS00001005340,EGA00002011181,2021-06-22 15:22:59+02,2021-06-22 15:22:59+02
EGAX00002472232,Whole genome sequencing,,,,,ILLUMINA,Illumina HiSeq 2500,PAIRED,WGS,GENOMIC,unspecified,,EGAS00001005340,EGA00002011182,2021-06-22 15:23:03+02,2021-06-22 15:23:03+02
EGAX00002472233,Whole genome sequencing,,,,,ILLUMINA,Illumina HiSeq 2500,PAIRED,WGS,GENOMIC,unspecified,,EGAS00001005340,EGA00002011183,2021-06-22 15:23:07+02,2021-06-22 15:23:07+02
EGAX00002472234,Whole genome sequencing,,,,,ILLUMINA,Illumina HiSeq 2500,PAIRED,WGS,GENOMIC,unspecified,,EGAS00001005340,EGA00002011184,2021-06-22 15:23:11+02,2021-06-22 15:23:11+02
EGAX00002472235,Whole genome sequencing,,,,,ILLUMINA,Illumina HiSeq 2500,PAIRED,WGS,GENOMIC,unspecified,,EGAS00001005340,EGA00002011185,2021-06-22 15:23:15+02,2021-06-22 15:23:15+02
EGAX00002472236,Whole genome sequencing,,,,,ILLUMINA,Illumina HiSeq 2500,PAIRED,WGS,GENOMIC,unspecified,,EGAS00001005340,EGA00002011186,2021-06-22 15:23:18+02,2021-06-22 15:23:18+02
EGAX00002472237,Whole genome sequencing,,,,,ILLUMINA,Illumina HiSeq 2500,PAIRED,WGS,GENOMIC,unspecified,,EGAS00001005340,EGA00002011187,2021-06-22 15:23:22+02,2021-06-22 15:23:22+02
EGAX00002472238,Whole genome sequencing,,,,,ILLUMINA,Illumina HiSeq 2500,PAIRED,WGS,GENOMIC,unspecified,,EGAS00001005340,EGA00002011188,2021-06-22 15:23:26+02,2021-06-22 15:23:26+02
EGAX00002472239,Whole genome sequencing,,,,,ILLUMINA,Illumina HiSeq 2500,PAIRED,WGS,GENOMIC,unspecified,,EGAS00001005340,EGA00002011189,2021-06-22 15:23:30+02,2021-06-22 15:23:30+02
EGAX00002472240,Whole genome sequencing,,,,,ILLUMINA,Illumina HiSeq 2500,PAIRED,WGS,GENOMIC,unspecified,,EGAS00001005340,EGA00002011190,2021-06-22 15:23:33+02,2021-06-22 15:23:33+02
EGAX00002472241,Whole genome sequencing,,,,,ILLUMINA,Illumina HiSeq 2500,PAIRED,WGS,GENOMIC,unspecified,,EGAS00001005340,EGA00002011191,2021-06-22 15:23:37+02,2021-06-22 15:23:37+02
EGAX00002472242,Whole genome sequencing,,,,,ILLUMINA,Illumina HiSeq 2500,PAIRED,WGS,GENOMIC,unspecified,,EGAS00001005340,EGA00002011192,2021-06-22 15:23:41+02,2021-06-22 15:23:41+02
EGAX00002472243,Whole genome sequencing,,,,,ILLUMINA,Illumina HiSeq 2500,PAIRED,WGS,GENOMIC,unspecified,,EGAS00001005340,EGA00002011193,2021-06-22 15:23:45+02,2021-06-22 15:23:45+02
EGAX00002472244,Whole genome sequencing,,,,,ILLUMINA,Illumina HiSeq 2500,PAIRED,WGS,GENOMIC,unspecified,,EGAS00001005340,EGA00002011194,2021-06-22 15:23:49+02,2021-06-22 15:23:49+02
EGAX00002472245,Whole genome sequencing,,,,,ILLUMINA,Illumina HiSeq 2500,PAIRED,WGS,GENOMIC,unspecified,,EGAS00001005340,EGA00002011195,2021-06-22 15:23:53+02,2021-06-22 15:23:53+02
EGAX00002472246,Whole genome sequencing,,,,,ILLUMINA,Illumina HiSeq 2500,PAIRED,WGS,GENOMIC,unspecified,,EGAS00001005340,EGA00002011196,2021-06-22 15:23:57+02,2021-06-22 15:23:57+02
EGAX00002472247,Whole genome sequencing,,,,,ILLUMINA,Illumina HiSeq 2500,PAIRED,WGS,GENOMIC,unspecified,,EGAS00001005340,EGA00002011197,2021-06-22 15:24:01+02,2021-06-22 15:24:01+02
EGAX00002472248,Whole genome sequencing,,,,,ILLUMINA,Illumina HiSeq 2500,PAIRED,WGS,GENOMIC,unspecified,,EGAS00001005340,EGA00002011198,2021-06-22 15:24:05+02,2021-06-22 15:24:05+02
EGAX00002472249,Whole genome sequencing,,,,,ILLUMINA,Illumina HiSeq 2500,PAIRED,WGS,GENOMIC,unspecified,,EGAS00001005340,EGA00002011199,2021-06-22 15:24:08+02,2021-06-22 15:24:08+02
EGAX00002472250,Whole genome sequencing,,,,,ILLUMINA,Illumina HiSeq 2500,PAIRED,WGS,GENOMIC,unspecified,,EGAS00001005340,EGA00002011200,2021-06-22 15:24:12+02,2021-06-22 15:24:12+02
EGAX00002472251,Whole genome sequencing,,,,,ILLUMINA,Illumina HiSeq 2500,PAIRED,WGS,GENOMIC,unspecified,,EGAS00001005340,EGA00002011201,2021-06-22 15:24:16+02,2021-06-22 15:24:16+02
EGAX00002472252,Whole genome sequencing,,,,,ILLUMINA,Illumina HiSeq 2500,PAIRED,WGS,GENOMIC,unspecified,,EGAS00001005340,EGA00002011202,2021-06-22 15:24:20+02,2021-06-22 15:24:20+02
EGAX00002472253,Whole genome sequencing,,,,,ILLUMINA,Illumina HiSeq 2500,PAIRED,WGS,GENOMIC,unspecified,,EGAS00001005340,EGA00002011203,2021-06-22 15:24:24+02,2021-06-22 15:24:24+02
EGAX00002472254,Whole genome sequencing,,,,,ILLUMINA,Illumina HiSeq 2500,PAIRED,WGS,GENOMIC,unspecified,,EGAS00001005340,EGA00002011204,2021-06-22 15:24:28+02,2021-06-22 15:24:28+02
EGAX00002472255,Whole genome sequencing,,,,,ILLUMINA,Illumina HiSeq 2500,PAIRED,WGS,GENOMIC,unspecified,,EGAS00001005340,EGA00002011205,2021-06-22 15:24:31+02,2021-06-22 15:24:31+02
EGAX00002472256,Whole genome sequencing,,,,,ILLUMINA,Illumina HiSeq 2500,PAIRED,WGS,GENOMIC,unspecified,,EGAS00001005340,EGA00002011206,2021-06-22 15:24:35+02,2021-06-22 15:24:35+02
EGAX00002472257,Whole genome sequencing,,,,,ILLUMINA,Illumina HiSeq 2500,PAIRED,WGS,GENOMIC,unspecified,,EGAS00001005340,EGA00002011207,2021-06-22 15:24:39+02,2021-06-22 15:24:39+02
EGAX00002472258,Whole genome sequencing,,,,,ILLUMINA,Illumina HiSeq 2500,PAIRED,WGS,GENOMIC,unspecified,,EGAS00001005340,EGA00002011208,2021-06-22 15:24:43+02,2021-06-22 15:24:43+02
EGAX00002472259,Whole genome sequencing,,,,,ILLUMINA,Illumina HiSeq 2500,PAIRED,WGS,GENOMIC,unspecified,,EGAS00001005340,EGA00002011209,2021-06-22 15:24:46+02,2021-06-22 15:24:46+02
EGAX00002472260,Whole genome sequencing,,,,,ILLUMINA,Illumina HiSeq 2500,PAIRED,WGS,GENOMIC,unspecified,,EGAS00001005340,EGA00002011210,2021-06-22 15:24:50+02,2021-06-22 15:24:50+02
EGAX00002472261,Whole genome sequencing,,,,,ILLUMINA,Illumina HiSeq 2500,PAIRED,WGS,GENOMIC,unspecified,,EGAS00001005340,EGA00002011211,2021-06-22 15:24:54+02,2021-06-22 15:24:54+02
EGAX00002472262,Whole genome sequencing,,,,,ILLUMINA,Illumina HiSeq 2500,PAIRED,WGS,GENOMIC,unspecified,,EGAS00001005340,EGA00002011212,2021-06-22 15:24:58+02,2021-06-22 15:24:58+02
EGAX00002472263,Whole genome sequencing,,,,,ILLUMINA,Illumina HiSeq 2500,PAIRED,WGS,GENOMIC,unspecified,,EGAS00001005340,EGA00002011213,2021-06-22 15:25:02+02,2021-06-22 15:25:02+02
EGAX00002472264,Whole genome sequencing,,,,,ILLUMINA,Illumina HiSeq 2500,PAIRED,WGS,GENOMIC,unspecified,,EGAS00001005340,EGA00002011214,2021-06-22 15:25:06+02,2021-06-22 15:25:06+02
EGAX00002472265,Whole genome sequencing,,,,,ILLUMINA,Illumina HiSeq 2500,PAIRED,WGS,GENOMIC,unspecified,,EGAS00001005340,EGA00002011215,2021-06-22 15:25:09+02,2021-06-22 15:25:09+02
EGAX00002472266,Whole genome sequencing,,,,,ILLUMINA,Illumina HiSeq 2500,PAIRED,WGS,GENOMIC,unspecified,,EGAS00001005340,EGA00002011216,2021-06-22 15:25:13+02,2021-06-22 15:25:13+02
EGAX00002472267,Whole genome sequencing,,,,,ILLUMINA,Illumina HiSeq 2500,PAIRED,WGS,GENOMIC,unspecified,,EGAS00001005340,EGA00002011217,2021-06-22 15:25:17+02,2021-06-22 15:25:17+02
EGAX00002472268,Whole genome sequencing,,,,,ILLUMINA,Illumina HiSeq 2500,PAIRED,WGS,GENOMIC,unspecified,,EGAS00001005340,EGA00002011218,2021-06-22 15:25:21+02,2021-06-22 15:25:21+02
EGAX00002472269,Whole genome sequencing,,,,,ILLUMINA,Illumina HiSeq 2500,PAIRED,WGS,GENOMIC,unspecified,,EGAS00001005340,EGA00002011219,2021-06-22 15:25:25+02,2021-06-22 15:25:25+02
EGAX00002472270,Whole genome sequencing,,,,,ILLUMINA,Illumina HiSeq 2500,PAIRED,WGS,GENOMIC,unspecified,,EGAS00001005340,EGA00002011220,2021-06-22 15:25:29+02,2021-06-22 15:25:29+02
EGAX00002472271,Whole genome sequencing,,,,,ILLUMINA,Illumina HiSeq 2500,PAIRED,WGS,GENOMIC,unspecified,,EGAS00001005340,EGA00002011221,2021-06-22 15:25:32+02,2021-06-22 15:25:32+02
EGAX00002472272,Whole genome sequencing,,,,,ILLUMINA,Illumina HiSeq 2500,PAIRED,WGS,GENOMIC,unspecified,,EGAS00001005340,EGA00002011222,2021-06-22 15:25:36+02,2021-06-22 15:25:36+02
EGAX00002472273,Whole genome sequencing,,,,,ILLUMINA,Illumina HiSeq 2500,PAIRED,WGS,GENOMIC,unspecified,,EGAS00001005340,EGA00002011223,2021-06-22 15:25:40+02,2021-06-22 15:25:40+02
EGAX00002472274,Whole genome sequencing,,,,,ILLUMINA,Illumina HiSeq 2500,PAIRED,WGS,GENOMIC,unspecified,,EGAS00001005340,EGA00002011224,2021-06-22 15:25:44+02,2021-06-22 15:25:44+02
EGAX00002472275,Whole genome sequencing,,,,,ILLUMINA,Illumina HiSeq 2500,PAIRED,WGS,GENOMIC,unspecified,,EGAS00001005340,EGA00002011225,2021-06-22 15:25:48+02,2021-06-22 15:25:48+02
EGAX00002472276,Whole genome sequencing,,,,,ILLUMINA,Illumina HiSeq 2500,PAIRED,WGS,GENOMIC,unspecified,,EGAS00001005340,EGA00002011226,2021-06-22 15:25:51+02,2021-06-22 15:25:51+02
EGAX00002472277,Whole genome sequencing,,,,,ILLUMINA,Illumina HiSeq 2500,PAIRED,WGS,GENOMIC,unspecified,,EGAS00001005340,EGA00002011227,2021-06-22 15:25:55+02,2021-06-22 15:25:55+02
EGAX00002472278,Whole genome sequencing,,,,,ILLUMINA,Illumina HiSeq 2500,PAIRED,WGS,GENOMIC,unspecified,,EGAS00001005340,EGA00002011228,2021-06-22 15:25:59+02,2021-06-22 15:25:59+02
EGAX00002472279,Whole genome sequencing,,,,,ILLUMINA,Illumina HiSeq 2500,PAIRED,WGS,GENOMIC,unspecified,,EGAS00001005340,EGA00002011229,2021-06-22 15:26:03+02,2021-06-22 15:26:03+02
EGAX00002472280,Whole genome sequencing,,,,,ILLUMINA,Illumina HiSeq 2500,PAIRED,WGS,GENOMIC,unspecified,,EGAS00001005340,EGA00002011230,2021-06-22 15:26:07+02,2021-06-22 15:26:07+02
EGAX00002472281,Whole genome sequencing,,,,,ILLUMINA,Illumina HiSeq 2500,PAIRED,WGS,GENOMIC,unspecified,,EGAS00001005340,EGA00002011231,2021-06-22 15:26:11+02,2021-06-22 15:26:11+02
EGAX00002472282,Whole genome sequencing,,,,,ILLUMINA,Illumina HiSeq 2500,PAIRED,WGS,GENOMIC,unspecified,,EGAS00001005340,EGA00002011232,2021-06-22 15:26:14+02,2021-06-22 15:26:14+02
EGAX00002472283,Whole genome sequencing,,,,,ILLUMINA,Illumina HiSeq 2500,PAIRED,WGS,GENOMIC,unspecified,,EGAS00001005340,EGA00002011233,2021-06-22 15:26:18+02,2021-06-22 15:26:18+02
EGAX00002472284,Whole genome sequencing,,,,,ILLUMINA,Illumina HiSeq 2500,PAIRED,WGS,GENOMIC,unspecified,,EGAS00001005340,EGA00002011234,2021-06-22 15:26:22+02,2021-06-22 15:26:22+02
EGAX00002472285,Whole genome sequencing,,,,,ILLUMINA,Illumina HiSeq 2500,PAIRED,WGS,GENOMIC,unspecified,,EGAS00001005340,EGA00002011235,2021-06-22 15:26:26+02,2021-06-22 15:26:26+02
EGAX00002472286,Whole genome sequencing,,,,,ILLUMINA,Illumina HiSeq 2500,PAIRED,WGS,GENOMIC,unspecified,,EGAS00001005340,EGA00002011236,2021-06-22 15:26:30+02,2021-06-22 15:26:30+02
EGAX00002472287,Whole genome sequencing,,,,,ILLUMINA,Illumina HiSeq 2500,PAIRED,WGS,GENOMIC,unspecified,,EGAS00001005340,EGA00002011237,2021-06-22 15:26:33+02,2021-06-22 15:26:33+02
EGAX00002472288,Whole genome sequencing,,,,,ILLUMINA,Illumina HiSeq 2500,PAIRED,WGS,GENOMIC,unspecified,,EGAS00001005340,EGA00002011238,2021-06-22 15:26:37+02,2021-06-22 15:26:37+02
EGAX00002472289,Whole genome sequencing,,,,,ILLUMINA,Illumina HiSeq 2500,PAIRED,WGS,GENOMIC,unspecified,,EGAS00001005340,EGA00002011239,2021-06-22 15:26:41+02,2021-06-22 15:26:41+02
EGAX00002472290,Whole genome sequencing,,,,,ILLUMINA,Illumina HiSeq 2500,PAIRED,WGS,GENOMIC,unspecified,,EGAS00001005340,EGA00002011240,2021-06-22 15:26:45+02,2021-06-22 15:26:45+02
EGAX00002472291,Whole genome sequencing,,,,,ILLUMINA,Illumina HiSeq 2500,PAIRED,WGS,GENOMIC,unspecified,,EGAS00001005340,EGA00002011241,2021-06-22 15:26:49+02,2021-06-22 15:26:49+02
EGAX00002472292,Whole genome sequencing,,,,,ILLUMINA,Illumina HiSeq 2500,PAIRED,WGS,GENOMIC,unspecified,,EGAS00001005340,EGA00002011242,2021-06-22 15:26:52+02,2021-06-22 15:26:52+02
EGAX00002472293,Whole genome sequencing,,,,,ILLUMINA,Illumina HiSeq 2500,PAIRED,WGS,GENOMIC,unspecified,,EGAS00001005340,EGA00002011243,2021-06-22 15:26:56+02,2021-06-22 15:26:56+02
EGAX00002472294,Whole genome sequencing,,,,,ILLUMINA,Illumina HiSeq 2500,PAIRED,WGS,GENOMIC,unspecified,,EGAS00001005340,EGA00002011244,2021-06-22 15:27:00+02,2021-06-22 15:27:00+02
EGAX00002472295,Whole genome sequencing,,,,,ILLUMINA,Illumina HiSeq 2500,PAIRED,WGS,GENOMIC,unspecified,,EGAS00001005340,EGA00002011245,2021-06-22 15:27:04+02,2021-06-22 15:27:04+02
EGAX00002472296,Whole genome sequencing,,,,,ILLUMINA,Illumina HiSeq 2500,PAIRED,WGS,GENOMIC,unspecified,,EGAS00001005340,EGA00002011246,2021-06-22 15:27:07+02,2021-06-22 15:27:07+02
EGAX00002472297,Whole genome sequencing,,,,,ILLUMINA,Illumina HiSeq 2500,PAIRED,WGS,GENOMIC,unspecified,,EGAS00001005340,EGA00002011247,2021-06-22 15:27:11+02,2021-06-22 15:27:11+02
EGAX00002472298,Whole genome sequencing,,,,,ILLUMINA,Illumina HiSeq 2500,PAIRED,WGS,GENOMIC,unspecified,,EGAS00001005340,EGA00002011248,2021-06-22 15:27:15+02,2021-06-22 15:27:15+02
EGAX00002472299,Whole genome sequencing,,,,,ILLUMINA,Illumina HiSeq 2500,PAIRED,WGS,GENOMIC,unspecified,,EGAS00001005340,EGA00002011249,2021-06-22 15:27:19+02,2021-06-22 15:27:19+02
EGAX00002472300,Whole genome sequencing,,,,,ILLUMINA,Illumina HiSeq 2500,PAIRED,WGS,GENOMIC,unspecified,,EGAS00001005340,EGA00002011250,2021-06-22 15:27:23+02,2021-06-22 15:27:23+02
EGAX00002472301,Whole genome sequencing,,,,,ILLUMINA,Illumina HiSeq 2500,PAIRED,WGS,GENOMIC,unspecified,,EGAS00001005340,EGA00002011251,2021-06-22 15:27:26+02,2021-06-22 15:27:26+02
EGAX00002472302,Whole genome sequencing,,,,,ILLUMINA,Illumina HiSeq 2500,PAIRED,WGS,GENOMIC,unspecified,,EGAS00001005340,EGA00002011252,2021-06-22 15:27:30+02,2021-06-22 15:27:30+02
EGAX00002472303,Whole genome sequencing,,,,,ILLUMINA,Illumina HiSeq 2500,PAIRED,WGS,GENOMIC,unspecified,,EGAS00001005340,EGA00002011253,2021-06-22 15:27:34+02,2021-06-22 15:27:34+02
EGAX00002472304,Whole genome sequencing,,,,,ILLUMINA,Illumina HiSeq 2500,PAIRED,WGS,GENOMIC,unspecified,,EGAS00001005340,EGA00002011254,2021-06-22 15:27:38+02,2021-06-22 15:27:38+02
EGAX00002472305,Whole genome sequencing,,,,,ILLUMINA,Illumina HiSeq 2500,PAIRED,WGS,GENOMIC,unspecified,,EGAS00001005340,EGA00002011255,2021-06-22 15:27:42+02,2021-06-22 15:27:42+02
EGAX00002472306,Whole genome sequencing,,,,,ILLUMINA,Illumina HiSeq 2500,PAIRED,WGS,GENOMIC,unspecified,,EGAS00001005340,EGA00002011256,2021-06-22 15:27:46+02,2021-06-22 15:27:46+02
EGAX00002472307,Whole genome sequencing,,,,,ILLUMINA,Illumina HiSeq 2500,PAIRED,WGS,GENOMIC,unspecified,,EGAS00001005340,EGA00002011257,2021-06-22 15:27:50+02,2021-06-22 15:27:50+02
EGAX00002472308,Whole genome sequencing,,,,,ILLUMINA,Illumina HiSeq 2500,PAIRED,WGS,GENOMIC,unspecified,,EGAS00001005340,EGA00002011258,2021-06-22 15:27:54+02,2021-06-22 15:27:54+02
EGAX00002472309,Whole genome sequencing,,,,,ILLUMINA,Illumina HiSeq 2500,PAIRED,WGS,GENOMIC,unspecified,,EGAS00001005340,EGA00002011259,2021-06-22 15:27:58+02,2021-06-22 15:27:58+02
EGAX00002472310,Whole genome sequencing,,,,,ILLUMINA,Illumina HiSeq 2500,PAIRED,WGS,GENOMIC,unspecified,,EGAS00001005340,EGA00002011260,2021-06-22 15:28:01+02,2021-06-22 15:28:01+02
EGAX00002472311,Whole genome sequencing,,,,,ILLUMINA,Illumina HiSeq 2500,PAIRED,WGS,GENOMIC,unspecified,,EGAS00001005340,EGA00002011261,2021-06-22 15:28:05+02,2021-06-22 15:28:05+02
EGAX00002472312,Whole genome sequencing,,,,,ILLUMINA,Illumina HiSeq 2500,PAIRED,WGS,GENOMIC,unspecified,,EGAS00001005340,EGA00002011262,2021-06-22 15:28:09+02,2021-06-22 15:28:09+02
EGAX00002472313,Whole genome sequencing,,,,,ILLUMINA,Illumina HiSeq 2500,PAIRED,WGS,GENOMIC,unspecified,,EGAS00001005340,EGA00002011263,2021-06-22 15:28:13+02,2021-06-22 15:28:13+02
EGAX00002472314,Whole genome sequencing,,,,,ILLUMINA,Illumina HiSeq 2500,PAIRED,WGS,GENOMIC,unspecified,,EGAS00001005340,EGA00002011264,2021-06-22 15:28:17+02,2021-06-22 15:28:17+02
EGAX00002472315,Whole genome sequencing,,,,,ILLUMINA,Illumina HiSeq 2500,PAIRED,WGS,GENOMIC,unspecified,,EGAS00001005340,EGA00002011265,2021-06-22 15:28:21+02,2021-06-22 15:28:21+02
EGAX00002472316,Whole genome sequencing,,,,,ILLUMINA,Illumina HiSeq 2500,PAIRED,WGS,GENOMIC,unspecified,,EGAS00001005340,EGA00002011266,2021-06-22 15:28:25+02,2021-06-22 15:28:25+02
EGAX00002472317,Whole genome sequencing,,,,,ILLUMINA,Illumina HiSeq 2500,PAIRED,WGS,GENOMIC,unspecified,,EGAS00001005340,EGA00002011267,2021-06-22 15:28:28+02,2021-06-22 15:28:28+02
EGAX00002472318,Whole genome sequencing,,,,,ILLUMINA,Illumina HiSeq 2500,PAIRED,WGS,GENOMIC,unspecified,,EGAS00001005340,EGA00002011268,2021-06-22 15:28:32+02,2021-06-22 15:28:32+02
EGAX00002472319,Whole genome sequencing,,,,,ILLUMINA,Illumina HiSeq 2500,PAIRED,WGS,GENOMIC,unspecified,,EGAS00001005340,EGA00002011269,2021-06-22 15:28:36+02,2021-06-22 15:28:36+02
EGAX00002472320,Whole genome sequencing,,,,,ILLUMINA,Illumina HiSeq 2500,PAIRED,WGS,GENOMIC,unspecified,,EGAS00001005340,EGA00002011270,2021-06-22 15:28:40+02,2021-06-22 15:28:40+02
EGAX00002472321,Whole genome sequencing,,,,,ILLUMINA,Illumina HiSeq 2500,PAIRED,WGS,GENOMIC,unspecified,,EGAS00001005340,EGA00002011271,2021-06-22 15:28:44+02,2021-06-22 15:28:44+02
EGAX00002472322,Whole genome sequencing,,,,,ILLUMINA,Illumina HiSeq 2500,PAIRED,WGS,GENOMIC,unspecified,,EGAS00001005340,EGA00002011272,2021-06-22 15:28:48+02,2021-06-22 15:28:48+02
EGAX00002472323,Whole genome sequencing,,,,,ILLUMINA,Illumina HiSeq 2500,PAIRED,WGS,GENOMIC,unspecified,,EGAS00001005340,EGA00002011273,2021-06-22 15:28:52+02,2021-06-22 15:28:52+02
EGAX00002472324,Whole genome sequencing,,,,,ILLUMINA,Illumina HiSeq 2500,PAIRED,WGS,GENOMIC,unspecified,,EGAS00001005340,EGA00002011274,2021-06-22 15:28:55+02,2021-06-22 15:28:55+02
EGAX00002472325,Whole genome sequencing,,,,,ILLUMINA,Illumina HiSeq 2500,PAIRED,WGS,GENOMIC,unspecified,,EGAS00001005340,EGA00002011275,2021-06-22 15:28:59+02,2021-06-22 15:28:59+02
EGAX00002472326,Whole genome sequencing,,,,,ILLUMINA,Illumina HiSeq 2500,PAIRED,WGS,GENOMIC,unspecified,,EGAS00001005340,EGA00002011276,2021-06-22 15:29:03+02,2021-06-22 15:29:03+02
EGAX00002472327,Whole genome sequencing,,,,,ILLUMINA,Illumina HiSeq 2500,PAIRED,WGS,GENOMIC,unspecified,,EGAS00001005340,EGA00002011277,2021-06-22 15:29:07+02,2021-06-22 15:29:07+02
EGAX00002472328,Whole genome sequencing,,,,,ILLUMINA,Illumina HiSeq 2500,PAIRED,WGS,GENOMIC,unspecified,,EGAS00001005340,EGA00002011278,2021-06-22 15:29:11+02,2021-06-22 15:29:11+02
EGAX00002472329,Whole genome sequencing,,,,,ILLUMINA,Illumina HiSeq 2500,PAIRED,WGS,GENOMIC,unspecified,,EGAS00001005340,EGA00002011280,2021-06-22 15:29:14+02,2021-06-22 15:29:15+02
EGAX00002472330,Whole genome sequencing,,,,,ILLUMINA,Illumina HiSeq 2500,PAIRED,WGS,GENOMIC,unspecified,,EGAS00001005340,EGA00002011281,2021-06-22 15:29:19+02,2021-06-22 15:29:19+02
EGAX00002472331,Whole genome sequencing,,,,,ILLUMINA,Illumina HiSeq 2500,PAIRED,WGS,GENOMIC,unspecified,,EGAS00001005340,EGA00002011282,2021-06-22 15:29:22+02,2021-06-22 15:29:22+02
EGAX00002472332,Whole genome sequencing,,,,,ILLUMINA,Illumina HiSeq 2500,PAIRED,WGS,GENOMIC,unspecified,,EGAS00001005340,EGA00002011283,2021-06-22 15:29:26+02,2021-06-22 15:29:26+02
EGAX00002472333,Whole genome sequencing,,,,,ILLUMINA,Illumina HiSeq 2500,PAIRED,WGS,GENOMIC,unspecified,,EGAS00001005340,EGA00002011284,2021-06-22 15:29:30+02,2021-06-22 15:29:30+02
EGAX00002472334,Whole genome sequencing,,,,,ILLUMINA,Illumina HiSeq 2500,PAIRED,WGS,GENOMIC,unspecified,,EGAS00001005340,EGA00002011285,2021-06-22 15:29:34+02,2021-06-22 15:29:34+02
EGAX00002472335,Whole genome sequencing,,,,,ILLUMINA,Illumina HiSeq 2500,PAIRED,WGS,GENOMIC,unspecified,,EGAS00001005340,EGA00002011286,2021-06-22 15:29:37+02,2021-06-22 15:29:37+02
EGAX00002472336,Whole genome sequencing,,,,,ILLUMINA,Illumina HiSeq 2500,PAIRED,WGS,GENOMIC,unspecified,,EGAS00001005340,EGA00002011287,2021-06-22 15:29:41+02,2021-06-22 15:29:41+02
EGAX00002472337,Whole genome sequencing,,,,,ILLUMINA,Illumina HiSeq 2500,PAIRED,WGS,GENOMIC,unspecified,,EGAS00001005340,EGA00002011288,2021-06-22 15:29:45+02,2021-06-22 15:29:45+02
EGAX00002472338,Whole genome sequencing,,,,,ILLUMINA,Illumina HiSeq 2500,PAIRED,WGS,GENOMIC,unspecified,,EGAS00001005340,EGA00002011289,2021-06-22 15:29:49+02,2021-06-22 15:29:49+02
EGAX00002472339,Whole genome sequencing,,,,,ILLUMINA,Illumina HiSeq 2500,PAIRED,WGS,GENOMIC,unspecified,,EGAS00001005340,EGA00002011290,2021-06-22 15:29:53+02,2021-06-22 15:29:53+02
EGAX00002472340,Whole genome sequencing,,,,,ILLUMINA,Illumina HiSeq 2500,PAIRED,WGS,GENOMIC,unspecified,,EGAS00001005340,EGA00002011291,2021-06-22 15:29:56+02,2021-06-22 15:29:56+02
EGAX00002472341,Whole genome sequencing,,,,,ILLUMINA,Illumina HiSeq 2500,PAIRED,WGS,GENOMIC,unspecified,,EGAS00001005340,EGA00002011292,2021-06-22 15:30:00+02,2021-06-22 15:30:00+02
EGAX00002472342,Whole genome sequencing,,,,,ILLUMINA,Illumina HiSeq 2500,PAIRED,WGS,GENOMIC,unspecified,,EGAS00001005340,EGA00002011293,2021-06-22 15:30:04+02,2021-06-22 15:30:04+02
EGAX00002472343,Whole genome sequencing,,,,,ILLUMINA,Illumina HiSeq 2500,PAIRED,WGS,GENOMIC,unspecified,,EGAS00001005340,EGA00002011294,2021-06-22 15:30:08+02,2021-06-22 15:30:08+02
EGAX00002472344,Whole genome sequencing,,,,,ILLUMINA,Illumina HiSeq 2500,PAIRED,WGS,GENOMIC,unspecified,,EGAS00001005340,EGA00002011295,2021-06-22 15:30:12+02,2021-06-22 15:30:12+02
EGAX00002472345,Whole genome sequencing,,,,,ILLUMINA,Illumina HiSeq 2500,PAIRED,WGS,GENOMIC,unspecified,,EGAS00001005340,EGA00002011296,2021-06-22 15:30:16+02,2021-06-22 15:30:16+02
EGAX00002472346,Whole genome sequencing,,,,,ILLUMINA,Illumina HiSeq 2500,PAIRED,WGS,GENOMIC,unspecified,,EGAS00001005340,EGA00002011297,2021-06-22 15:30:20+02,2021-06-22 15:30:20+02
EGAX00002472347,Whole genome sequencing,,,,,ILLUMINA,Illumina HiSeq 2500,PAIRED,WGS,GENOMIC,unspecified,,EGAS00001005340,EGA00002011298,2021-06-22 15:30:24+02,2021-06-22 15:30:24+02
EGAX00002472348,Whole genome sequencing,,,,,ILLUMINA,Illumina HiSeq 2500,PAIRED,WGS,GENOMIC,unspecified,,EGAS00001005340,EGA00002011299,2021-06-22 15:30:28+02,2021-06-22 15:30:28+02
EGAX00002472349,Whole genome sequencing,,,,,ILLUMINA,Illumina HiSeq 2500,PAIRED,WGS,GENOMIC,unspecified,,EGAS00001005340,EGA00002011300,2021-06-22 15:30:31+02,2021-06-22 15:30:31+02
EGAX00002472350,Whole genome sequencing,,,,,ILLUMINA,Illumina HiSeq 2500,PAIRED,WGS,GENOMIC,unspecified,,EGAS00001005340,EGA00002011301,2021-06-22 15:30:35+02,2021-06-22 15:30:35+02
EGAX00002472351,Whole genome sequencing,,,,,ILLUMINA,Illumina HiSeq 2500,PAIRED,WGS,GENOMIC,unspecified,,EGAS00001005340,EGA00002011302,2021-06-22 15:30:39+02,2021-06-22 15:30:39+02
EGAX00002472352,Whole genome sequencing,,,,,ILLUMINA,Illumina HiSeq 2500,PAIRED,WGS,GENOMIC,unspecified,,EGAS00001005340,EGA00002011303,2021-06-22 15:30:43+02,2021-06-22 15:30:43+02
EGAX00002472353,Whole genome sequencing,,,,,ILLUMINA,Illumina HiSeq 2500,PAIRED,WGS,GENOMIC,unspecified,,EGAS00001005340,EGA00002011304,2021-06-22 15:30:47+02,2021-06-22 15:30:47+02
EGAX00002472354,Whole genome sequencing,,,,,ILLUMINA,Illumina HiSeq 2500,PAIRED,WGS,GENOMIC,unspecified,,EGAS00001005340,EGA00002011305,2021-06-22 15:30:50+02,2021-06-22 15:30:50+02
EGAX00002472355,Whole genome sequencing,,,,,ILLUMINA,Illumina HiSeq 2500,PAIRED,WGS,GENOMIC,unspecified,,EGAS00001005340,EGA00002011307,2021-06-22 15:30:54+02,2021-06-22 15:30:54+02
EGAX00002472356,Whole genome sequencing,,,,,ILLUMINA,Illumina HiSeq 2500,PAIRED,WGS,GENOMIC,unspecified,,EGAS00001005340,EGA00002011308,2021-06-22 15:30:58+02,2021-06-22 15:30:58+02
EGAX00002472357,Whole genome sequencing,,,,,ILLUMINA,Illumina HiSeq 2500,PAIRED,WGS,GENOMIC,unspecified,,EGAS00001005340,EGA00002011309,2021-06-22 15:31:02+02,2021-06-22 15:31:02+02
EGAX00002472358,Whole genome sequencing,,,,,ILLUMINA,Illumina HiSeq 2500,PAIRED,WGS,GENOMIC,unspecified,,EGAS00001005340,EGA00002011310,2021-06-22 15:31:06+02,2021-06-22 15:31:06+02
EGAX00002472359,Whole genome sequencing,,,,,ILLUMINA,Illumina HiSeq 2500,PAIRED,WGS,GENOMIC,unspecified,,EGAS00001005340,EGA00002011311,2021-06-22 15:31:10+02,2021-06-22 15:31:10+02
EGAX00002472360,Whole genome sequencing,,,,,ILLUMINA,Illumina HiSeq 2500,PAIRED,WGS,GENOMIC,unspecified,,EGAS00001005340,EGA00002011312,2021-06-22 15:31:14+02,2021-06-22 15:31:14+02
EGAX00002472361,Whole genome sequencing,,,,,ILLUMINA,Illumina HiSeq 2500,PAIRED,WGS,GENOMIC,unspecified,,EGAS00001005340,EGA00002011313,2021-06-22 15:31:18+02,2021-06-22 15:31:18+02
EGAX00002472362,Whole genome sequencing,,,,,ILLUMINA,Illumina HiSeq 2500,PAIRED,WGS,GENOMIC,unspecified,,EGAS00001005340,EGA00002011314,2021-06-22 15:31:22+02,2021-06-22 15:31:22+02
EGAX00002472363,Whole genome sequencing,,,,,ILLUMINA,Illumina HiSeq 2500,PAIRED,WGS,GENOMIC,unspecified,,EGAS00001005340,EGA00002011315,2021-06-22 15:31:25+02,2021-06-22 15:31:25+02
EGAX00002472364,Whole genome sequencing,,,,,ILLUMINA,Illumina HiSeq 2500,PAIRED,WGS,GENOMIC,unspecified,,EGAS00001005340,EGA00002011316,2021-06-22 15:31:29+02,2021-06-22 15:31:29+02
EGAX00002472365,Whole genome sequencing,,,,,ILLUMINA,Illumina HiSeq 2500,PAIRED,WGS,GENOMIC,unspecified,,EGAS00001005340,EGA00002011317,2021-06-22 15:31:33+02,2021-06-22 15:31:33+02
EGAX00002472366,Whole genome sequencing,,,,,ILLUMINA,Illumina HiSeq 2500,PAIRED,WGS,GENOMIC,unspecified,,EGAS00001005340,EGA00002011318,2021-06-22 15:31:37+02,2021-06-22 15:31:37+02
EGAX00002472367,Whole genome sequencing,,,,,ILLUMINA,Illumina HiSeq 2500,PAIRED,WGS,GENOMIC,unspecified,,EGAS00001005340,EGA00002011319,2021-06-22 15:31:40+02,2021-06-22 15:31:40+02
EGAX00002472368,Whole genome sequencing,,,,,ILLUMINA,Illumina HiSeq 2500,PAIRED,WGS,GENOMIC,unspecified,,EGAS00001005340,EGA00002011320,2021-06-22 15:31:44+02,2021-06-22 15:31:44+02
EGAX00002472369,Whole genome sequencing,,,,,ILLUMINA,Illumina HiSeq 2500,PAIRED,WGS,GENOMIC,unspecified,,EGAS00001005340,EGA00002011321,2021-06-22 15:31:48+02,2021-06-22 15:31:48+02
EGAX00002472370,Whole genome sequencing,,,,,ILLUMINA,Illumina HiSeq 2500,PAIRED,WGS,GENOMIC,unspecified,,EGAS00001005340,EGA00002011322,2021-06-22 15:31:52+02,2021-06-22 15:31:52+02
EGAX00002472371,Whole genome sequencing,,,,,ILLUMINA,Illumina HiSeq 2500,PAIRED,WGS,GENOMIC,unspecified,,EGAS00001005340,EGA00002011323,2021-06-22 15:31:56+02,2021-06-22 15:31:56+02
EGAX00002472372,Whole genome sequencing,,,,,ILLUMINA,Illumina HiSeq 2500,PAIRED,WGS,GENOMIC,unspecified,,EGAS00001005340,EGA00002011324,2021-06-22 15:31:59+02,2021-06-22 15:31:59+02
EGAX00002472373,Whole genome sequencing,,,,,ILLUMINA,Illumina HiSeq 2500,PAIRED,WGS,GENOMIC,unspecified,,EGAS00001005340,EGA00002011325,2021-06-22 15:32:03+02,2021-06-22 15:32:03+02
EGAX00002472374,Whole genome sequencing,,,,,ILLUMINA,Illumina HiSeq 2500,PAIRED,WGS,GENOMIC,unspecified,,EGAS00001005340,EGA00002011326,2021-06-22 15:32:07+02,2021-06-22 15:32:07+02
EGAX00002472375,Whole genome sequencing,,,,,ILLUMINA,Illumina HiSeq 2500,PAIRED,WGS,GENOMIC,unspecified,,EGAS00001005340,EGA00002011327,2021-06-22 15:32:11+02,2021-06-22 15:32:11+02
EGAX00002472376,Whole genome sequencing,,,,,ILLUMINA,Illumina HiSeq 2500,PAIRED,WGS,GENOMIC,unspecified,,EGAS00001005340,EGA00002011328,2021-06-22 15:32:14+02,2021-06-22 15:32:14+02
EGAX00002472377,Whole genome sequencing,,,,,ILLUMINA,Illumina HiSeq 2500,PAIRED,WGS,GENOMIC,unspecified,,EGAS00001005340,EGA00002011329,2021-06-22 15:32:18+02,2021-06-22 15:32:18+02
EGAX00002472378,Whole genome sequencing,,,,,ILLUMINA,Illumina HiSeq 2500,PAIRED,WGS,GENOMIC,unspecified,,EGAS00001005340,EGA00002011330,2021-06-22 15:32:22+02,2021-06-22 15:32:22+02
EGAX00002472379,Whole genome sequencing,,,,,ILLUMINA,Illumina HiSeq 2500,PAIRED,WGS,GENOMIC,unspecified,,EGAS00001005340,EGA00002011331,2021-06-22 15:32:26+02,2021-06-22 15:32:26+02
EGAX00002472380,Whole genome sequencing,,,,,ILLUMINA,Illumina HiSeq 2500,PAIRED,WGS,GENOMIC,unspecified,,EGAS00001005340,EGA00002011332,2021-06-22 15:32:30+02,2021-06-22 15:32:30+02
EGAX00002472381,Whole genome sequencing,,,,,ILLUMINA,Illumina HiSeq 2500,PAIRED,WGS,GENOMIC,unspecified,,EGAS00001005340,EGA00002011333,2021-06-22 15:32:33+02,2021-06-22 15:32:33+02
EGAX00002472382,Whole genome sequencing,,,,,ILLUMINA,Illumina HiSeq 2500,PAIRED,WGS,GENOMIC,unspecified,,EGAS00001005340,EGA00002011334,2021-06-22 15:32:37+02,2021-06-22 15:32:37+02
EGAX00002472383,Whole genome sequencing,,,,,ILLUMINA,Illumina HiSeq 2500,PAIRED,WGS,GENOMIC,unspecified,,EGAS00001005340,EGA00002011335,2021-06-22 15:32:41+02,2021-06-22 15:32:41+02
EGAX00002472384,Whole genome sequencing,,,,,ILLUMINA,Illumina HiSeq 2500,PAIRED,WGS,GENOMIC,unspecified,,EGAS00001005340,EGA00002011336,2021-06-22 15:32:45+02,2021-06-22 15:32:45+02
EGAX00002472385,Whole genome sequencing,,,,,ILLUMINA,Illumina HiSeq 2500,PAIRED,WGS,GENOMIC,unspecified,,EGAS00001005340,EGA00002011337,2021-06-22 15:32:48+02,2021-06-22 15:32:48+02
EGAX00002472386,Whole genome sequencing,,,,,ILLUMINA,Illumina HiSeq 2500,PAIRED,WGS,GENOMIC,unspecified,,EGAS00001005340,EGA00002011338,2021-06-22 15:32:52+02,2021-06-22 15:32:52+02
EGAX00002472387,Whole genome sequencing,,,,,ILLUMINA,Illumina HiSeq 2500,PAIRED,WGS,GENOMIC,unspecified,,EGAS00001005340,EGA00002011339,2021-06-22 15:32:56+02,2021-06-22 15:32:56+02
EGAX00002472388,Whole genome sequencing,,,,,ILLUMINA,Illumina HiSeq 2500,PAIRED,WGS,GENOMIC,unspecified,,EGAS00001005340,EGA00002011340,2021-06-22 15:33:00+02,2021-06-22 15:33:00+02
EGAX00002472389,Whole genome sequencing,,,,,ILLUMINA,Illumina HiSeq 2500,PAIRED,WGS,GENOMIC,unspecified,,EGAS00001005340,EGA00002011341,2021-06-22 15:33:04+02,2021-06-22 15:33:04+02
EGAX00002472390,Whole genome sequencing,,,,,ILLUMINA,Illumina HiSeq 2500,PAIRED,WGS,GENOMIC,unspecified,,EGAS00001005340,EGA00002011342,2021-06-22 15:33:08+02,2021-06-22 15:33:08+02
EGAX00002472391,Whole genome sequencing,,,,,ILLUMINA,Illumina HiSeq 2500,PAIRED,WGS,GENOMIC,unspecified,,EGAS00001005340,EGA00002011343,2021-06-22 15:33:12+02,2021-06-22 15:33:12+02
EGAX00002472392,Whole genome sequencing,,,,,ILLUMINA,Illumina HiSeq 2500,PAIRED,WGS,GENOMIC,unspecified,,EGAS00001005340,EGA00002011344,2021-06-22 15:33:15+02,2021-06-22 15:33:15+02
EGAX00002472393,Whole genome sequencing,,,,,ILLUMINA,Illumina HiSeq 2500,PAIRED,WGS,GENOMIC,unspecified,,EGAS00001005340,EGA00002011345,2021-06-22 15:33:19+02,2021-06-22 15:33:19+02
EGAX00002472394,Whole genome sequencing,,,,,ILLUMINA,Illumina HiSeq 2500,PAIRED,WGS,GENOMIC,unspecified,,EGAS00001005340,EGA00002011346,2021-06-22 15:33:23+02,2021-06-22 15:33:23+02
EGAX00002472395,Whole genome sequencing,,,,,ILLUMINA,Illumina HiSeq 2500,PAIRED,WGS,GENOMIC,unspecified,,EGAS00001005340,EGA00002011347,2021-06-22 15:33:27+02,2021-06-22 15:33:27+02
EGAX00002472396,Whole genome sequencing,,,,,ILLUMINA,Illumina HiSeq 2500,PAIRED,WGS,GENOMIC,unspecified,,EGAS00001005340,EGA00002011348,2021-06-22 15:33:30+02,2021-06-22 15:33:30+02
EGAX00002472397,Whole genome sequencing,,,,,ILLUMINA,Illumina HiSeq 2500,PAIRED,WGS,GENOMIC,unspecified,,EGAS00001005340,EGA00002011349,2021-06-22 15:33:34+02,2021-06-22 15:33:34+02
EGAX00002472398,Whole genome sequencing,,,,,ILLUMINA,Illumina HiSeq 2500,PAIRED,WGS,GENOMIC,unspecified,,EGAS00001005340,EGA00002011350,2021-06-22 15:33:38+02,2021-06-22 15:33:38+02
EGAX00002472399,Whole genome sequencing,,,,,ILLUMINA,Illumina HiSeq 2500,PAIRED,WGS,GENOMIC,unspecified,,EGAS00001005340,EGA00002011351,2021-06-22 15:33:42+02,2021-06-22 15:33:42+02
EGAX00002472400,Whole genome sequencing,,,,,ILLUMINA,Illumina HiSeq 2500,PAIRED,WGS,GENOMIC,unspecified,,EGAS00001005340,EGA00002011352,2021-06-22 15:33:46+02,2021-06-22 15:33:46+02
EGAX00002472401,Whole genome sequencing,,,,,ILLUMINA,Illumina HiSeq 2500,PAIRED,WGS,GENOMIC,unspecified,,EGAS00001005340,EGA00002011353,2021-06-22 15:33:50+02,2021-06-22 15:33:50+02
EGAX00002472402,Whole genome sequencing,,,,,ILLUMINA,Illumina HiSeq 2500,PAIRED,WGS,GENOMIC,unspecified,,EGAS00001005340,EGA00002011354,2021-06-22 15:33:53+02,2021-06-22 15:33:53+02
EGAX00002472403,Whole genome sequencing,,,,,ILLUMINA,Illumina HiSeq 2500,PAIRED,WGS,GENOMIC,unspecified,,EGAS00001005340,EGA00002011355,2021-06-22 15:33:57+02,2021-06-22 15:33:57+02
EGAX00002472404,Whole genome sequencing,,,,,ILLUMINA,Illumina HiSeq 2500,PAIRED,WGS,GENOMIC,unspecified,,EGAS00001005340,EGA00002011356,2021-06-22 15:34:01+02,2021-06-22 15:34:01+02
EGAX00002472405,Whole genome sequencing,,,,,ILLUMINA,Illumina HiSeq 2500,PAIRED,WGS,GENOMIC,unspecified,,EGAS00001005340,EGA00002011357,2021-06-22 15:34:05+02,2021-06-22 15:34:05+02
EGAX00002472406,Whole genome sequencing,,,,,ILLUMINA,Illumina HiSeq 2500,PAIRED,WGS,GENOMIC,unspecified,,EGAS00001005340,EGA00002011358,2021-06-22 15:34:08+02,2021-06-22 15:34:08+02
EGAX00002472407,Whole genome sequencing,,,,,ILLUMINA,Illumina HiSeq 2500,PAIRED,WGS,GENOMIC,unspecified,,EGAS00001005340,EGA00002011359,2021-06-22 15:34:12+02,2021-06-22 15:34:12+02
EGAX00002472408,Whole genome sequencing,,,,,ILLUMINA,Illumina HiSeq 2500,PAIRED,WGS,GENOMIC,unspecified,,EGAS00001005340,EGA00002011360,2021-06-22 15:34:16+02,2021-06-22 15:34:16+02
EGAX00002472409,Whole genome sequencing,,,,,ILLUMINA,Illumina HiSeq 2500,PAIRED,WGS,GENOMIC,unspecified,,EGAS00001005340,EGA00002011361,2021-06-22 15:34:20+02,2021-06-22 15:34:20+02
EGAX00002472410,Whole genome sequencing,,,,,ILLUMINA,Illumina HiSeq 2500,PAIRED,WGS,GENOMIC,unspecified,,EGAS00001005340,EGA00002011362,2021-06-22 15:34:24+02,2021-06-22 15:34:24+02
EGAX00002472411,Whole genome sequencing,,,,,ILLUMINA,Illumina HiSeq 2500,PAIRED,WGS,GENOMIC,unspecified,,EGAS00001005340,EGA00002011363,2021-06-22 15:34:28+02,2021-06-22 15:34:28+02
EGAX00002472412,Whole genome sequencing,,,,,ILLUMINA,Illumina HiSeq 2500,PAIRED,WGS,GENOMIC,unspecified,,EGAS00001005340,EGA00002011364,2021-06-22 15:34:31+02,2021-06-22 15:34:31+02
EGAX00002472413,Whole genome sequencing,,,,,ILLUMINA,Illumina HiSeq 2500,PAIRED,WGS,GENOMIC,unspecified,,EGAS00001005340,EGA00002011365,2021-06-22 15:34:35+02,2021-06-22 15:34:35+02
EGAX00002472414,Whole genome sequencing,,,,,ILLUMINA,Illumina HiSeq 2500,PAIRED,WGS,GENOMIC,unspecified,,EGAS00001005340,EGA00002011366,2021-06-22 15:34:39+02,2021-06-22 15:34:39+02
EGAX00002472415,Whole genome sequencing,,,,,ILLUMINA,Illumina HiSeq 2500,PAIRED,WGS,GENOMIC,unspecified,,EGAS00001005340,EGA00002011367,2021-06-22 15:34:43+02,2021-06-22 15:34:43+02
EGAX00002472416,Whole genome sequencing,,,,,ILLUMINA,Illumina HiSeq 2500,PAIRED,WGS,GENOMIC,unspecified,,EGAS00001005340,EGA00002011368,2021-06-22 15:34:46+02,2021-06-22 15:34:46+02
EGAX00002472417,Whole genome sequencing,,,,,ILLUMINA,Illumina HiSeq 2500,PAIRED,WGS,GENOMIC,unspecified,,EGAS00001005340,EGA00002011369,2021-06-22 15:34:50+02,2021-06-22 15:34:50+02
EGAX00002472418,Whole genome sequencing,,,,,ILLUMINA,Illumina HiSeq 2500,PAIRED,WGS,GENOMIC,unspecified,,EGAS00001005340,EGA00002011370,2021-06-22 15:34:54+02,2021-06-22 15:34:54+02
EGAX00002472419,Whole genome sequencing,,,,,ILLUMINA,Illumina HiSeq 2500,PAIRED,WGS,GENOMIC,unspecified,,EGAS00001005340,EGA00002011371,2021-06-22 15:34:58+02,2021-06-22 15:34:58+02
EGAX00002472420,Whole genome sequencing,,,,,ILLUMINA,Illumina HiSeq 2500,PAIRED,WGS,GENOMIC,unspecified,,EGAS00001005340,EGA00002011372,2021-06-22 15:35:02+02,2021-06-22 15:35:02+02
EGAX00002472421,Whole genome sequencing,,,,,ILLUMINA,Illumina HiSeq 2500,PAIRED,WGS,GENOMIC,unspecified,,EGAS00001005340,EGA00002011373,2021-06-22 15:35:05+02,2021-06-22 15:35:05+02
EGAX00002472422,Whole genome sequencing,,,,,ILLUMINA,Illumina HiSeq 2500,PAIRED,WGS,GENOMIC,unspecified,,EGAS00001005340,EGA00002011374,2021-06-22 15:35:09+02,2021-06-22 15:35:09+02
EGAX00002472423,Whole genome sequencing,,,,,ILLUMINA,Illumina HiSeq 2500,PAIRED,WGS,GENOMIC,unspecified,,EGAS00001005340,EGA00002011375,2021-06-22 15:35:13+02,2021-06-22 15:35:13+02
EGAX00002472424,Whole genome sequencing,,,,,ILLUMINA,Illumina HiSeq 2500,PAIRED,WGS,GENOMIC,unspecified,,EGAS00001005340,EGA00002011376,2021-06-22 15:35:17+02,2021-06-22 15:35:17+02
EGAX00002472425,Whole genome sequencing,,,,,ILLUMINA,Illumina HiSeq 2500,PAIRED,WGS,GENOMIC,unspecified,,EGAS00001005340,EGA00002011377,2021-06-22 15:35:21+02,2021-06-22 15:35:21+02
EGAX00002472426,Whole genome sequencing,,,,,ILLUMINA,Illumina HiSeq 2500,PAIRED,WGS,GENOMIC,unspecified,,EGAS00001005340,EGA00002011378,2021-06-22 15:35:24+02,2021-06-22 15:35:24+02
EGAX00002472427,Whole genome sequencing,,,,,ILLUMINA,Illumina HiSeq 2500,PAIRED,WGS,GENOMIC,unspecified,,EGAS00001005340,EGA00002011379,2021-06-22 15:35:28+02,2021-06-22 15:35:28+02
EGAX00002472428,Whole genome sequencing,,,,,ILLUMINA,Illumina HiSeq 2500,PAIRED,WGS,GENOMIC,unspecified,,EGAS00001005340,EGA00002011380,2021-06-22 15:35:32+02,2021-06-22 15:35:32+02
EGAX00002472429,Whole genome sequencing,,,,,ILLUMINA,Illumina HiSeq 2500,PAIRED,WGS,GENOMIC,unspecified,,EGAS00001005340,EGA00002011381,2021-06-22 15:35:36+02,2021-06-22 15:35:36+02
EGAX00002472430,Whole genome sequencing,,,,,ILLUMINA,Illumina HiSeq 2500,PAIRED,WGS,GENOMIC,unspecified,,EGAS00001005340,EGA00002011382,2021-06-22 15:35:39+02,2021-06-22 15:35:39+02
EGAX00002472431,Whole genome sequencing,,,,,ILLUMINA,Illumina HiSeq 2500,PAIRED,WGS,GENOMIC,unspecified,,EGAS00001005340,EGA00002011383,2021-06-22 15:35:43+02,2021-06-22 15:35:43+02
EGAX00002472432,Whole genome sequencing,,,,,ILLUMINA,Illumina HiSeq 2500,PAIRED,WGS,GENOMIC,unspecified,,EGAS00001005340,EGA00002011384,2021-06-22 15:35:47+02,2021-06-22 15:35:47+02
EGAX00002472433,Whole genome sequencing,,,,,ILLUMINA,Illumina HiSeq 2500,PAIRED,WGS,GENOMIC,unspecified,,EGAS00001005340,EGA00002011385,2021-06-22 15:35:51+02,2021-06-22 15:35:51+02
EGAX00002472434,Whole genome sequencing,,,,,ILLUMINA,Illumina HiSeq 2500,PAIRED,WGS,GENOMIC,unspecified,,EGAS00001005340,EGA00002011386,2021-06-22 15:35:55+02,2021-06-22 15:35:55+02
EGAX00002472435,Whole genome sequencing,,,,,ILLUMINA,Illumina HiSeq 2500,PAIRED,WGS,GENOMIC,unspecified,,EGAS00001005340,EGA00002011387,2021-06-22 15:35:59+02,2021-06-22 15:35:59+02
EGAX00002472436,Whole genome sequencing,,,,,ILLUMINA,Illumina HiSeq 2500,PAIRED,WGS,GENOMIC,unspecified,,EGAS00001005340,EGA00002011388,2021-06-22 15:36:03+02,2021-06-22 15:36:03+02
EGAX00002472437,Whole genome sequencing,,,,,ILLUMINA,Illumina HiSeq 2500,PAIRED,WGS,GENOMIC,unspecified,,EGAS00001005340,EGA00002011389,2021-06-22 15:36:07+02,2021-06-22 15:36:07+02
EGAX00002472438,Whole genome sequencing,,,,,ILLUMINA,Illumina HiSeq 2500,PAIRED,WGS,GENOMIC,unspecified,,EGAS00001005340,EGA00002011390,2021-06-22 15:36:10+02,2021-06-22 15:36:10+02
EGAX00002472439,Whole genome sequencing,,,,,ILLUMINA,Illumina HiSeq 2500,PAIRED,WGS,GENOMIC,unspecified,,EGAS00001005340,EGA00002011391,2021-06-22 15:36:14+02,2021-06-22 15:36:14+02
EGAX00002472440,Whole genome sequencing,,,,,ILLUMINA,Illumina HiSeq 2500,PAIRED,WGS,GENOMIC,unspecified,,EGAS00001005340,EGA00002011392,2021-06-22 15:36:18+02,2021-06-22 15:36:18+02
EGAX00002472441,Whole genome sequencing,,,,,ILLUMINA,Illumina HiSeq 2500,PAIRED,WGS,GENOMIC,unspecified,,EGAS00001005340,EGA00002011393,2021-06-22 15:36:22+02,2021-06-22 15:36:22+02
EGAX00002472442,Whole genome sequencing,,,,,ILLUMINA,Illumina HiSeq 2500,PAIRED,WGS,GENOMIC,unspecified,,EGAS00001005340,EGA00002011394,2021-06-22 15:36:26+02,2021-06-22 15:36:26+02
EGAX00002472443,Whole genome sequencing,,,,,ILLUMINA,Illumina HiSeq 2500,PAIRED,WGS,GENOMIC,unspecified,,EGAS00001005340,EGA00002011395,2021-06-22 15:36:30+02,2021-06-22 15:36:30+02
EGAX00002472444,Whole genome sequencing,,,,,ILLUMINA,Illumina HiSeq 2500,PAIRED,WGS,GENOMIC,unspecified,,EGAS00001005340,EGA00002011396,2021-06-22 15:36:34+02,2021-06-22 15:36:34+02
EGAX00002472445,Whole genome sequencing,,,,,ILLUMINA,Illumina HiSeq 2500,PAIRED,WGS,GENOMIC,unspecified,,EGAS00001005340,EGA00002011397,2021-06-22 15:36:37+02,2021-06-22 15:36:37+02
EGAX00002472446,Whole genome sequencing,,,,,ILLUMINA,Illumina HiSeq 2500,PAIRED,WGS,GENOMIC,unspecified,,EGAS00001005340,EGA00002011398,2021-06-22 15:36:41+02,2021-06-22 15:36:41+02
EGAX00002472447,Whole genome sequencing,,,,,ILLUMINA,Illumina HiSeq 2500,PAIRED,WGS,GENOMIC,unspecified,,EGAS00001005340,EGA00002011399,2021-06-22 15:36:45+02,2021-06-22 15:36:45+02
EGAX00002472448,Whole genome sequencing,,,,,ILLUMINA,Illumina HiSeq 2500,PAIRED,WGS,GENOMIC,unspecified,,EGAS00001005340,EGA00002011400,2021-06-22 15:36:49+02,2021-06-22 15:36:49+02
EGAX00002472449,Whole genome sequencing,,,,,ILLUMINA,Illumina HiSeq 2500,PAIRED,WGS,GENOMIC,unspecified,,EGAS00001005340,EGA00002011401,2021-06-22 15:36:52+02,2021-06-22 15:36:52+02
EGAX00002472450,Whole genome sequencing,,,,,ILLUMINA,Illumina HiSeq 2500,PAIRED,WGS,GENOMIC,unspecified,,EGAS00001005340,EGA00002011402,2021-06-22 15:36:56+02,2021-06-22 15:36:56+02
EGAX00002472451,Whole genome sequencing,,,,,ILLUMINA,Illumina HiSeq 2500,PAIRED,WGS,GENOMIC,unspecified,,EGAS00001005340,EGA00002011403,2021-06-22 15:37:00+02,2021-06-22 15:37:00+02
EGAX00002472452,Whole genome sequencing,,,,,ILLUMINA,Illumina HiSeq 2500,PAIRED,WGS,GENOMIC,unspecified,,EGAS00001005340,EGA00002011404,2021-06-22 15:37:04+02,2021-06-22 15:37:04+02
EGAX00002472453,Whole genome sequencing,,,,,ILLUMINA,Illumina HiSeq 2500,PAIRED,WGS,GENOMIC,unspecified,,EGAS00001005340,EGA00002011405,2021-06-22 15:37:08+02,2021-06-22 15:37:08+02
EGAX00002472454,Whole genome sequencing,,,,,ILLUMINA,Illumina HiSeq 2500,PAIRED,WGS,GENOMIC,unspecified,,EGAS00001005340,EGA00002011406,2021-06-22 15:37:11+02,2021-06-22 15:37:11+02
EGAX00002472455,Whole genome sequencing,,,,,ILLUMINA,Illumina HiSeq 2500,PAIRED,WGS,GENOMIC,unspecified,,EGAS00001005340,EGA00002011407,2021-06-22 15:37:15+02,2021-06-22 15:37:15+02
EGAX00002472456,Whole genome sequencing,,,,,ILLUMINA,Illumina HiSeq 2500,PAIRED,WGS,GENOMIC,unspecified,,EGAS00001005340,EGA00002011408,2021-06-22 15:37:19+02,2021-06-22 15:37:19+02
EGAX00002472457,Whole genome sequencing,,,,,ILLUMINA,Illumina HiSeq 2500,PAIRED,WGS,GENOMIC,unspecified,,EGAS00001005340,EGA00002011409,2021-06-22 15:37:23+02,2021-06-22 15:37:23+02
EGAX00002472458,Whole genome sequencing,,,,,ILLUMINA,Illumina HiSeq 2500,PAIRED,WGS,GENOMIC,unspecified,,EGAS00001005340,EGA00002011410,2021-06-22 15:37:27+02,2021-06-22 15:37:27+02
EGAX00002472459,Whole genome sequencing,,,,,ILLUMINA,Illumina HiSeq 2500,PAIRED,WGS,GENOMIC,unspecified,,EGAS00001005340,EGA00002011411,2021-06-22 15:37:30+02,2021-06-22 15:37:30+02
EGAX00002472460,Whole genome sequencing,,,,,ILLUMINA,Illumina HiSeq 2500,PAIRED,WGS,GENOMIC,unspecified,,EGAS00001005340,EGA00002011412,2021-06-22 15:37:34+02,2021-06-22 15:37:34+02
EGAX00002472461,Whole genome sequencing,,,,,ILLUMINA,Illumina HiSeq 2500,PAIRED,WGS,GENOMIC,unspecified,,EGAS00001005340,EGA00002011413,2021-06-22 15:37:38+02,2021-06-22 15:37:38+02
EGAX00002472462,Whole genome sequencing,,,,,ILLUMINA,Illumina HiSeq 2500,PAIRED,WGS,GENOMIC,unspecified,,EGAS00001005340,EGA00002011414,2021-06-22 15:37:42+02,2021-06-22 15:37:42+02
EGAX00002472463,Whole genome sequencing,,,,,ILLUMINA,Illumina HiSeq 2500,PAIRED,WGS,GENOMIC,unspecified,,EGAS00001005340,EGA00002011415,2021-06-22 15:37:46+02,2021-06-22 15:37:46+02
EGAX00002472464,Whole genome sequencing,,,,,ILLUMINA,Illumina HiSeq 2500,PAIRED,WGS,GENOMIC,unspecified,,EGAS00001005340,EGA00002011416,2021-06-22 15:37:49+02,2021-06-22 15:37:49+02
EGAX00002472465,Whole genome sequencing,,,,,ILLUMINA,Illumina HiSeq 2500,PAIRED,WGS,GENOMIC,unspecified,,EGAS00001005340,EGA00002011417,2021-06-22 15:37:53+02,2021-06-22 15:37:53+02
EGAX00002472466,Whole genome sequencing,,,,,ILLUMINA,Illumina HiSeq 2500,PAIRED,WGS,GENOMIC,unspecified,,EGAS00001005340,EGA00002011418,2021-06-22 15:37:57+02,2021-06-22 15:37:57+02
EGAX00002472467,Whole genome sequencing,,,,,ILLUMINA,Illumina HiSeq 2500,PAIRED,WGS,GENOMIC,unspecified,,EGAS00001005340,EGA00002011419,2021-06-22 15:38:01+02,2021-06-22 15:38:01+02
EGAX00002472468,Whole genome sequencing,,,,,ILLUMINA,Illumina HiSeq 2500,PAIRED,WGS,GENOMIC,unspecified,,EGAS00001005340,EGA00002011420,2021-06-22 15:38:05+02,2021-06-22 15:38:05+02
EGAX00002472469,Whole genome sequencing,,,,,ILLUMINA,Illumina HiSeq 2500,PAIRED,WGS,GENOMIC,unspecified,,EGAS00001005340,EGA00002011421,2021-06-22 15:38:08+02,2021-06-22 15:38:08+02
EGAX00002472470,Whole genome sequencing,,,,,ILLUMINA,Illumina HiSeq 2500,PAIRED,WGS,GENOMIC,unspecified,,EGAS00001005340,EGA00002011422,2021-06-22 15:38:12+02,2021-06-22 15:38:12+02
EGAX00002472471,Whole genome sequencing,,,,,ILLUMINA,Illumina HiSeq 2500,PAIRED,WGS,GENOMIC,unspecified,,EGAS00001005340,EGA00002011423,2021-06-22 15:38:16+02,2021-06-22 15:38:16+02
EGAX00002472472,Whole genome sequencing,,,,,ILLUMINA,Illumina HiSeq 2500,PAIRED,WGS,GENOMIC,unspecified,,EGAS00001005340,EGA00002011424,2021-06-22 15:38:20+02,2021-06-22 15:38:20+02
EGAX00002472473,Whole genome sequencing,,,,,ILLUMINA,Illumina HiSeq 2500,PAIRED,WGS,GENOMIC,unspecified,,EGAS00001005340,EGA00002011425,2021-06-22 15:38:24+02,2021-06-22 15:38:24+02
EGAX00002472474,Whole genome sequencing,,,,,ILLUMINA,Illumina HiSeq 2500,PAIRED,WGS,GENOMIC,unspecified,,EGAS00001005340,EGA00002011426,2021-06-22 15:38:27+02,2021-06-22 15:38:27+02
EGAX00002472475,Whole genome sequencing,,,,,ILLUMINA,Illumina HiSeq 2500,PAIRED,WGS,GENOMIC,unspecified,,EGAS00001005340,EGA00002011427,2021-06-22 15:38:31+02,2021-06-22 15:38:31+02
EGAX00002472476,Whole genome sequencing,,,,,ILLUMINA,Illumina HiSeq 2500,PAIRED,WGS,GENOMIC,unspecified,,EGAS00001005340,EGA00002011428,2021-06-22 15:38:35+02,2021-06-22 15:38:35+02
EGAX00002472477,Whole genome sequencing,,,,,ILLUMINA,Illumina HiSeq 2500,PAIRED,WGS,GENOMIC,unspecified,,EGAS00001005340,EGA00002011429,2021-06-22 15:38:39+02,2021-06-22 15:38:39+02
EGAX00002472478,Whole genome sequencing,,,,,ILLUMINA,Illumina HiSeq 2500,PAIRED,WGS,GENOMIC,unspecified,,EGAS00001005340,EGA00002011430,2021-06-22 15:38:43+02,2021-06-22 15:38:43+02
EGAX00002472479,Whole genome sequencing,,,,,ILLUMINA,Illumina HiSeq 2500,PAIRED,WGS,GENOMIC,unspecified,,EGAS00001005340,EGA00002011431,2021-06-22 15:38:46+02,2021-06-22 15:38:46+02
EGAX00002472480,Whole genome sequencing,,,,,ILLUMINA,Illumina HiSeq 2500,PAIRED,WGS,GENOMIC,unspecified,,EGAS00001005340,EGA00002011432,2021-06-22 15:38:50+02,2021-06-22 15:38:50+02
EGAX00002472481,Whole genome sequencing,,,,,ILLUMINA,Illumina HiSeq 2500,PAIRED,WGS,GENOMIC,unspecified,,EGAS00001005340,EGA00002011433,2021-06-22 15:38:54+02,2021-06-22 15:38:54+02
EGAX00002472482,Whole genome sequencing,,,,,ILLUMINA,Illumina HiSeq 2500,PAIRED,WGS,GENOMIC,unspecified,,EGAS00001005340,EGA00002011434,2021-06-22 15:38:58+02,2021-06-22 15:38:58+02
EGAX00002472483,Whole genome sequencing,,,,,ILLUMINA,Illumina HiSeq 2500,PAIRED,WGS,GENOMIC,unspecified,,EGAS00001005340,EGA00002011435,2021-06-22 15:39:02+02,2021-06-22 15:39:02+02
EGAX00002472484,Whole genome sequencing,,,,,ILLUMINA,Illumina HiSeq 2500,PAIRED,WGS,GENOMIC,unspecified,,EGAS00001005340,EGA00002011436,2021-06-22 15:39:05+02,2021-06-22 15:39:05+02
EGAX00002472485,Whole genome sequencing,,,,,ILLUMINA,Illumina HiSeq 2500,PAIRED,WGS,GENOMIC,unspecified,,EGAS00001005340,EGA00002011437,2021-06-22 15:39:09+02,2021-06-22 15:39:09+02
EGAX00002472486,Whole genome sequencing,,,,,ILLUMINA,Illumina HiSeq 2500,PAIRED,WGS,GENOMIC,unspecified,,EGAS00001005340,EGA00002011438,2021-06-22 15:39:13+02,2021-06-22 15:39:13+02
EGAX00002472487,Whole genome sequencing,,,,,ILLUMINA,Illumina HiSeq 2500,PAIRED,WGS,GENOMIC,unspecified,,EGAS00001005340,EGA00002011439,2021-06-22 15:39:17+02,2021-06-22 15:39:17+02
EGAX00002472488,Whole genome sequencing,,,,,ILLUMINA,Illumina HiSeq 2500,PAIRED,WGS,GENOMIC,unspecified,,EGAS00001005340,EGA00002011440,2021-06-22 15:39:21+02,2021-06-22 15:39:21+02
EGAX00002472489,Whole genome sequencing,,,,,ILLUMINA,Illumina HiSeq 2500,PAIRED,WGS,GENOMIC,unspecified,,EGAS00001005340,EGA00002011441,2021-06-22 15:39:25+02,2021-06-22 15:39:25+02
EGAX00002472490,Whole genome sequencing,,,,,ILLUMINA,Illumina HiSeq 2500,PAIRED,WGS,GENOMIC,unspecified,,EGAS00001005340,EGA00002011442,2021-06-22 15:39:28+02,2021-06-22 15:39:28+02
EGAX00002472491,Whole genome sequencing,,,,,ILLUMINA,Illumina HiSeq 2500,PAIRED,WGS,GENOMIC,unspecified,,EGAS00001005340,EGA00002011443,2021-06-22 15:39:32+02,2021-06-22 15:39:32+02
EGAX00002472492,Whole genome sequencing,,,,,ILLUMINA,Illumina HiSeq 2500,PAIRED,WGS,GENOMIC,unspecified,,EGAS00001005340,EGA00002011444,2021-06-22 15:39:36+02,2021-06-22 15:39:36+02
EGAX00002472493,Whole genome sequencing,,,,,ILLUMINA,Illumina HiSeq 2500,PAIRED,WGS,GENOMIC,unspecified,,EGAS00001005340,EGA00002011445,2021-06-22 15:39:40+02,2021-06-22 15:39:40+02
EGAX00002472494,Whole genome sequencing,,,,,ILLUMINA,Illumina HiSeq 2500,PAIRED,WGS,GENOMIC,unspecified,,EGAS00001005340,EGA00002011446,2021-06-22 15:39:43+02,2021-06-22 15:39:43+02
EGAX00002472495,Whole genome sequencing,,,,,ILLUMINA,Illumina HiSeq 2500,PAIRED,WGS,GENOMIC,unspecified,,EGAS00001005340,EGA00002011447,2021-06-22 15:39:47+02,2021-06-22 15:39:47+02
EGAX00002472496,Whole genome sequencing,,,,,ILLUMINA,Illumina HiSeq 2500,PAIRED,WGS,GENOMIC,unspecified,,EGAS00001005340,EGA00002011448,2021-06-22 15:39:51+02,2021-06-22 15:39:51+02
EGAX00002472497,Whole genome sequencing,,,,,ILLUMINA,Illumina HiSeq 2500,PAIRED,WGS,GENOMIC,unspecified,,EGAS00001005340,EGA00002011449,2021-06-22 15:39:55+02,2021-06-22 15:39:55+02
EGAX00002472498,Whole genome sequencing,,,,,ILLUMINA,Illumina HiSeq 2500,PAIRED,WGS,GENOMIC,unspecified,,EGAS00001005340,EGA00002011450,2021-06-22 15:39:59+02,2021-06-22 15:39:59+02
EGAX00002472499,Whole genome sequencing,,,,,ILLUMINA,Illumina HiSeq 2500,PAIRED,WGS,GENOMIC,unspecified,,EGAS00001005340,EGA00002011451,2021-06-22 15:40:03+02,2021-06-22 15:40:03+02
EGAX00002472500,Whole genome sequencing,,,,,ILLUMINA,Illumina HiSeq 2500,PAIRED,WGS,GENOMIC,unspecified,,EGAS00001005340,EGA00002011452,2021-06-22 15:40:07+02,2021-06-22 15:40:07+02
EGAX00002472501,Whole genome sequencing,,,,,ILLUMINA,Illumina HiSeq 2500,PAIRED,WGS,GENOMIC,unspecified,,EGAS00001005340,EGA00002011453,2021-06-22 15:40:11+02,2021-06-22 15:40:11+02
EGAX00002472502,Whole genome sequencing,,,,,ILLUMINA,Illumina HiSeq 2500,PAIRED,WGS,GENOMIC,unspecified,,EGAS00001005340,EGA00002011454,2021-06-22 15:40:14+02,2021-06-22 15:40:14+02
EGAX00002472503,Whole genome sequencing,,,,,ILLUMINA,Illumina HiSeq 2500,PAIRED,WGS,GENOMIC,unspecified,,EGAS00001005340,EGA00002011455,2021-06-22 15:40:18+02,2021-06-22 15:40:18+02
EGAX00002472504,Whole genome sequencing,,,,,ILLUMINA,Illumina HiSeq 2500,PAIRED,WGS,GENOMIC,unspecified,,EGAS00001005340,EGA00002011456,2021-06-22 15:40:22+02,2021-06-22 15:40:22+02
EGAX00002472505,Whole genome sequencing,,,,,ILLUMINA,Illumina HiSeq 2500,PAIRED,WGS,GENOMIC,unspecified,,EGAS00001005340,EGA00002011457,2021-06-22 15:40:26+02,2021-06-22 15:40:26+02
EGAX00002472506,Whole genome sequencing,,,,,ILLUMINA,Illumina HiSeq 2500,PAIRED,WGS,GENOMIC,unspecified,,EGAS00001005340,EGA00002011458,2021-06-22 15:40:29+02,2021-06-22 15:40:29+02
EGAX00002472507,Whole genome sequencing,,,,,ILLUMINA,Illumina HiSeq 2500,PAIRED,WGS,GENOMIC,unspecified,,EGAS00001005340,EGA00002011459,2021-06-22 15:40:33+02,2021-06-22 15:40:33+02
EGAX00002472508,Whole genome sequencing,,,,,ILLUMINA,Illumina HiSeq 2500,PAIRED,WGS,GENOMIC,unspecified,,EGAS00001005340,EGA00002011460,2021-06-22 15:40:37+02,2021-06-22 15:40:37+02
EGAX00002472509,Whole genome sequencing,,,,,ILLUMINA,Illumina HiSeq 2500,PAIRED,WGS,GENOMIC,unspecified,,EGAS00001005340,EGA00002011461,2021-06-22 15:40:41+02,2021-06-22 15:40:41+02
EGAX00002472510,Whole genome sequencing,,,,,ILLUMINA,Illumina HiSeq 2500,PAIRED,WGS,GENOMIC,unspecified,,EGAS00001005340,EGA00002011462,2021-06-22 15:40:44+02,2021-06-22 15:40:44+02
EGAX00002472511,Whole genome sequencing,,,,,ILLUMINA,Illumina HiSeq 2500,PAIRED,WGS,GENOMIC,unspecified,,EGAS00001005340,EGA00002011463,2021-06-22 15:40:48+02,2021-06-22 15:40:48+02
EGAX00002472512,Whole genome sequencing,,,,,ILLUMINA,Illumina HiSeq 2500,PAIRED,WGS,GENOMIC,unspecified,,EGAS00001005340,EGA00002011464,2021-06-22 15:40:52+02,2021-06-22 15:40:52+02
EGAX00002472513,Whole genome sequencing,,,,,ILLUMINA,Illumina HiSeq 2500,PAIRED,WGS,GENOMIC,unspecified,,EGAS00001005340,EGA00002011465,2021-06-22 15:40:56+02,2021-06-22 15:40:56+02
EGAX00002472514,Whole genome sequencing,,,,,ILLUMINA,Illumina HiSeq 2500,PAIRED,WGS,GENOMIC,unspecified,,EGAS00001005340,EGA00002011466,2021-06-22 15:40:59+02,2021-06-22 15:40:59+02
EGAX00002472515,Whole genome sequencing,,,,,ILLUMINA,Illumina HiSeq 2500,PAIRED,WGS,GENOMIC,unspecified,,EGAS00001005340,EGA00002011467,2021-06-22 15:41:04+02,2021-06-22 15:41:04+02
EGAX00002472516,Whole genome sequencing,,,,,ILLUMINA,Illumina HiSeq 2500,PAIRED,WGS,GENOMIC,unspecified,,EGAS00001005340,EGA00002011468,2021-06-22 15:41:07+02,2021-06-22 15:41:07+02
EGAX00002472517,Whole genome sequencing,,,,,ILLUMINA,Illumina HiSeq 2500,PAIRED,WGS,GENOMIC,unspecified,,EGAS00001005340,EGA00002011469,2021-06-22 15:41:11+02,2021-06-22 15:41:11+02
EGAX00002472518,Whole genome sequencing,,,,,ILLUMINA,Illumina HiSeq 2500,PAIRED,WGS,GENOMIC,unspecified,,EGAS00001005340,EGA00002011470,2021-06-22 15:41:16+02,2021-06-22 15:41:16+02
EGAX00002472519,Whole genome sequencing,,,,,ILLUMINA,Illumina HiSeq 2500,PAIRED,WGS,GENOMIC,unspecified,,EGAS00001005340,EGA00002011471,2021-06-22 15:41:19+02,2021-06-22 15:41:19+02
EGAX00002472520,Whole genome sequencing,,,,,ILLUMINA,Illumina HiSeq 2500,PAIRED,WGS,GENOMIC,unspecified,,EGAS00001005340,EGA00002011472,2021-06-22 15:41:23+02,2021-06-22 15:41:23+02
EGAX00002472521,Whole genome sequencing,,,,,ILLUMINA,Illumina HiSeq 2500,PAIRED,WGS,GENOMIC,unspecified,,EGAS00001005340,EGA00002011473,2021-06-22 15:41:27+02,2021-06-22 15:41:27+02
EGAX00002472522,Whole genome sequencing,,,,,ILLUMINA,Illumina HiSeq 2500,PAIRED,WGS,GENOMIC,unspecified,,EGAS00001005340,EGA00002011474,2021-06-22 15:41:31+02,2021-06-22 15:41:31+02
EGAX00002472523,Whole genome sequencing,,,,,ILLUMINA,Illumina HiSeq 2500,PAIRED,WGS,GENOMIC,unspecified,,EGAS00001005340,EGA00002011475,2021-06-22 15:41:35+02,2021-06-22 15:41:35+02
EGAX00002472524,Whole genome sequencing,,,,,ILLUMINA,Illumina HiSeq 2500,PAIRED,WGS,GENOMIC,unspecified,,EGAS00001005340,EGA00002011476,2021-06-22 15:41:38+02,2021-06-22 15:41:38+02
EGAX00002472525,Whole genome sequencing,,,,,ILLUMINA,Illumina HiSeq 2500,PAIRED,WGS,GENOMIC,unspecified,,EGAS00001005340,EGA00002011477,2021-06-22 15:41:42+02,2021-06-22 15:41:42+02
EGAX00002472526,Whole genome sequencing,,,,,ILLUMINA,Illumina HiSeq 2500,PAIRED,WGS,GENOMIC,unspecified,,EGAS00001005340,EGA00002011478,2021-06-22 15:41:46+02,2021-06-22 15:41:46+02
EGAX00002472527,Whole genome sequencing,,,,,ILLUMINA,Illumina HiSeq 2500,PAIRED,WGS,GENOMIC,unspecified,,EGAS00001005340,EGA00002011479,2021-06-22 15:41:50+02,2021-06-22 15:41:50+02
EGAX00002472528,Whole genome sequencing,,,,,ILLUMINA,Illumina HiSeq 2500,PAIRED,WGS,GENOMIC,unspecified,,EGAS00001005340,EGA00002011480,2021-06-22 15:41:53+02,2021-06-22 15:41:53+02
EGAX00002472529,Whole genome sequencing,,,,,ILLUMINA,Illumina HiSeq 2500,PAIRED,WGS,GENOMIC,unspecified,,EGAS00001005340,EGA00002011481,2021-06-22 15:41:57+02,2021-06-22 15:41:57+02
EGAX00002472530,Whole genome sequencing,,,,,ILLUMINA,Illumina HiSeq 2500,PAIRED,WGS,GENOMIC,unspecified,,EGAS00001005340,EGA00002011482,2021-06-22 15:42:01+02,2021-06-22 15:42:01+02
EGAX00002472531,Whole genome sequencing,,,,,ILLUMINA,Illumina HiSeq 2500,PAIRED,WGS,GENOMIC,unspecified,,EGAS00001005340,EGA00002011483,2021-06-22 15:42:05+02,2021-06-22 15:42:05+02
EGAX00002472532,Whole genome sequencing,,,,,ILLUMINA,Illumina HiSeq 2500,PAIRED,WGS,GENOMIC,unspecified,,EGAS00001005340,EGA00002011484,2021-06-22 15:42:08+02,2021-06-22 15:42:08+02
EGAX00002472533,Whole genome sequencing,,,,,ILLUMINA,Illumina HiSeq 2500,PAIRED,WGS,GENOMIC,unspecified,,EGAS00001005340,EGA00002011485,2021-06-22 15:42:12+02,2021-06-22 15:42:12+02
EGAX00002472534,Whole genome sequencing,,,,,ILLUMINA,Illumina HiSeq 2500,PAIRED,WGS,GENOMIC,unspecified,,EGAS00001005340,EGA00002011486,2021-06-22 15:42:16+02,2021-06-22 15:42:16+02
EGAX00002472535,Whole genome sequencing,,,,,ILLUMINA,Illumina HiSeq 2500,PAIRED,WGS,GENOMIC,unspecified,,EGAS00001005340,EGA00002011487,2021-06-22 15:42:20+02,2021-06-22 15:42:20+02
EGAX00002472536,Whole genome sequencing,,,,,ILLUMINA,Illumina HiSeq 2500,PAIRED,WGS,GENOMIC,unspecified,,EGAS00001005340,EGA00002011488,2021-06-22 15:42:24+02,2021-06-22 15:42:24+02
EGAX00002472537,Whole genome sequencing,,,,,ILLUMINA,Illumina HiSeq 2500,PAIRED,WGS,GENOMIC,unspecified,,EGAS00001005340,EGA00002011489,2021-06-22 15:42:28+02,2021-06-22 15:42:28+02
EGAX00002472538,Whole genome sequencing,,,,,ILLUMINA,Illumina HiSeq 2500,PAIRED,WGS,GENOMIC,unspecified,,EGAS00001005340,EGA00002011490,2021-06-22 15:42:31+02,2021-06-22 15:42:31+02
EGAX00002472539,Whole genome sequencing,,,,,ILLUMINA,Illumina HiSeq 2500,PAIRED,WGS,GENOMIC,unspecified,,EGAS00001005340,EGA00002011491,2021-06-22 15:42:35+02,2021-06-22 15:42:35+02
EGAX00002472540,Whole genome sequencing,,,,,ILLUMINA,Illumina HiSeq 2500,PAIRED,WGS,GENOMIC,unspecified,,EGAS00001005340,EGA00002011492,2021-06-22 15:42:39+02,2021-06-22 15:42:39+02
EGAX00002472541,Whole genome sequencing,,,,,ILLUMINA,Illumina HiSeq 2500,PAIRED,WGS,GENOMIC,unspecified,,EGAS00001005340,EGA00002011511,2021-06-22 15:42:43+02,2021-06-22 15:42:43+02
EGAX00002472542,Whole genome sequencing,,,,,ILLUMINA,Illumina HiSeq 2500,PAIRED,WGS,GENOMIC,unspecified,,EGAS00001005340,EGA00002011517,2021-06-22 15:42:47+02,2021-06-22 15:42:47+02
EGAX00002472543,Whole genome sequencing,,,,,ILLUMINA,Illumina HiSeq 2500,PAIRED,WGS,GENOMIC,unspecified,,EGAS00001005340,EGA00002011518,2021-06-22 15:42:51+02,2021-06-22 15:42:51+02
EGAX00002472544,Whole genome sequencing,,,,,ILLUMINA,Illumina HiSeq 2500,PAIRED,WGS,GENOMIC,unspecified,,EGAS00001005340,EGA00002011519,2021-06-22 15:42:54+02,2021-06-22 15:42:54+02
EGAX00002472545,Whole genome sequencing,,,,,ILLUMINA,Illumina HiSeq 2500,PAIRED,WGS,GENOMIC,unspecified,,EGAS00001005340,EGA00002011520,2021-06-22 15:42:58+02,2021-06-22 15:42:58+02
EGAX00002472546,Whole genome sequencing,,,,,ILLUMINA,Illumina HiSeq 2500,PAIRED,WGS,GENOMIC,unspecified,,EGAS00001005340,EGA00002011521,2021-06-22 15:43:02+02,2021-06-22 15:43:02+02
EGAX00002472547,Whole genome sequencing,,,,,ILLUMINA,Illumina HiSeq 2500,PAIRED,WGS,GENOMIC,unspecified,,EGAS00001005340,EGA00002011522,2021-06-22 15:43:06+02,2021-06-22 15:43:06+02
EGAX00002472548,Whole genome sequencing,,,,,ILLUMINA,Illumina HiSeq 2500,PAIRED,WGS,GENOMIC,unspecified,,EGAS00001005340,EGA00002011523,2021-06-22 15:43:10+02,2021-06-22 15:43:10+02
EGAX00002472549,Whole genome sequencing,,,,,ILLUMINA,Illumina HiSeq 2500,PAIRED,WGS,GENOMIC,unspecified,,EGAS00001005340,EGA00002011524,2021-06-22 15:43:13+02,2021-06-22 15:43:13+02
EGAX00002472550,Whole genome sequencing,,,,,ILLUMINA,Illumina HiSeq 2500,PAIRED,WGS,GENOMIC,unspecified,,EGAS00001005340,EGA00002011525,2021-06-22 15:43:17+02,2021-06-22 15:43:17+02
EGAX00002472551,Whole genome sequencing,,,,,ILLUMINA,Illumina HiSeq 2500,PAIRED,WGS,GENOMIC,unspecified,,EGAS00001005340,EGA00002011526,2021-06-22 15:43:21+02,2021-06-22 15:43:21+02
EGAX00002472552,Whole genome sequencing,,,,,ILLUMINA,Illumina HiSeq 2500,PAIRED,WGS,GENOMIC,unspecified,,EGAS00001005340,EGA00002011527,2021-06-22 15:43:25+02,2021-06-22 15:43:25+02
EGAX00002472553,Whole genome sequencing,,,,,ILLUMINA,Illumina HiSeq 2500,PAIRED,WGS,GENOMIC,unspecified,,EGAS00001005340,EGA00002011528,2021-06-22 15:43:29+02,2021-06-22 15:43:29+02
EGAX00002472554,Whole genome sequencing,,,,,ILLUMINA,Illumina HiSeq 2500,PAIRED,WGS,GENOMIC,unspecified,,EGAS00001005340,EGA00002011529,2021-06-22 15:43:32+02,2021-06-22 15:43:32+02
EGAX00002472555,Whole genome sequencing,,,,,ILLUMINA,Illumina HiSeq 2500,PAIRED,WGS,GENOMIC,unspecified,,EGAS00001005340,EGA00002011530,2021-06-22 15:43:36+02,2021-06-22 15:43:36+02
EGAX00002472556,Whole genome sequencing,,,,,ILLUMINA,Illumina HiSeq 2500,PAIRED,WGS,GENOMIC,unspecified,,EGAS00001005340,EGA00002011531,2021-06-22 15:43:40+02,2021-06-22 15:43:40+02
EGAX00002472557,Whole genome sequencing,,,,,ILLUMINA,Illumina HiSeq 2500,PAIRED,WGS,GENOMIC,unspecified,,EGAS00001005340,EGA00002011532,2021-06-22 15:43:44+02,2021-06-22 15:43:44+02
EGAX00002472558,Whole genome sequencing,,,,,ILLUMINA,Illumina HiSeq 2500,PAIRED,WGS,GENOMIC,unspecified,,EGAS00001005340,EGA00002011533,2021-06-22 15:43:47+02,2021-06-22 15:43:47+02
EGAX00002472559,Whole genome sequencing,,,,,ILLUMINA,Illumina HiSeq 2500,PAIRED,WGS,GENOMIC,unspecified,,EGAS00001005340,EGA00002011534,2021-06-22 15:43:51+02,2021-06-22 15:43:51+02
EGAX00002472560,Whole genome sequencing,,,,,ILLUMINA,Illumina HiSeq 2500,PAIRED,WGS,GENOMIC,unspecified,,EGAS00001005340,EGA00002011535,2021-06-22 15:43:55+02,2021-06-22 15:43:55+02
EGAX00002472561,Whole genome sequencing,,,,,ILLUMINA,Illumina HiSeq 2500,PAIRED,WGS,GENOMIC,unspecified,,EGAS00001005340,EGA00002011536,2021-06-22 15:43:59+02,2021-06-22 15:43:59+02
EGAX00002472562,Whole genome sequencing,,,,,ILLUMINA,Illumina HiSeq 2500,PAIRED,WGS,GENOMIC,unspecified,,EGAS00001005340,EGA00002011537,2021-06-22 15:44:03+02,2021-06-22 15:44:03+02
EGAX00002472563,Whole genome sequencing,,,,,ILLUMINA,Illumina HiSeq 2500,PAIRED,WGS,GENOMIC,unspecified,,EGAS00001005340,EGA00002011538,2021-06-22 15:44:06+02,2021-06-22 15:44:06+02
EGAX00002472564,Whole genome sequencing,,,,,ILLUMINA,Illumina HiSeq 2500,PAIRED,WGS,GENOMIC,unspecified,,EGAS00001005340,EGA00002011539,2021-06-22 15:44:10+02,2021-06-22 15:44:10+02
EGAX00002472565,Whole genome sequencing,,,,,ILLUMINA,Illumina HiSeq 2500,PAIRED,WGS,GENOMIC,unspecified,,EGAS00001005340,EGA00002011540,2021-06-22 15:44:14+02,2021-06-22 15:44:14+02
EGAX00002472566,Whole genome sequencing,,,,,ILLUMINA,Illumina HiSeq 2500,PAIRED,WGS,GENOMIC,unspecified,,EGAS00001005340,EGA00002011541,2021-06-22 15:44:17+02,2021-06-22 15:44:17+02
EGAX00002472567,Whole genome sequencing,,,,,ILLUMINA,Illumina HiSeq 2500,PAIRED,WGS,GENOMIC,unspecified,,EGAS00001005340,EGA00002011542,2021-06-22 15:44:21+02,2021-06-22 15:44:21+02
EGAX00002472568,Whole genome sequencing,,,,,ILLUMINA,Illumina HiSeq 2500,PAIRED,WGS,GENOMIC,unspecified,,EGAS00001005340,EGA00002011543,2021-06-22 15:44:25+02,2021-06-22 15:44:25+02
EGAX00002472569,Whole genome sequencing,,,,,ILLUMINA,Illumina HiSeq 2500,PAIRED,WGS,GENOMIC,unspecified,,EGAS00001005340,EGA00002011544,2021-06-22 15:44:29+02,2021-06-22 15:44:29+02
EGAX00002472570,Whole genome sequencing,,,,,ILLUMINA,Illumina HiSeq 2500,PAIRED,WGS,GENOMIC,unspecified,,EGAS00001005340,EGA00002011545,2021-06-22 15:44:32+02,2021-06-22 15:44:32+02
EGAX00002472571,Whole genome sequencing,,,,,ILLUMINA,Illumina HiSeq 2500,PAIRED,WGS,GENOMIC,unspecified,,EGAS00001005340,EGA00002011546,2021-06-22 15:44:36+02,2021-06-22 15:44:36+02
EGAX00002472572,Whole genome sequencing,,,,,ILLUMINA,Illumina HiSeq 2500,PAIRED,WGS,GENOMIC,unspecified,,EGAS00001005340,EGA00002011547,2021-06-22 15:44:40+02,2021-06-22 15:44:40+02
EGAX00002472573,Whole genome sequencing,,,,,ILLUMINA,Illumina HiSeq 2500,PAIRED,WGS,GENOMIC,unspecified,,EGAS00001005340,EGA00002011548,2021-06-22 15:44:44+02,2021-06-22 15:44:44+02
EGAX00002472574,Whole genome sequencing,,,,,ILLUMINA,Illumina HiSeq 2500,PAIRED,WGS,GENOMIC,unspecified,,EGAS00001005340,EGA00002011549,2021-06-22 15:44:48+02,2021-06-22 15:44:48+02
EGAX00002472575,Whole genome sequencing,,,,,ILLUMINA,Illumina HiSeq 2500,PAIRED,WGS,GENOMIC,unspecified,,EGAS00001005340,EGA00002011550,2021-06-22 15:44:51+02,2021-06-22 15:44:51+02
EGAX00002472576,Whole genome sequencing,,,,,ILLUMINA,Illumina HiSeq 2500,PAIRED,WGS,GENOMIC,unspecified,,EGAS00001005340,EGA00002011551,2021-06-22 15:44:55+02,2021-06-22 15:44:55+02
EGAX00002472577,Whole genome sequencing,,,,,ILLUMINA,Illumina HiSeq 2500,PAIRED,WGS,GENOMIC,unspecified,,EGAS00001005340,EGA00002011552,2021-06-22 15:44:59+02,2021-06-22 15:44:59+02
EGAX00002472578,Whole genome sequencing,,,,,ILLUMINA,Illumina HiSeq 2500,PAIRED,WGS,GENOMIC,unspecified,,EGAS00001005340,EGA00002011553,2021-06-22 15:45:03+02,2021-06-22 15:45:03+02
EGAX00002472579,Whole genome sequencing,,,,,ILLUMINA,Illumina HiSeq 2500,PAIRED,WGS,GENOMIC,unspecified,,EGAS00001005340,EGA00002011554,2021-06-22 15:45:07+02,2021-06-22 15:45:07+02
EGAX00002472580,Whole genome sequencing,,,,,ILLUMINA,Illumina HiSeq 2500,PAIRED,WGS,GENOMIC,unspecified,,EGAS00001005340,EGA00002011555,2021-06-22 15:45:10+02,2021-06-22 15:45:10+02
EGAX00002472581,Whole genome sequencing,,,,,ILLUMINA,Illumina HiSeq 2500,PAIRED,WGS,GENOMIC,unspecified,,EGAS00001005340,EGA00002011556,2021-06-22 15:45:15+02,2021-06-22 15:45:15+02
EGAX00002472582,Whole genome sequencing,,,,,ILLUMINA,Illumina HiSeq 2500,PAIRED,WGS,GENOMIC,unspecified,,EGAS00001005340,EGA00002011557,2021-06-22 15:45:18+02,2021-06-22 15:45:18+02
EGAX00002472583,Whole genome sequencing,,,,,ILLUMINA,Illumina HiSeq 2500,PAIRED,WGS,GENOMIC,unspecified,,EGAS00001005340,EGA00002011558,2021-06-22 15:45:22+02,2021-06-22 15:45:22+02
EGAX00002472584,Whole genome sequencing,,,,,ILLUMINA,Illumina HiSeq 2500,PAIRED,WGS,GENOMIC,unspecified,,EGAS00001005340,EGA00002011559,2021-06-22 15:45:26+02,2021-06-22 15:45:26+02
EGAX00002472585,Whole genome sequencing,,,,,ILLUMINA,Illumina HiSeq 2500,PAIRED,WGS,GENOMIC,unspecified,,EGAS00001005340,EGA00002011560,2021-06-22 15:45:30+02,2021-06-22 15:45:30+02
EGAX00002472586,Whole genome sequencing,,,,,ILLUMINA,Illumina HiSeq 2500,PAIRED,WGS,GENOMIC,unspecified,,EGAS00001005340,EGA00002011561,2021-06-22 15:45:33+02,2021-06-22 15:45:33+02
EGAX00002472587,Whole genome sequencing,,,,,ILLUMINA,Illumina HiSeq 2500,PAIRED,WGS,GENOMIC,unspecified,,EGAS00001005340,EGA00002011562,2021-06-22 15:45:37+02,2021-06-22 15:45:37+02
EGAX00002472588,Whole genome sequencing,,,,,ILLUMINA,Illumina HiSeq 2500,PAIRED,WGS,GENOMIC,unspecified,,EGAS00001005340,EGA00002011563,2021-06-22 15:45:41+02,2021-06-22 15:45:41+02
EGAX00002472589,Whole genome sequencing,,,,,ILLUMINA,Illumina HiSeq 2500,PAIRED,WGS,GENOMIC,unspecified,,EGAS00001005340,EGA00002011564,2021-06-22 15:45:45+02,2021-06-22 15:45:45+02
EGAX00002472590,Whole genome sequencing,,,,,ILLUMINA,Illumina HiSeq 2500,PAIRED,WGS,GENOMIC,unspecified,,EGAS00001005340,EGA00002011565,2021-06-22 15:45:49+02,2021-06-22 15:45:49+02
EGAX00002472591,Whole genome sequencing,,,,,ILLUMINA,Illumina HiSeq 2500,PAIRED,WGS,GENOMIC,unspecified,,EGAS00001005340,EGA00002011566,2021-06-22 15:45:53+02,2021-06-22 15:45:53+02
EGAX00002472592,Whole genome sequencing,,,,,ILLUMINA,Illumina HiSeq 2500,PAIRED,WGS,GENOMIC,unspecified,,EGAS00001005340,EGA00002011567,2021-06-22 15:45:56+02,2021-06-22 15:45:56+02
EGAX00002472593,Whole genome sequencing,,,,,ILLUMINA,Illumina HiSeq 2500,PAIRED,WGS,GENOMIC,unspecified,,EGAS00001005340,EGA00002011568,2021-06-22 15:46:00+02,2021-06-22 15:46:00+02
EGAX00002472594,Whole genome sequencing,,,,,ILLUMINA,Illumina HiSeq 2500,PAIRED,WGS,GENOMIC,unspecified,,EGAS00001005340,EGA00002011569,2021-06-22 15:46:04+02,2021-06-22 15:46:04+02
EGAX00002472595,Whole genome sequencing,,,,,ILLUMINA,Illumina HiSeq 2500,PAIRED,WGS,GENOMIC,unspecified,,EGAS00001005340,EGA00002011570,2021-06-22 15:46:07+02,2021-06-22 15:46:07+02
EGAX00002472596,Whole genome sequencing,,,,,ILLUMINA,Illumina HiSeq 2500,PAIRED,WGS,GENOMIC,unspecified,,EGAS00001005340,EGA00002011571,2021-06-22 15:46:11+02,2021-06-22 15:46:11+02
EGAX00002472597,Whole genome sequencing,,,,,ILLUMINA,Illumina HiSeq 2500,PAIRED,WGS,GENOMIC,unspecified,,EGAS00001005340,EGA00002011572,2021-06-22 15:46:15+02,2021-06-22 15:46:15+02
EGAX00002472598,Whole genome sequencing,,,,,ILLUMINA,Illumina HiSeq 2500,PAIRED,WGS,GENOMIC,unspecified,,EGAS00001005340,EGA00002011573,2021-06-22 15:46:19+02,2021-06-22 15:46:19+02
EGAX00002472599,Whole genome sequencing,,,,,ILLUMINA,Illumina HiSeq 2500,PAIRED,WGS,GENOMIC,unspecified,,EGAS00001005340,EGA00002011574,2021-06-22 15:46:22+02,2021-06-22 15:46:22+02
EGAX00002472600,Whole genome sequencing,,,,,ILLUMINA,Illumina HiSeq 2500,PAIRED,WGS,GENOMIC,unspecified,,EGAS00001005340,EGA00002011575,2021-06-22 15:46:26+02,2021-06-22 15:46:26+02
EGAX00002472601,Whole genome sequencing,,,,,ILLUMINA,Illumina HiSeq 2500,PAIRED,WGS,GENOMIC,unspecified,,EGAS00001005340,EGA00002011576,2021-06-22 15:46:30+02,2021-06-22 15:46:30+02
EGAX00002472602,Whole genome sequencing,,,,,ILLUMINA,Illumina HiSeq 2500,PAIRED,WGS,GENOMIC,unspecified,,EGAS00001005340,EGA00002011577,2021-06-22 15:46:33+02,2021-06-22 15:46:33+02
EGAX00002472603,Whole genome sequencing,,,,,ILLUMINA,Illumina HiSeq 2500,PAIRED,WGS,GENOMIC,unspecified,,EGAS00001005340,EGA00002011578,2021-06-22 15:46:37+02,2021-06-22 15:46:37+02
EGAX00002472604,Whole genome sequencing,,,,,ILLUMINA,Illumina HiSeq 2500,PAIRED,WGS,GENOMIC,unspecified,,EGAS00001005340,EGA00002011579,2021-06-22 15:46:41+02,2021-06-22 15:46:41+02
EGAX00002472605,Whole genome sequencing,,,,,ILLUMINA,Illumina HiSeq 2500,PAIRED,WGS,GENOMIC,unspecified,,EGAS00001005340,EGA00002011580,2021-06-22 15:46:45+02,2021-06-22 15:46:45+02
EGAX00002472606,Whole genome sequencing,,,,,ILLUMINA,Illumina HiSeq 2500,PAIRED,WGS,GENOMIC,unspecified,,EGAS00001005340,EGA00002011581,2021-06-22 15:46:49+02,2021-06-22 15:46:49+02
EGAX00002472607,Whole genome sequencing,,,,,ILLUMINA,Illumina HiSeq 2500,PAIRED,WGS,GENOMIC,unspecified,,EGAS00001005340,EGA00002011582,2021-06-22 15:46:52+02,2021-06-22 15:46:52+02
EGAX00002472608,Whole genome sequencing,,,,,ILLUMINA,Illumina HiSeq 2500,PAIRED,WGS,GENOMIC,unspecified,,EGAS00001005340,EGA00002011583,2021-06-22 15:46:56+02,2021-06-22 15:46:56+02
EGAX00002472609,Whole genome sequencing,,,,,ILLUMINA,Illumina HiSeq 2500,PAIRED,WGS,GENOMIC,unspecified,,EGAS00001005340,EGA00002011584,2021-06-22 15:47:00+02,2021-06-22 15:47:00+02
EGAX00002472610,Whole genome sequencing,,,,,ILLUMINA,Illumina HiSeq 2500,PAIRED,WGS,GENOMIC,unspecified,,EGAS00001005340,EGA00002011585,2021-06-22 15:47:04+02,2021-06-22 15:47:04+02
EGAX00002472611,Whole genome sequencing,,,,,ILLUMINA,Illumina HiSeq 2500,PAIRED,WGS,GENOMIC,unspecified,,EGAS00001005340,EGA00002011586,2021-06-22 15:47:07+02,2021-06-22 15:47:07+02
EGAX00002472612,Whole genome sequencing,,,,,ILLUMINA,Illumina HiSeq 2500,PAIRED,WGS,GENOMIC,unspecified,,EGAS00001005340,EGA00002011587,2021-06-22 15:47:11+02,2021-06-22 15:47:11+02
EGAX00002472613,Whole genome sequencing,,,,,ILLUMINA,Illumina HiSeq 2500,PAIRED,WGS,GENOMIC,unspecified,,EGAS00001005340,EGA00002011588,2021-06-22 15:47:15+02,2021-06-22 15:47:15+02
EGAX00002472614,Whole genome sequencing,,,,,ILLUMINA,Illumina HiSeq 2500,PAIRED,WGS,GENOMIC,unspecified,,EGAS00001005340,EGA00002011589,2021-06-22 15:47:19+02,2021-06-22 15:47:19+02
EGAX00002472615,Whole genome sequencing,,,,,ILLUMINA,Illumina HiSeq 2500,PAIRED,WGS,GENOMIC,unspecified,,EGAS00001005340,EGA00002011590,2021-06-22 15:47:22+02,2021-06-22 15:47:22+02
EGAX00002472616,Whole genome sequencing,,,,,ILLUMINA,Illumina HiSeq 2500,PAIRED,WGS,GENOMIC,unspecified,,EGAS00001005340,EGA00002011591,2021-06-22 15:47:26+02,2021-06-22 15:47:26+02
EGAX00002472617,Whole genome sequencing,,,,,ILLUMINA,Illumina HiSeq 2500,PAIRED,WGS,GENOMIC,unspecified,,EGAS00001005340,EGA00002011592,2021-06-22 15:47:30+02,2021-06-22 15:47:30+02
EGAX00002472618,Whole genome sequencing,,,,,ILLUMINA,Illumina HiSeq 2500,PAIRED,WGS,GENOMIC,unspecified,,EGAS00001005340,EGA00002011593,2021-06-22 15:47:34+02,2021-06-22 15:47:34+02
EGAX00002472619,Whole genome sequencing,,,,,ILLUMINA,Illumina HiSeq 2500,PAIRED,WGS,GENOMIC,unspecified,,EGAS00001005340,EGA00002011594,2021-06-22 15:47:38+02,2021-06-22 15:47:38+02
EGAX00002472620,Whole genome sequencing,,,,,ILLUMINA,Illumina HiSeq 2500,PAIRED,WGS,GENOMIC,unspecified,,EGAS00001005340,EGA00002011595,2021-06-22 15:47:42+02,2021-06-22 15:47:42+02
EGAX00002472621,Whole genome sequencing,,,,,ILLUMINA,Illumina HiSeq 2500,PAIRED,WGS,GENOMIC,unspecified,,EGAS00001005340,EGA00002011596,2021-06-22 15:47:45+02,2021-06-22 15:47:45+02
EGAX00002472622,Whole genome sequencing,,,,,ILLUMINA,Illumina HiSeq 2500,PAIRED,WGS,GENOMIC,unspecified,,EGAS00001005340,EGA00002011597,2021-06-22 15:47:49+02,2021-06-22 15:47:49+02
EGAX00002472623,Whole genome sequencing,,,,,ILLUMINA,Illumina HiSeq 2500,PAIRED,WGS,GENOMIC,unspecified,,EGAS00001005340,EGA00002011598,2021-06-22 15:47:53+02,2021-06-22 15:47:53+02
EGAX00002472624,Whole genome sequencing,,,,,ILLUMINA,Illumina HiSeq 2500,PAIRED,WGS,GENOMIC,unspecified,,EGAS00001005340,EGA00002011599,2021-06-22 15:47:56+02,2021-06-22 15:47:56+02
EGAX00002472625,Whole genome sequencing,,,,,ILLUMINA,Illumina HiSeq 2500,PAIRED,WGS,GENOMIC,unspecified,,EGAS00001005340,EGA00002011600,2021-06-22 15:48:00+02,2021-06-22 15:48:00+02
EGAX00002472626,Whole genome sequencing,,,,,ILLUMINA,Illumina HiSeq 2500,PAIRED,WGS,GENOMIC,unspecified,,EGAS00001005340,EGA00002011601,2021-06-22 15:48:04+02,2021-06-22 15:48:04+02
EGAX00002472627,Whole genome sequencing,,,,,ILLUMINA,Illumina HiSeq 2500,PAIRED,WGS,GENOMIC,unspecified,,EGAS00001005340,EGA00002011602,2021-06-22 15:48:08+02,2021-06-22 15:48:08+02
EGAX00002472628,Whole genome sequencing,,,,,ILLUMINA,Illumina HiSeq 2500,PAIRED,WGS,GENOMIC,unspecified,,EGAS00001005340,EGA00002011603,2021-06-22 15:48:11+02,2021-06-22 15:48:11+02
EGAX00002472629,Whole genome sequencing,,,,,ILLUMINA,Illumina HiSeq 2500,PAIRED,WGS,GENOMIC,unspecified,,EGAS00001005340,EGA00002011604,2021-06-22 15:48:15+02,2021-06-22 15:48:15+02
EGAX00002472630,Whole genome sequencing,,,,,ILLUMINA,Illumina HiSeq 2500,PAIRED,WGS,GENOMIC,unspecified,,EGAS00001005340,EGA00002011605,2021-06-22 15:48:19+02,2021-06-22 15:48:19+02
EGAX00002472631,Whole genome sequencing,,,,,ILLUMINA,Illumina HiSeq 2500,PAIRED,WGS,GENOMIC,unspecified,,EGAS00001005340,EGA00002011606,2021-06-22 15:48:23+02,2021-06-22 15:48:23+02
EGAX00002472632,Whole genome sequencing,,,,,ILLUMINA,Illumina HiSeq 2500,PAIRED,WGS,GENOMIC,unspecified,,EGAS00001005340,EGA00002011607,2021-06-22 15:48:27+02,2021-06-22 15:48:27+02
EGAX00002472633,Whole genome sequencing,,,,,ILLUMINA,Illumina HiSeq 2500,PAIRED,WGS,GENOMIC,unspecified,,EGAS00001005340,EGA00002011608,2021-06-22 15:48:30+02,2021-06-22 15:48:30+02
EGAX00002472634,Whole genome sequencing,,,,,ILLUMINA,Illumina HiSeq 2500,PAIRED,WGS,GENOMIC,unspecified,,EGAS00001005340,EGA00002011609,2021-06-22 15:48:34+02,2021-06-22 15:48:34+02
EGAX00002472635,Whole genome sequencing,,,,,ILLUMINA,Illumina HiSeq 2500,PAIRED,WGS,GENOMIC,unspecified,,EGAS00001005340,EGA00002011610,2021-06-22 15:48:38+02,2021-06-22 15:48:38+02
EGAX00002472636,Whole genome sequencing,,,,,ILLUMINA,Illumina HiSeq 2500,PAIRED,WGS,GENOMIC,unspecified,,EGAS00001005340,EGA00002011611,2021-06-22 15:48:42+02,2021-06-22 15:48:42+02
EGAX00002472637,Whole genome sequencing,,,,,ILLUMINA,Illumina HiSeq 2500,PAIRED,WGS,GENOMIC,unspecified,,EGAS00001005340,EGA00002011612,2021-06-22 15:48:45+02,2021-06-22 15:48:45+02
EGAX00002472638,Whole genome sequencing,,,,,ILLUMINA,Illumina HiSeq 2500,PAIRED,WGS,GENOMIC,unspecified,,EGAS00001005340,EGA00002011613,2021-06-22 15:48:49+02,2021-06-22 15:48:49+02
EGAX00002472639,Whole genome sequencing,,,,,ILLUMINA,Illumina HiSeq 2500,PAIRED,WGS,GENOMIC,unspecified,,EGAS00001005340,EGA00002011614,2021-06-22 15:48:53+02,2021-06-22 15:48:53+02
EGAX00002472640,Whole genome sequencing,,,,,ILLUMINA,Illumina HiSeq 2500,PAIRED,WGS,GENOMIC,unspecified,,EGAS00001005340,EGA00002011615,2021-06-22 15:48:57+02,2021-06-22 15:48:57+02
EGAX00002472641,Whole genome sequencing,,,,,ILLUMINA,Illumina HiSeq 2500,PAIRED,WGS,GENOMIC,unspecified,,EGAS00001005340,EGA00002011616,2021-06-22 15:49:01+02,2021-06-22 15:49:01+02
EGAX00002472642,Whole genome sequencing,,,,,ILLUMINA,Illumina HiSeq 2500,PAIRED,WGS,GENOMIC,unspecified,,EGAS00001005340,EGA00002011617,2021-06-22 15:49:04+02,2021-06-22 15:49:04+02
EGAX00002472643,Whole genome sequencing,,,,,ILLUMINA,Illumina HiSeq 2500,PAIRED,WGS,GENOMIC,unspecified,,EGAS00001005340,EGA00002011618,2021-06-22 15:49:08+02,2021-06-22 15:49:08+02
EGAX00002472644,Whole genome sequencing,,,,,ILLUMINA,Illumina HiSeq 2500,PAIRED,WGS,GENOMIC,unspecified,,EGAS00001005340,EGA00002011619,2021-06-22 15:49:12+02,2021-06-22 15:49:12+02
EGAX00002472645,Whole genome sequencing,,,,,ILLUMINA,Illumina HiSeq 2500,PAIRED,WGS,GENOMIC,unspecified,,EGAS00001005340,EGA00002011620,2021-06-22 15:49:16+02,2021-06-22 15:49:16+02
EGAX00002472646,Whole genome sequencing,,,,,ILLUMINA,Illumina HiSeq 2500,PAIRED,WGS,GENOMIC,unspecified,,EGAS00001005340,EGA00002011621,2021-06-22 15:49:19+02,2021-06-22 15:49:19+02
EGAX00002472647,Whole genome sequencing,,,,,ILLUMINA,Illumina HiSeq 2500,PAIRED,WGS,GENOMIC,unspecified,,EGAS00001005340,EGA00002011622,2021-06-22 15:49:23+02,2021-06-22 15:49:23+02
EGAX00002472648,Whole genome sequencing,,,,,ILLUMINA,Illumina HiSeq 2500,PAIRED,WGS,GENOMIC,unspecified,,EGAS00001005340,EGA00002011623,2021-06-22 15:49:27+02,2021-06-22 15:49:27+02
EGAX00002472649,Whole genome sequencing,,,,,ILLUMINA,Illumina HiSeq 2500,PAIRED,WGS,GENOMIC,unspecified,,EGAS00001005340,EGA00002011624,2021-06-22 15:49:31+02,2021-06-22 15:49:31+02
EGAX00002472650,Whole genome sequencing,,,,,ILLUMINA,Illumina HiSeq 2500,PAIRED,WGS,GENOMIC,unspecified,,EGAS00001005340,EGA00002011625,2021-06-22 15:49:35+02,2021-06-22 15:49:35+02
EGAX00002472651,Whole genome sequencing,,,,,ILLUMINA,Illumina HiSeq 2500,PAIRED,WGS,GENOMIC,unspecified,,EGAS00001005340,EGA00002011626,2021-06-22 15:49:38+02,2021-06-22 15:49:38+02
EGAX00002472652,Whole genome sequencing,,,,,ILLUMINA,Illumina HiSeq 2500,PAIRED,WGS,GENOMIC,unspecified,,EGAS00001005340,EGA00002011627,2021-06-22 15:49:42+02,2021-06-22 15:49:42+02
EGAX00002472653,Whole genome sequencing,,,,,ILLUMINA,Illumina HiSeq 2500,PAIRED,WGS,GENOMIC,unspecified,,EGAS00001005340,EGA00002011628,2021-06-22 15:49:46+02,2021-06-22 15:49:46+02
EGAX00002472654,Whole genome sequencing,,,,,ILLUMINA,Illumina HiSeq 2500,PAIRED,WGS,GENOMIC,unspecified,,EGAS00001005340,EGA00002011629,2021-06-22 15:49:50+02,2021-06-22 15:49:50+02
EGAX00002472655,Whole genome sequencing,,,,,ILLUMINA,Illumina HiSeq 2500,PAIRED,WGS,GENOMIC,unspecified,,EGAS00001005340,EGA00002011630,2021-06-22 15:49:54+02,2021-06-22 15:49:54+02
EGAX00002472656,Whole genome sequencing,,,,,ILLUMINA,Illumina HiSeq 2500,PAIRED,WGS,GENOMIC,unspecified,,EGAS00001005340,EGA00002011631,2021-06-22 15:49:57+02,2021-06-22 15:49:57+02
EGAX00002472657,Whole genome sequencing,,,,,ILLUMINA,Illumina HiSeq 2500,PAIRED,WGS,GENOMIC,unspecified,,EGAS00001005340,EGA00002011632,2021-06-22 15:50:01+02,2021-06-22 15:50:01+02
EGAX00002472658,Whole genome sequencing,,,,,ILLUMINA,Illumina HiSeq 2500,PAIRED,WGS,GENOMIC,unspecified,,EGAS00001005340,EGA00002011633,2021-06-22 15:50:05+02,2021-06-22 15:50:05+02
EGAX00002472659,Whole genome sequencing,,,,,ILLUMINA,Illumina HiSeq 2500,PAIRED,WGS,GENOMIC,unspecified,,EGAS00001005340,EGA00002011634,2021-06-22 15:50:08+02,2021-06-22 15:50:08+02
EGAX00002472660,Whole genome sequencing,,,,,ILLUMINA,Illumina HiSeq 2500,PAIRED,WGS,GENOMIC,unspecified,,EGAS00001005340,EGA00002011635,2021-06-22 15:50:12+02,2021-06-22 15:50:12+02
EGAX00002472661,Whole genome sequencing,,,,,ILLUMINA,Illumina HiSeq 2500,PAIRED,WGS,GENOMIC,unspecified,,EGAS00001005340,EGA00002011636,2021-06-22 15:50:16+02,2021-06-22 15:50:16+02
EGAX00002472662,Whole genome sequencing,,,,,ILLUMINA,Illumina HiSeq 2500,PAIRED,WGS,GENOMIC,unspecified,,EGAS00001005340,EGA00002011637,2021-06-22 15:50:19+02,2021-06-22 15:50:19+02
EGAX00002472663,Whole genome sequencing,,,,,ILLUMINA,Illumina HiSeq 2500,PAIRED,WGS,GENOMIC,unspecified,,EGAS00001005340,EGA00002011638,2021-06-22 15:50:23+02,2021-06-22 15:50:23+02
EGAX00002472668,Whole genome sequencing,,,,,ILLUMINA,Illumina HiSeq 2500,PAIRED,WGS,GENOMIC,unspecified,,EGAS00001005340,EGA00002011640,2021-06-22 15:50:27+02,2021-06-22 15:50:27+02
EGAX00002472669,Whole genome sequencing,,,,,ILLUMINA,Illumina HiSeq 2500,PAIRED,WGS,GENOMIC,unspecified,,EGAS00001005340,EGA00002011641,2021-06-22 15:50:31+02,2021-06-22 15:50:31+02
EGAX00002472670,Whole genome sequencing,,,,,ILLUMINA,Illumina HiSeq 2500,PAIRED,WGS,GENOMIC,unspecified,,EGAS00001005340,EGA00002011642,2021-06-22 15:50:35+02,2021-06-22 15:50:35+02
EGAX00002472671,Whole genome sequencing,,,,,ILLUMINA,Illumina HiSeq 2500,PAIRED,WGS,GENOMIC,unspecified,,EGAS00001005340,EGA00002011643,2021-06-22 15:50:38+02,2021-06-22 15:50:38+02
EGAX00002472672,Whole genome sequencing,,,,,ILLUMINA,Illumina HiSeq 2500,PAIRED,WGS,GENOMIC,unspecified,,EGAS00001005340,EGA00002011644,2021-06-22 15:50:42+02,2021-06-22 15:50:42+02
EGAX00002472673,Whole genome sequencing,,,,,ILLUMINA,Illumina HiSeq 2500,PAIRED,WGS,GENOMIC,unspecified,,EGAS00001005340,EGA00002011645,2021-06-22 15:50:46+02,2021-06-22 15:50:46+02
EGAX00002472674,Whole genome sequencing,,,,,ILLUMINA,Illumina HiSeq 2500,PAIRED,WGS,GENOMIC,unspecified,,EGAS00001005340,EGA00002011646,2021-06-22 15:50:50+02,2021-06-22 15:50:50+02
