study_accession_id,study_title,study_type,instrument_platform,instrument_model,library_layout,library_name,library_strategy,library_source,library_selection,experiment_accession_id,run_accession_id,sample_accession_id,sample_alias,biosample_id,sample_title
EGAS00001005340,Detection and characterization of lung cancer using cell-free DNA fragmentomes,Other,ILLUMINA,Illumina HiSeq 2500,PAIRED,,WGS,GENOMIC,unspecified,EGAX00002471799,EGAR00002846314,EGAN00003221070,CGH20N_10,SAMEA9240958,
EGAS00001005340,Detection and characterization of lung cancer using cell-free DNA fragmentomes,Other,ILLUMINA,Illumina HiSeq 2500,PAIRED,,WGS,GENOMIC,unspecified,EGAX00002471800,EGAR00002846315,EGAN00003220777,CGH20N_11,SAMEA9240665,
EGAS00001005340,Detection and characterization of lung cancer using cell-free DNA fragmentomes,Other,ILLUMINA,Illumina HiSeq 2500,PAIRED,,WGS,GENOMIC,unspecified,EGAX00002471801,EGAR00002846316,EGAN00003220813,CGH20N_12,SAMEA9240701,
EGAS00001005340,Detection and characterization of lung cancer using cell-free DNA fragmentomes,Other,ILLUMINA,Illumina HiSeq 2500,PAIRED,,WGS,GENOMIC,unspecified,EGAX00002471802,EGAR00002846317,EGAN00003220790,CGH20N_13,SAMEA9240678,
EGAS00001005340,Detection and characterization of lung cancer using cell-free DNA fragmentomes,Other,ILLUMINA,Illumina HiSeq 2500,PAIRED,,WGS,GENOMIC,unspecified,EGAX00002471803,EGAR00002846318,EGAN00003220789,CGH20N_14,SAMEA9240677,
EGAS00001005340,Detection and characterization of lung cancer using cell-free DNA fragmentomes,Other,ILLUMINA,Illumina HiSeq 2500,PAIRED,,WGS,GENOMIC,unspecified,EGAX00002471804,EGAR00002846319,EGAN00003220788,CGH20N_15,SAMEA9240676,
EGAS00001005340,Detection and characterization of lung cancer using cell-free DNA fragmentomes,Other,ILLUMINA,Illumina HiSeq 2500,PAIRED,,WGS,GENOMIC,unspecified,EGAX00002471805,EGAR00002846320,EGAN00003220787,CGH20N_16,SAMEA9240675,
EGAS00001005340,Detection and characterization of lung cancer using cell-free DNA fragmentomes,Other,ILLUMINA,Illumina HiSeq 2500,PAIRED,,WGS,GENOMIC,unspecified,EGAX00002471806,EGAR00002846321,EGAN00003220795,CGH20N_17,SAMEA9240683,
EGAS00001005340,Detection and characterization of lung cancer using cell-free DNA fragmentomes,Other,ILLUMINA,Illumina HiSeq 2500,PAIRED,,WGS,GENOMIC,unspecified,EGAX00002471807,EGAR00002846322,EGAN00003220793,CGH20N_18,SAMEA9240681,
EGAS00001005340,Detection and characterization of lung cancer using cell-free DNA fragmentomes,Other,ILLUMINA,Illumina HiSeq 2500,PAIRED,,WGS,GENOMIC,unspecified,EGAX00002471808,EGAR00002846323,EGAN00003220965,CGH20N_19,SAMEA9240372,
EGAS00001005340,Detection and characterization of lung cancer using cell-free DNA fragmentomes,Other,ILLUMINA,Illumina HiSeq 2500,PAIRED,,WGS,GENOMIC,unspecified,EGAX00002471809,EGAR00002846324,EGAN00003220961,CGH20N_20,SAMEA9240345,
EGAS00001005340,Detection and characterization of lung cancer using cell-free DNA fragmentomes,Other,ILLUMINA,Illumina HiSeq 2500,PAIRED,,WGS,GENOMIC,unspecified,EGAX00002471810,EGAR00002846325,EGAN00003220960,CGH20N_21,SAMEA9240331,
EGAS00001005340,Detection and characterization of lung cancer using cell-free DNA fragmentomes,Other,ILLUMINA,Illumina HiSeq 2500,PAIRED,,WGS,GENOMIC,unspecified,EGAX00002471811,EGAR00002846326,EGAN00003220964,CGH20N_22,SAMEA9240367,
EGAS00001005340,Detection and characterization of lung cancer using cell-free DNA fragmentomes,Other,ILLUMINA,Illumina HiSeq 2500,PAIRED,,WGS,GENOMIC,unspecified,EGAX00002471812,EGAR00002846327,EGAN00003220963,CGH20N_23,SAMEA9240358,
EGAS00001005340,Detection and characterization of lung cancer using cell-free DNA fragmentomes,Other,ILLUMINA,Illumina HiSeq 2500,PAIRED,,WGS,GENOMIC,unspecified,EGAX00002471813,EGAR00002846328,EGAN00003220959,CGH20N_24,SAMEA9240320,
EGAS00001005340,Detection and characterization of lung cancer using cell-free DNA fragmentomes,Other,ILLUMINA,Illumina HiSeq 2500,PAIRED,,WGS,GENOMIC,unspecified,EGAX00002471814,EGAR00002846329,EGAN00003220958,CGH20N_25,SAMEA9240312,
EGAS00001005340,Detection and characterization of lung cancer using cell-free DNA fragmentomes,Other,ILLUMINA,Illumina HiSeq 2500,PAIRED,,WGS,GENOMIC,unspecified,EGAX00002471815,EGAR00002846330,EGAN00003221066,CGH20N_26,SAMEA9240954,
EGAS00001005340,Detection and characterization of lung cancer using cell-free DNA fragmentomes,Other,ILLUMINA,Illumina HiSeq 2500,PAIRED,,WGS,GENOMIC,unspecified,EGAX00002471816,EGAR00002846331,EGAN00003221062,CGH20N_27,SAMEA9240950,
EGAS00001005340,Detection and characterization of lung cancer using cell-free DNA fragmentomes,Other,ILLUMINA,Illumina HiSeq 2500,PAIRED,,WGS,GENOMIC,unspecified,EGAX00002471817,EGAR00002846332,EGAN00003221063,CGH20N_28,SAMEA9240951,
EGAS00001005340,Detection and characterization of lung cancer using cell-free DNA fragmentomes,Other,ILLUMINA,Illumina HiSeq 2500,PAIRED,,WGS,GENOMIC,unspecified,EGAX00002471818,EGAR00002846333,EGAN00003221074,CGH20N_30,SAMEA9240962,
EGAS00001005340,Detection and characterization of lung cancer using cell-free DNA fragmentomes,Other,ILLUMINA,Illumina HiSeq 2500,PAIRED,,WGS,GENOMIC,unspecified,EGAX00002471819,EGAR00002846334,EGAN00003221073,CGH20N_8,SAMEA9240961,
EGAS00001005340,Detection and characterization of lung cancer using cell-free DNA fragmentomes,Other,ILLUMINA,Illumina HiSeq 2500,PAIRED,,WGS,GENOMIC,unspecified,EGAX00002471820,EGAR00002846335,EGAN00003221068,CGH20N_9,SAMEA9240956,
EGAS00001005340,Detection and characterization of lung cancer using cell-free DNA fragmentomes,Other,ILLUMINA,Illumina HiSeq 2500,PAIRED,,WGS,GENOMIC,unspecified,EGAX00002471821,EGAR00002846336,EGAN00003221131,CGPLH1000P,SAMEA9241019,
EGAS00001005340,Detection and characterization of lung cancer using cell-free DNA fragmentomes,Other,ILLUMINA,Illumina HiSeq 2500,PAIRED,,WGS,GENOMIC,unspecified,EGAX00002471822,EGAR00002846337,EGAN00003221130,CGPLH1001P,SAMEA9241017,
EGAS00001005340,Detection and characterization of lung cancer using cell-free DNA fragmentomes,Other,ILLUMINA,Illumina HiSeq 2500,PAIRED,,WGS,GENOMIC,unspecified,EGAX00002471823,EGAR00002846338,EGAN00003221133,CGPLH1002P,SAMEA9241021,
EGAS00001005340,Detection and characterization of lung cancer using cell-free DNA fragmentomes,Other,ILLUMINA,Illumina HiSeq 2500,PAIRED,,WGS,GENOMIC,unspecified,EGAX00002471824,EGAR00002846339,EGAN00003221132,CGPLH1003P,SAMEA9241020,
EGAS00001005340,Detection and characterization of lung cancer using cell-free DNA fragmentomes,Other,ILLUMINA,Illumina HiSeq 2500,PAIRED,,WGS,GENOMIC,unspecified,EGAX00002471825,EGAR00002846340,EGAN00003220759,CGPLH1004P,SAMEA9240647,
EGAS00001005340,Detection and characterization of lung cancer using cell-free DNA fragmentomes,Other,ILLUMINA,Illumina HiSeq 2500,PAIRED,,WGS,GENOMIC,unspecified,EGAX00002471826,EGAR00002846341,EGAN00003220758,CGPLH1005P,SAMEA9240646,
EGAS00001005340,Detection and characterization of lung cancer using cell-free DNA fragmentomes,Other,ILLUMINA,Illumina HiSeq 2500,PAIRED,,WGS,GENOMIC,unspecified,EGAX00002471827,EGAR00002846342,EGAN00003220424,CGPLH1006P,SAMEA9240316,
EGAS00001005340,Detection and characterization of lung cancer using cell-free DNA fragmentomes,Other,ILLUMINA,Illumina HiSeq 2500,PAIRED,,WGS,GENOMIC,unspecified,EGAX00002471828,EGAR00002846343,EGAN00003220423,CGPLH1007P,SAMEA9240315,
EGAS00001005340,Detection and characterization of lung cancer using cell-free DNA fragmentomes,Other,ILLUMINA,Illumina HiSeq 2500,PAIRED,,WGS,GENOMIC,unspecified,EGAX00002471829,EGAR00002846344,EGAN00003220762,CGPLH1008P,SAMEA9240650,
EGAS00001005340,Detection and characterization of lung cancer using cell-free DNA fragmentomes,Other,ILLUMINA,Illumina HiSeq 2500,PAIRED,,WGS,GENOMIC,unspecified,EGAX00002471830,EGAR00002846345,EGAN00003220760,CGPLH1009P,SAMEA9240648,
EGAS00001005340,Detection and characterization of lung cancer using cell-free DNA fragmentomes,Other,ILLUMINA,Illumina HiSeq 2500,PAIRED,,WGS,GENOMIC,unspecified,EGAX00002471831,EGAR00002846346,EGAN00003221124,CGPLH1010P,SAMEA9241012,
EGAS00001005340,Detection and characterization of lung cancer using cell-free DNA fragmentomes,Other,ILLUMINA,Illumina HiSeq 2500,PAIRED,,WGS,GENOMIC,unspecified,EGAX00002471832,EGAR00002846347,EGAN00003221123,CGPLH1011P,SAMEA9241011,
EGAS00001005340,Detection and characterization of lung cancer using cell-free DNA fragmentomes,Other,ILLUMINA,Illumina HiSeq 2500,PAIRED,,WGS,GENOMIC,unspecified,EGAX00002471833,EGAR00002846348,EGAN00003221117,CGPLH1012P,SAMEA9241005,
EGAS00001005340,Detection and characterization of lung cancer using cell-free DNA fragmentomes,Other,ILLUMINA,Illumina HiSeq 2500,PAIRED,,WGS,GENOMIC,unspecified,EGAX00002471834,EGAR00002846349,EGAN00003220434,CGPLH1013P,SAMEA9240327,
EGAS00001005340,Detection and characterization of lung cancer using cell-free DNA fragmentomes,Other,ILLUMINA,Illumina HiSeq 2500,PAIRED,,WGS,GENOMIC,unspecified,EGAX00002471835,EGAR00002846350,EGAN00003220433,CGPLH1014P,SAMEA9240326,
EGAS00001005340,Detection and characterization of lung cancer using cell-free DNA fragmentomes,Other,ILLUMINA,Illumina HiSeq 2500,PAIRED,,WGS,GENOMIC,unspecified,EGAX00002471836,EGAR00002846351,EGAN00003220436,CGPLH1015P,SAMEA9240329,
EGAS00001005340,Detection and characterization of lung cancer using cell-free DNA fragmentomes,Other,ILLUMINA,Illumina HiSeq 2500,PAIRED,,WGS,GENOMIC,unspecified,EGAX00002471837,EGAR00002846352,EGAN00003220419,CGPLH1016P,SAMEA9240310,
EGAS00001005340,Detection and characterization of lung cancer using cell-free DNA fragmentomes,Other,ILLUMINA,Illumina HiSeq 2500,PAIRED,,WGS,GENOMIC,unspecified,EGAX00002471838,EGAR00002846353,EGAN00003220422,CGPLH1017P,SAMEA9240314,
EGAS00001005340,Detection and characterization of lung cancer using cell-free DNA fragmentomes,Other,ILLUMINA,Illumina HiSeq 2500,PAIRED,,WGS,GENOMIC,unspecified,EGAX00002471839,EGAR00002846354,EGAN00003220421,CGPLH1018P,SAMEA9240313,
EGAS00001005340,Detection and characterization of lung cancer using cell-free DNA fragmentomes,Other,ILLUMINA,Illumina HiSeq 2500,PAIRED,,WGS,GENOMIC,unspecified,EGAX00002471840,EGAR00002846355,EGAN00003221096,CGPLH1019P,SAMEA9240984,
EGAS00001005340,Detection and characterization of lung cancer using cell-free DNA fragmentomes,Other,ILLUMINA,Illumina HiSeq 2500,PAIRED,,WGS,GENOMIC,unspecified,EGAX00002471841,EGAR00002846356,EGAN00003221095,CGPLH1020P,SAMEA9240983,
EGAS00001005340,Detection and characterization of lung cancer using cell-free DNA fragmentomes,Other,ILLUMINA,Illumina HiSeq 2500,PAIRED,,WGS,GENOMIC,unspecified,EGAX00002471842,EGAR00002846357,EGAN00003221094,CGPLH1021P,SAMEA9240982,
EGAS00001005340,Detection and characterization of lung cancer using cell-free DNA fragmentomes,Other,ILLUMINA,Illumina HiSeq 2500,PAIRED,,WGS,GENOMIC,unspecified,EGAX00002471843,EGAR00002846358,EGAN00003221093,CGPLH1022P,SAMEA9240981,
EGAS00001005340,Detection and characterization of lung cancer using cell-free DNA fragmentomes,Other,ILLUMINA,Illumina HiSeq 2500,PAIRED,,WGS,GENOMIC,unspecified,EGAX00002471844,EGAR00002846359,EGAN00003221105,CGPLH1023P,SAMEA9240993,
EGAS00001005340,Detection and characterization of lung cancer using cell-free DNA fragmentomes,Other,ILLUMINA,Illumina HiSeq 2500,PAIRED,,WGS,GENOMIC,unspecified,EGAX00002471845,EGAR00002846360,EGAN00003221103,CGPLH1024P,SAMEA9240991,
EGAS00001005340,Detection and characterization of lung cancer using cell-free DNA fragmentomes,Other,ILLUMINA,Illumina HiSeq 2500,PAIRED,,WGS,GENOMIC,unspecified,EGAX00002471846,EGAR00002846361,EGAN00003221101,CGPLH1025P,SAMEA9240989,
EGAS00001005340,Detection and characterization of lung cancer using cell-free DNA fragmentomes,Other,ILLUMINA,Illumina HiSeq 2500,PAIRED,,WGS,GENOMIC,unspecified,EGAX00002471847,EGAR00002846362,EGAN00003220957,CGPLH1027P,SAMEA9240297,
EGAS00001005340,Detection and characterization of lung cancer using cell-free DNA fragmentomes,Other,ILLUMINA,Illumina HiSeq 2500,PAIRED,,WGS,GENOMIC,unspecified,EGAX00002471848,EGAR00002846363,EGAN00003220956,CGPLH1028P,SAMEA9240294,
EGAS00001005340,Detection and characterization of lung cancer using cell-free DNA fragmentomes,Other,ILLUMINA,Illumina HiSeq 2500,PAIRED,,WGS,GENOMIC,unspecified,EGAX00002471849,EGAR00002846364,EGAN00003220450,CGPLH289P_2,SAMEA9240344,
EGAS00001005340,Detection and characterization of lung cancer using cell-free DNA fragmentomes,Other,ILLUMINA,Illumina HiSeq 2500,PAIRED,,WGS,GENOMIC,unspecified,EGAX00002471850,EGAR00002846365,EGAN00003220407,CGPLH290P_2,SAMEA9240298,
EGAS00001005340,Detection and characterization of lung cancer using cell-free DNA fragmentomes,Other,ILLUMINA,Illumina HiSeq 2500,PAIRED,,WGS,GENOMIC,unspecified,EGAX00002471851,EGAR00002846366,EGAN00003220406,CGPLH291P_2,SAMEA9240296,
EGAS00001005340,Detection and characterization of lung cancer using cell-free DNA fragmentomes,Other,ILLUMINA,Illumina HiSeq 2500,PAIRED,,WGS,GENOMIC,unspecified,EGAX00002471852,EGAR00002846367,EGAN00003220408,CGPLH292P_2,SAMEA9240299,
EGAS00001005340,Detection and characterization of lung cancer using cell-free DNA fragmentomes,Other,ILLUMINA,Illumina HiSeq 2500,PAIRED,,WGS,GENOMIC,unspecified,EGAX00002471853,EGAR00002846368,EGAN00003220390,CGPLH293P_2,SAMEA9240277,
EGAS00001005340,Detection and characterization of lung cancer using cell-free DNA fragmentomes,Other,ILLUMINA,Illumina HiSeq 2500,PAIRED,,WGS,GENOMIC,unspecified,EGAX00002471854,EGAR00002846369,EGAN00003220994,CGPLH294P_2,SAMEA9240882,
EGAS00001005340,Detection and characterization of lung cancer using cell-free DNA fragmentomes,Other,ILLUMINA,Illumina HiSeq 2500,PAIRED,,WGS,GENOMIC,unspecified,EGAX00002471855,EGAR00002846370,EGAN00003220991,CGPLH295P_2,SAMEA9240879,
EGAS00001005340,Detection and characterization of lung cancer using cell-free DNA fragmentomes,Other,ILLUMINA,Illumina HiSeq 2500,PAIRED,,WGS,GENOMIC,unspecified,EGAX00002471856,EGAR00002846371,EGAN00003221022,CGPLH296P_2,SAMEA9240910,
EGAS00001005340,Detection and characterization of lung cancer using cell-free DNA fragmentomes,Other,ILLUMINA,Illumina HiSeq 2500,PAIRED,,WGS,GENOMIC,unspecified,EGAX00002471857,EGAR00002846372,EGAN00003221135,CGPLH297P_2,SAMEA9241023,
EGAS00001005340,Detection and characterization of lung cancer using cell-free DNA fragmentomes,Other,ILLUMINA,Illumina HiSeq 2500,PAIRED,,WGS,GENOMIC,unspecified,EGAX00002471858,EGAR00002846373,EGAN00003221134,CGPLH298P_2,SAMEA9241022,
EGAS00001005340,Detection and characterization of lung cancer using cell-free DNA fragmentomes,Other,ILLUMINA,Illumina HiSeq 2500,PAIRED,,WGS,GENOMIC,unspecified,EGAX00002471859,EGAR00002846374,EGAN00003220644,CGPLH327P_2,SAMEA9240532,
EGAS00001005340,Detection and characterization of lung cancer using cell-free DNA fragmentomes,Other,ILLUMINA,Illumina HiSeq 2500,PAIRED,,WGS,GENOMIC,unspecified,EGAX00002471860,EGAR00002846375,EGAN00003220638,CGPLH329P_2,SAMEA9240526,
EGAS00001005340,Detection and characterization of lung cancer using cell-free DNA fragmentomes,Other,ILLUMINA,Illumina HiSeq 2500,PAIRED,,WGS,GENOMIC,unspecified,EGAX00002471861,EGAR00002846376,EGAN00003220412,CGPLH332P_2,SAMEA9240303,
EGAS00001005340,Detection and characterization of lung cancer using cell-free DNA fragmentomes,Other,ILLUMINA,Illumina HiSeq 2500,PAIRED,,WGS,GENOMIC,unspecified,EGAX00002471862,EGAR00002846377,EGAN00003220411,CGPLH334P_2,SAMEA9240302,
EGAS00001005340,Detection and characterization of lung cancer using cell-free DNA fragmentomes,Other,ILLUMINA,Illumina HiSeq 2500,PAIRED,,WGS,GENOMIC,unspecified,EGAX00002471863,EGAR00002846378,EGAN00003220376,CGPLH351P_2,SAMEA9240263,
EGAS00001005340,Detection and characterization of lung cancer using cell-free DNA fragmentomes,Other,ILLUMINA,Illumina HiSeq 2500,PAIRED,,WGS,GENOMIC,unspecified,EGAX00002471864,EGAR00002846379,EGAN00003220363,CGPLH358P_2,SAMEA9240250,
EGAS00001005340,Detection and characterization of lung cancer using cell-free DNA fragmentomes,Other,ILLUMINA,Illumina HiSeq 2500,PAIRED,,WGS,GENOMIC,unspecified,EGAX00002471865,EGAR00002846380,EGAN00003220642,CGPLH361P_2,SAMEA9240530,
EGAS00001005340,Detection and characterization of lung cancer using cell-free DNA fragmentomes,Other,ILLUMINA,Illumina HiSeq 2500,PAIRED,,WGS,GENOMIC,unspecified,EGAX00002471866,EGAR00002846381,EGAN00003220712,CGPLH383P_2,SAMEA9240600,
EGAS00001005340,Detection and characterization of lung cancer using cell-free DNA fragmentomes,Other,ILLUMINA,Illumina HiSeq 2500,PAIRED,,WGS,GENOMIC,unspecified,EGAX00002471867,EGAR00002846382,EGAN00003220625,CGPLH385P_2,SAMEA9240513,
EGAS00001005340,Detection and characterization of lung cancer using cell-free DNA fragmentomes,Other,ILLUMINA,Illumina HiSeq 2500,PAIRED,,WGS,GENOMIC,unspecified,EGAX00002471868,EGAR00002846383,EGAN00003220640,CGPLH388P_2,SAMEA9240528,
EGAS00001005340,Detection and characterization of lung cancer using cell-free DNA fragmentomes,Other,ILLUMINA,Illumina HiSeq 2500,PAIRED,,WGS,GENOMIC,unspecified,EGAX00002471869,EGAR00002846384,EGAN00003220636,CGPLH403P_2,SAMEA9240524,
EGAS00001005340,Detection and characterization of lung cancer using cell-free DNA fragmentomes,Other,ILLUMINA,Illumina HiSeq 2500,PAIRED,,WGS,GENOMIC,unspecified,EGAX00002471870,EGAR00002846385,EGAN00003220634,CGPLH405P_2,SAMEA9240522,
EGAS00001005340,Detection and characterization of lung cancer using cell-free DNA fragmentomes,Other,ILLUMINA,Illumina HiSeq 2500,PAIRED,,WGS,GENOMIC,unspecified,EGAX00002471871,EGAR00002846386,EGAN00003220364,CGPLH408P_2,SAMEA9240251,
EGAS00001005340,Detection and characterization of lung cancer using cell-free DNA fragmentomes,Other,ILLUMINA,Illumina HiSeq 2500,PAIRED,,WGS,GENOMIC,unspecified,EGAX00002471872,EGAR00002846387,EGAN00003220366,CGPLH411P_2,SAMEA9240253,
EGAS00001005340,Detection and characterization of lung cancer using cell-free DNA fragmentomes,Other,ILLUMINA,Illumina HiSeq 2500,PAIRED,,WGS,GENOMIC,unspecified,EGAX00002471873,EGAR00002846388,EGAN00003220365,CGPLH417P_2,SAMEA9240252,
EGAS00001005340,Detection and characterization of lung cancer using cell-free DNA fragmentomes,Other,ILLUMINA,Illumina HiSeq 2500,PAIRED,,WGS,GENOMIC,unspecified,EGAX00002471874,EGAR00002846389,EGAN00003220717,CGPLH431P_2,SAMEA9240605,
EGAS00001005340,Detection and characterization of lung cancer using cell-free DNA fragmentomes,Other,ILLUMINA,Illumina HiSeq 2500,PAIRED,,WGS,GENOMIC,unspecified,EGAX00002471875,EGAR00002846390,EGAN00003220715,CGPLH432P_2,SAMEA9240603,
EGAS00001005340,Detection and characterization of lung cancer using cell-free DNA fragmentomes,Other,ILLUMINA,Illumina HiSeq 2500,PAIRED,,WGS,GENOMIC,unspecified,EGAX00002471876,EGAR00002846391,EGAN00003220721,CGPLH435P_2,SAMEA9240609,
EGAS00001005340,Detection and characterization of lung cancer using cell-free DNA fragmentomes,Other,ILLUMINA,Illumina HiSeq 2500,PAIRED,,WGS,GENOMIC,unspecified,EGAX00002471877,EGAR00002846392,EGAN00003220719,CGPLH437P_2,SAMEA9240607,
EGAS00001005340,Detection and characterization of lung cancer using cell-free DNA fragmentomes,Other,ILLUMINA,Illumina HiSeq 2500,PAIRED,,WGS,GENOMIC,unspecified,EGAX00002471878,EGAR00002846393,EGAN00003220725,CGPLH438P_2,SAMEA9240613,
EGAS00001005340,Detection and characterization of lung cancer using cell-free DNA fragmentomes,Other,ILLUMINA,Illumina HiSeq 2500,PAIRED,,WGS,GENOMIC,unspecified,EGAX00002471879,EGAR00002846394,EGAN00003220723,CGPLH439P_2,SAMEA9240611,
EGAS00001005340,Detection and characterization of lung cancer using cell-free DNA fragmentomes,Other,ILLUMINA,Illumina HiSeq 2500,PAIRED,,WGS,GENOMIC,unspecified,EGAX00002471880,EGAR00002846395,EGAN00003220728,CGPLH440P_2,SAMEA9240616,
EGAS00001005340,Detection and characterization of lung cancer using cell-free DNA fragmentomes,Other,ILLUMINA,Illumina HiSeq 2500,PAIRED,,WGS,GENOMIC,unspecified,EGAX00002471881,EGAR00002846396,EGAN00003220727,CGPLH446P_2,SAMEA9240615,
EGAS00001005340,Detection and characterization of lung cancer using cell-free DNA fragmentomes,Other,ILLUMINA,Illumina HiSeq 2500,PAIRED,,WGS,GENOMIC,unspecified,EGAX00002471882,EGAR00002846397,EGAN00003220649,CGPLH458P_2,SAMEA9240537,
EGAS00001005340,Detection and characterization of lung cancer using cell-free DNA fragmentomes,Other,ILLUMINA,Illumina HiSeq 2500,PAIRED,,WGS,GENOMIC,unspecified,EGAX00002471883,EGAR00002846398,EGAN00003220651,CGPLH463P_2,SAMEA9240539,
EGAS00001005340,Detection and characterization of lung cancer using cell-free DNA fragmentomes,Other,ILLUMINA,Illumina HiSeq 2500,PAIRED,,WGS,GENOMIC,unspecified,EGAX00002471884,EGAR00002846399,EGAN00003220650,CGPLH464P_2,SAMEA9240538,
EGAS00001005340,Detection and characterization of lung cancer using cell-free DNA fragmentomes,Other,ILLUMINA,Illumina HiSeq 2500,PAIRED,,WGS,GENOMIC,unspecified,EGAX00002471885,EGAR00002846400,EGAN00003220653,CGPLH467P_2,SAMEA9240541,
EGAS00001005340,Detection and characterization of lung cancer using cell-free DNA fragmentomes,Other,ILLUMINA,Illumina HiSeq 2500,PAIRED,,WGS,GENOMIC,unspecified,EGAX00002471886,EGAR00002846401,EGAN00003220652,CGPLH468P_2,SAMEA9240540,
EGAS00001005340,Detection and characterization of lung cancer using cell-free DNA fragmentomes,Other,ILLUMINA,Illumina HiSeq 2500,PAIRED,,WGS,GENOMIC,unspecified,EGAX00002471887,EGAR00002846402,EGAN00003220654,CGPLH471P_2,SAMEA9240542,
EGAS00001005340,Detection and characterization of lung cancer using cell-free DNA fragmentomes,Other,ILLUMINA,Illumina HiSeq 2500,PAIRED,,WGS,GENOMIC,unspecified,EGAX00002471888,EGAR00002846403,EGAN00003220655,CGPLH472P_2,SAMEA9240543,
EGAS00001005340,Detection and characterization of lung cancer using cell-free DNA fragmentomes,Other,ILLUMINA,Illumina HiSeq 2500,PAIRED,,WGS,GENOMIC,unspecified,EGAX00002471889,EGAR00002846404,EGAN00003220657,CGPLH473P_2,SAMEA9240545,
EGAS00001005340,Detection and characterization of lung cancer using cell-free DNA fragmentomes,Other,ILLUMINA,Illumina HiSeq 2500,PAIRED,,WGS,GENOMIC,unspecified,EGAX00002471890,EGAR00002846405,EGAN00003220656,CGPLH476P_2,SAMEA9240544,
EGAS00001005340,Detection and characterization of lung cancer using cell-free DNA fragmentomes,Other,ILLUMINA,Illumina HiSeq 2500,PAIRED,,WGS,GENOMIC,unspecified,EGAX00002471891,EGAR00002846406,EGAN00003220659,CGPLH481P_2,SAMEA9240547,
EGAS00001005340,Detection and characterization of lung cancer using cell-free DNA fragmentomes,Other,ILLUMINA,Illumina HiSeq 2500,PAIRED,,WGS,GENOMIC,unspecified,EGAX00002471892,EGAR00002846407,EGAN00003220658,CGPLH487P_2,SAMEA9240546,
EGAS00001005340,Detection and characterization of lung cancer using cell-free DNA fragmentomes,Other,ILLUMINA,Illumina HiSeq 2500,PAIRED,,WGS,GENOMIC,unspecified,EGAX00002471893,EGAR00002846408,EGAN00003220662,CGPLH488P_2,SAMEA9240550,
EGAS00001005340,Detection and characterization of lung cancer using cell-free DNA fragmentomes,Other,ILLUMINA,Illumina HiSeq 2500,PAIRED,,WGS,GENOMIC,unspecified,EGAX00002471894,EGAR00002846409,EGAN00003220660,CGPLH491P_2,SAMEA9240548,
EGAS00001005340,Detection and characterization of lung cancer using cell-free DNA fragmentomes,Other,ILLUMINA,Illumina HiSeq 2500,PAIRED,,WGS,GENOMIC,unspecified,EGAX00002471895,EGAR00002846410,EGAN00003220502,CGPLH496P_2,SAMEA9240389,
EGAS00001005340,Detection and characterization of lung cancer using cell-free DNA fragmentomes,Other,ILLUMINA,Illumina HiSeq 2500,PAIRED,,WGS,GENOMIC,unspecified,EGAX00002471896,EGAR00002846411,EGAN00003220504,CGPLH501P_2,SAMEA9240391,
EGAS00001005340,Detection and characterization of lung cancer using cell-free DNA fragmentomes,Other,ILLUMINA,Illumina HiSeq 2500,PAIRED,,WGS,GENOMIC,unspecified,EGAX00002471897,EGAR00002846412,EGAN00003220503,CGPLH505P_2,SAMEA9240390,
EGAS00001005340,Detection and characterization of lung cancer using cell-free DNA fragmentomes,Other,ILLUMINA,Illumina HiSeq 2500,PAIRED,,WGS,GENOMIC,unspecified,EGAX00002471898,EGAR00002846413,EGAN00003220513,CGPLH516P_2,SAMEA9240400,
EGAS00001005340,Detection and characterization of lung cancer using cell-free DNA fragmentomes,Other,ILLUMINA,Illumina HiSeq 2500,PAIRED,,WGS,GENOMIC,unspecified,EGAX00002471899,EGAR00002846414,EGAN00003220512,CGPLH520P_2,SAMEA9240399,
EGAS00001005340,Detection and characterization of lung cancer using cell-free DNA fragmentomes,Other,ILLUMINA,Illumina HiSeq 2500,PAIRED,,WGS,GENOMIC,unspecified,EGAX00002471900,EGAR00002846415,EGAN00003221021,CGPLH547P_1,SAMEA9240909,
EGAS00001005340,Detection and characterization of lung cancer using cell-free DNA fragmentomes,Other,ILLUMINA,Illumina HiSeq 2500,PAIRED,,WGS,GENOMIC,unspecified,EGAX00002471901,EGAR00002846416,EGAN00003221137,CGPLH551P_1,SAMEA9241025,
EGAS00001005340,Detection and characterization of lung cancer using cell-free DNA fragmentomes,Other,ILLUMINA,Illumina HiSeq 2500,PAIRED,,WGS,GENOMIC,unspecified,EGAX00002471902,EGAR00002846417,EGAN00003220511,CGPLH571P_1,SAMEA9240398,
EGAS00001005340,Detection and characterization of lung cancer using cell-free DNA fragmentomes,Other,ILLUMINA,Illumina HiSeq 2500,PAIRED,,WGS,GENOMIC,unspecified,EGAX00002471903,EGAR00002846418,EGAN00003220507,CGPLH572P_1,SAMEA9240394,
EGAS00001005340,Detection and characterization of lung cancer using cell-free DNA fragmentomes,Other,ILLUMINA,Illumina HiSeq 2500,PAIRED,,WGS,GENOMIC,unspecified,EGAX00002471904,EGAR00002846419,EGAN00003220506,CGPLH573P_1,SAMEA9240393,
EGAS00001005340,Detection and characterization of lung cancer using cell-free DNA fragmentomes,Other,ILLUMINA,Illumina HiSeq 2500,PAIRED,,WGS,GENOMIC,unspecified,EGAX00002471905,EGAR00002846420,EGAN00003220505,CGPLH574P_1,SAMEA9240392,
EGAS00001005340,Detection and characterization of lung cancer using cell-free DNA fragmentomes,Other,ILLUMINA,Illumina HiSeq 2500,PAIRED,,WGS,GENOMIC,unspecified,EGAX00002471906,EGAR00002846421,EGAN00003220519,CGPLH575P_1,SAMEA9240406,
EGAS00001005340,Detection and characterization of lung cancer using cell-free DNA fragmentomes,Other,ILLUMINA,Illumina HiSeq 2500,PAIRED,,WGS,GENOMIC,unspecified,EGAX00002471907,EGAR00002846422,EGAN00003220523,CGPLH576P_1,SAMEA9240410,
EGAS00001005340,Detection and characterization of lung cancer using cell-free DNA fragmentomes,Other,ILLUMINA,Illumina HiSeq 2500,PAIRED,,WGS,GENOMIC,unspecified,EGAX00002471908,EGAR00002846423,EGAN00003220522,CGPLH577P_1,SAMEA9240409,
EGAS00001005340,Detection and characterization of lung cancer using cell-free DNA fragmentomes,Other,ILLUMINA,Illumina HiSeq 2500,PAIRED,,WGS,GENOMIC,unspecified,EGAX00002471909,EGAR00002846424,EGAN00003220409,CGPLH577P_2,SAMEA9240300,
EGAS00001005340,Detection and characterization of lung cancer using cell-free DNA fragmentomes,Other,ILLUMINA,Illumina HiSeq 2500,PAIRED,,WGS,GENOMIC,unspecified,EGAX00002471910,EGAR00002846425,EGAN00003220521,CGPLH578P_1,SAMEA9240408,
EGAS00001005340,Detection and characterization of lung cancer using cell-free DNA fragmentomes,Other,ILLUMINA,Illumina HiSeq 2500,PAIRED,,WGS,GENOMIC,unspecified,EGAX00002471911,EGAR00002846426,EGAN00003220520,CGPLH579P_1,SAMEA9240407,
EGAS00001005340,Detection and characterization of lung cancer using cell-free DNA fragmentomes,Other,ILLUMINA,Illumina HiSeq 2500,PAIRED,,WGS,GENOMIC,unspecified,EGAX00002471912,EGAR00002846427,EGAN00003220517,CGPLH580P_1,SAMEA9240404,
EGAS00001005340,Detection and characterization of lung cancer using cell-free DNA fragmentomes,Other,ILLUMINA,Illumina HiSeq 2500,PAIRED,,WGS,GENOMIC,unspecified,EGAX00002471913,EGAR00002846428,EGAN00003220516,CGPLH581P_1,SAMEA9240403,
EGAS00001005340,Detection and characterization of lung cancer using cell-free DNA fragmentomes,Other,ILLUMINA,Illumina HiSeq 2500,PAIRED,,WGS,GENOMIC,unspecified,EGAX00002471914,EGAR00002846429,EGAN00003220515,CGPLH582P_1,SAMEA9240402,
EGAS00001005340,Detection and characterization of lung cancer using cell-free DNA fragmentomes,Other,ILLUMINA,Illumina HiSeq 2500,PAIRED,,WGS,GENOMIC,unspecified,EGAX00002471915,EGAR00002846430,EGAN00003220514,CGPLH583P_1,SAMEA9240401,
EGAS00001005340,Detection and characterization of lung cancer using cell-free DNA fragmentomes,Other,ILLUMINA,Illumina HiSeq 2500,PAIRED,,WGS,GENOMIC,unspecified,EGAX00002471916,EGAR00002846431,EGAN00003220518,CGPLH584P_1,SAMEA9240405,
EGAS00001005340,Detection and characterization of lung cancer using cell-free DNA fragmentomes,Other,ILLUMINA,Illumina HiSeq 2500,PAIRED,,WGS,GENOMIC,unspecified,EGAX00002471917,EGAR00002846432,EGAN00003220537,CGPLH585P_1,SAMEA9240425,
EGAS00001005340,Detection and characterization of lung cancer using cell-free DNA fragmentomes,Other,ILLUMINA,Illumina HiSeq 2500,PAIRED,,WGS,GENOMIC,unspecified,EGAX00002471918,EGAR00002846433,EGAN00003220536,CGPLH586P_1,SAMEA9240424,
EGAS00001005340,Detection and characterization of lung cancer using cell-free DNA fragmentomes,Other,ILLUMINA,Illumina HiSeq 2500,PAIRED,,WGS,GENOMIC,unspecified,EGAX00002471919,EGAR00002846434,EGAN00003220354,CGPLH587P_1,SAMEA9240241,
EGAS00001005340,Detection and characterization of lung cancer using cell-free DNA fragmentomes,Other,ILLUMINA,Illumina HiSeq 2500,PAIRED,,WGS,GENOMIC,unspecified,EGAX00002471920,EGAR00002846435,EGAN00003220360,CGPLH588P_1,SAMEA9240247,
EGAS00001005340,Detection and characterization of lung cancer using cell-free DNA fragmentomes,Other,ILLUMINA,Illumina HiSeq 2500,PAIRED,,WGS,GENOMIC,unspecified,EGAX00002471921,EGAR00002846436,EGAN00003220358,CGPLH589P_1,SAMEA9240245,
EGAS00001005340,Detection and characterization of lung cancer using cell-free DNA fragmentomes,Other,ILLUMINA,Illumina HiSeq 2500,PAIRED,,WGS,GENOMIC,unspecified,EGAX00002471922,EGAR00002846437,EGAN00003220362,CGPLH590P_1,SAMEA9240249,
EGAS00001005340,Detection and characterization of lung cancer using cell-free DNA fragmentomes,Other,ILLUMINA,Illumina HiSeq 2500,PAIRED,,WGS,GENOMIC,unspecified,EGAX00002471923,EGAR00002846438,EGAN00003220889,CGPLH591P_1,SAMEA9240777,
EGAS00001005340,Detection and characterization of lung cancer using cell-free DNA fragmentomes,Other,ILLUMINA,Illumina HiSeq 2500,PAIRED,,WGS,GENOMIC,unspecified,EGAX00002471924,EGAR00002846439,EGAN00003220888,CGPLH592P_1,SAMEA9240776,
EGAS00001005340,Detection and characterization of lung cancer using cell-free DNA fragmentomes,Other,ILLUMINA,Illumina HiSeq 2500,PAIRED,,WGS,GENOMIC,unspecified,EGAX00002471925,EGAR00002846440,EGAN00003220891,CGPLH593P_1,SAMEA9240779,
EGAS00001005340,Detection and characterization of lung cancer using cell-free DNA fragmentomes,Other,ILLUMINA,Illumina HiSeq 2500,PAIRED,,WGS,GENOMIC,unspecified,EGAX00002471926,EGAR00002846441,EGAN00003220595,CGPLH594P_1,SAMEA9240483,
EGAS00001005340,Detection and characterization of lung cancer using cell-free DNA fragmentomes,Other,ILLUMINA,Illumina HiSeq 2500,PAIRED,,WGS,GENOMIC,unspecified,EGAX00002471927,EGAR00002846442,EGAN00003220593,CGPLH595P_1,SAMEA9240481,
EGAS00001005340,Detection and characterization of lung cancer using cell-free DNA fragmentomes,Other,ILLUMINA,Illumina HiSeq 2500,PAIRED,,WGS,GENOMIC,unspecified,EGAX00002471928,EGAR00002846443,EGAN00003220592,CGPLH596P_1,SAMEA9240480,
EGAS00001005340,Detection and characterization of lung cancer using cell-free DNA fragmentomes,Other,ILLUMINA,Illumina HiSeq 2500,PAIRED,,WGS,GENOMIC,unspecified,EGAX00002471929,EGAR00002846444,EGAN00003220601,CGPLH597P_1,SAMEA9240489,
EGAS00001005340,Detection and characterization of lung cancer using cell-free DNA fragmentomes,Other,ILLUMINA,Illumina HiSeq 2500,PAIRED,,WGS,GENOMIC,unspecified,EGAX00002471930,EGAR00002846445,EGAN00003220600,CGPLH598P_1,SAMEA9240488,
EGAS00001005340,Detection and characterization of lung cancer using cell-free DNA fragmentomes,Other,ILLUMINA,Illumina HiSeq 2500,PAIRED,,WGS,GENOMIC,unspecified,EGAX00002471931,EGAR00002846446,EGAN00003220599,CGPLH599P_1,SAMEA9240487,
EGAS00001005340,Detection and characterization of lung cancer using cell-free DNA fragmentomes,Other,ILLUMINA,Illumina HiSeq 2500,PAIRED,,WGS,GENOMIC,unspecified,EGAX00002471932,EGAR00002846447,EGAN00003220598,CGPLH600P_1,SAMEA9240486,
EGAS00001005340,Detection and characterization of lung cancer using cell-free DNA fragmentomes,Other,ILLUMINA,Illumina HiSeq 2500,PAIRED,,WGS,GENOMIC,unspecified,EGAX00002471933,EGAR00002846448,EGAN00003220597,CGPLH601P_1,SAMEA9240485,
EGAS00001005340,Detection and characterization of lung cancer using cell-free DNA fragmentomes,Other,ILLUMINA,Illumina HiSeq 2500,PAIRED,,WGS,GENOMIC,unspecified,EGAX00002471934,EGAR00002846449,EGAN00003220581,CGPLH602P_1,SAMEA9240469,
EGAS00001005340,Detection and characterization of lung cancer using cell-free DNA fragmentomes,Other,ILLUMINA,Illumina HiSeq 2500,PAIRED,,WGS,GENOMIC,unspecified,EGAX00002471935,EGAR00002846450,EGAN00003220580,CGPLH603P_1,SAMEA9240468,
EGAS00001005340,Detection and characterization of lung cancer using cell-free DNA fragmentomes,Other,ILLUMINA,Illumina HiSeq 2500,PAIRED,,WGS,GENOMIC,unspecified,EGAX00002471936,EGAR00002846451,EGAN00003220579,CGPLH604P_1,SAMEA9240467,
EGAS00001005340,Detection and characterization of lung cancer using cell-free DNA fragmentomes,Other,ILLUMINA,Illumina HiSeq 2500,PAIRED,,WGS,GENOMIC,unspecified,EGAX00002471937,EGAR00002846452,EGAN00003220578,CGPLH605P_1,SAMEA9240466,
EGAS00001005340,Detection and characterization of lung cancer using cell-free DNA fragmentomes,Other,ILLUMINA,Illumina HiSeq 2500,PAIRED,,WGS,GENOMIC,unspecified,EGAX00002471938,EGAR00002846453,EGAN00003220577,CGPLH606P_1,SAMEA9240465,
EGAS00001005340,Detection and characterization of lung cancer using cell-free DNA fragmentomes,Other,ILLUMINA,Illumina HiSeq 2500,PAIRED,,WGS,GENOMIC,unspecified,EGAX00002471939,EGAR00002846454,EGAN00003220564,CGPLH607P_1,SAMEA9240452,
EGAS00001005340,Detection and characterization of lung cancer using cell-free DNA fragmentomes,Other,ILLUMINA,Illumina HiSeq 2500,PAIRED,,WGS,GENOMIC,unspecified,EGAX00002471940,EGAR00002846455,EGAN00003220980,CGPLH608P_1,SAMEA9240868,
EGAS00001005340,Detection and characterization of lung cancer using cell-free DNA fragmentomes,Other,ILLUMINA,Illumina HiSeq 2500,PAIRED,,WGS,GENOMIC,unspecified,EGAX00002471941,EGAR00002846456,EGAN00003220562,CGPLH610P_1,SAMEA9240450,
EGAS00001005340,Detection and characterization of lung cancer using cell-free DNA fragmentomes,Other,ILLUMINA,Illumina HiSeq 2500,PAIRED,,WGS,GENOMIC,unspecified,EGAX00002471942,EGAR00002846457,EGAN00003220561,CGPLH611P_1,SAMEA9240449,
EGAS00001005340,Detection and characterization of lung cancer using cell-free DNA fragmentomes,Other,ILLUMINA,Illumina HiSeq 2500,PAIRED,,WGS,GENOMIC,unspecified,EGAX00002471943,EGAR00002846458,EGAN00003220560,CGPLH612P_1,SAMEA9240448,
EGAS00001005340,Detection and characterization of lung cancer using cell-free DNA fragmentomes,Other,ILLUMINA,Illumina HiSeq 2500,PAIRED,,WGS,GENOMIC,unspecified,EGAX00002471944,EGAR00002846459,EGAN00003220979,CGPLH613P_1,SAMEA9240867,
EGAS00001005340,Detection and characterization of lung cancer using cell-free DNA fragmentomes,Other,ILLUMINA,Illumina HiSeq 2500,PAIRED,,WGS,GENOMIC,unspecified,EGAX00002471945,EGAR00002846460,EGAN00003221164,CGPLH614P_1,SAMEA9241052,
EGAS00001005340,Detection and characterization of lung cancer using cell-free DNA fragmentomes,Other,ILLUMINA,Illumina HiSeq 2500,PAIRED,,WGS,GENOMIC,unspecified,EGAX00002471946,EGAR00002846461,EGAN00003221168,CGPLH615P_1,SAMEA9241056,
EGAS00001005340,Detection and characterization of lung cancer using cell-free DNA fragmentomes,Other,ILLUMINA,Illumina HiSeq 2500,PAIRED,,WGS,GENOMIC,unspecified,EGAX00002471947,EGAR00002846462,EGAN00003221169,CGPLH616P_1,SAMEA9241057,
EGAS00001005340,Detection and characterization of lung cancer using cell-free DNA fragmentomes,Other,ILLUMINA,Illumina HiSeq 2500,PAIRED,,WGS,GENOMIC,unspecified,EGAX00002471948,EGAR00002846463,EGAN00003221166,CGPLH616P_2,SAMEA9241054,
EGAS00001005340,Detection and characterization of lung cancer using cell-free DNA fragmentomes,Other,ILLUMINA,Illumina HiSeq 2500,PAIRED,,WGS,GENOMIC,unspecified,EGAX00002471949,EGAR00002846464,EGAN00003221167,CGPLH619P_1,SAMEA9241055,
EGAS00001005340,Detection and characterization of lung cancer using cell-free DNA fragmentomes,Other,ILLUMINA,Illumina HiSeq 2500,PAIRED,,WGS,GENOMIC,unspecified,EGAX00002471950,EGAR00002846465,EGAN00003220978,CGPLH620P_1,SAMEA9240866,
EGAS00001005340,Detection and characterization of lung cancer using cell-free DNA fragmentomes,Other,ILLUMINA,Illumina HiSeq 2500,PAIRED,,WGS,GENOMIC,unspecified,EGAX00002471951,EGAR00002846466,EGAN00003221160,CGPLH621P_1,SAMEA9241048,
EGAS00001005340,Detection and characterization of lung cancer using cell-free DNA fragmentomes,Other,ILLUMINA,Illumina HiSeq 2500,PAIRED,,WGS,GENOMIC,unspecified,EGAX00002471952,EGAR00002846467,EGAN00003221011,CGPLH622P_1,SAMEA9240899,
EGAS00001005340,Detection and characterization of lung cancer using cell-free DNA fragmentomes,Other,ILLUMINA,Illumina HiSeq 2500,PAIRED,,WGS,GENOMIC,unspecified,EGAX00002471953,EGAR00002846468,EGAN00003221047,CGPLH623P_1,SAMEA9240935,
EGAS00001005340,Detection and characterization of lung cancer using cell-free DNA fragmentomes,Other,ILLUMINA,Illumina HiSeq 2500,PAIRED,,WGS,GENOMIC,unspecified,EGAX00002471954,EGAR00002846469,EGAN00003220842,CGPLH624P_1,SAMEA9240730,
EGAS00001005340,Detection and characterization of lung cancer using cell-free DNA fragmentomes,Other,ILLUMINA,Illumina HiSeq 2500,PAIRED,,WGS,GENOMIC,unspecified,EGAX00002471955,EGAR00002846470,EGAN00003221136,CGPLH627P_2,SAMEA9241024,
EGAS00001005340,Detection and characterization of lung cancer using cell-free DNA fragmentomes,Other,ILLUMINA,Illumina HiSeq 2500,PAIRED,,WGS,GENOMIC,unspecified,EGAX00002471956,EGAR00002846471,EGAN00003220841,CGPLH628P_1,SAMEA9240729,
EGAS00001005340,Detection and characterization of lung cancer using cell-free DNA fragmentomes,Other,ILLUMINA,Illumina HiSeq 2500,PAIRED,,WGS,GENOMIC,unspecified,EGAX00002471957,EGAR00002846472,EGAN00003220837,CGPLH629P_1,SAMEA9240725,
EGAS00001005340,Detection and characterization of lung cancer using cell-free DNA fragmentomes,Other,ILLUMINA,Illumina HiSeq 2500,PAIRED,,WGS,GENOMIC,unspecified,EGAX00002471958,EGAR00002846473,EGAN00003220836,CGPLH630P_1,SAMEA9240724,
EGAS00001005340,Detection and characterization of lung cancer using cell-free DNA fragmentomes,Other,ILLUMINA,Illumina HiSeq 2500,PAIRED,,WGS,GENOMIC,unspecified,EGAX00002471959,EGAR00002846474,EGAN00003220839,CGPLH631P_1,SAMEA9240727,
EGAS00001005340,Detection and characterization of lung cancer using cell-free DNA fragmentomes,Other,ILLUMINA,Illumina HiSeq 2500,PAIRED,,WGS,GENOMIC,unspecified,EGAX00002471960,EGAR00002846475,EGAN00003220838,CGPLH632P_1,SAMEA9240726,
EGAS00001005340,Detection and characterization of lung cancer using cell-free DNA fragmentomes,Other,ILLUMINA,Illumina HiSeq 2500,PAIRED,,WGS,GENOMIC,unspecified,EGAX00002471961,EGAR00002846476,EGAN00003220834,CGPLH633P_1,SAMEA9240722,
EGAS00001005340,Detection and characterization of lung cancer using cell-free DNA fragmentomes,Other,ILLUMINA,Illumina HiSeq 2500,PAIRED,,WGS,GENOMIC,unspecified,EGAX00002471962,EGAR00002846477,EGAN00003220833,CGPLH634P_1,SAMEA9240721,
EGAS00001005340,Detection and characterization of lung cancer using cell-free DNA fragmentomes,Other,ILLUMINA,Illumina HiSeq 2500,PAIRED,,WGS,GENOMIC,unspecified,EGAX00002471963,EGAR00002846478,EGAN00003220835,CGPLH635P_1,SAMEA9240723,
EGAS00001005340,Detection and characterization of lung cancer using cell-free DNA fragmentomes,Other,ILLUMINA,Illumina HiSeq 2500,PAIRED,,WGS,GENOMIC,unspecified,EGAX00002471964,EGAR00002846479,EGAN00003220869,CGPLH636P_1,SAMEA9240757,
EGAS00001005340,Detection and characterization of lung cancer using cell-free DNA fragmentomes,Other,ILLUMINA,Illumina HiSeq 2500,PAIRED,,WGS,GENOMIC,unspecified,EGAX00002471965,EGAR00002846480,EGAN00003220867,CGPLH637P_1,SAMEA9240755,
EGAS00001005340,Detection and characterization of lung cancer using cell-free DNA fragmentomes,Other,ILLUMINA,Illumina HiSeq 2500,PAIRED,,WGS,GENOMIC,unspecified,EGAX00002471966,EGAR00002846481,EGAN00003220856,CGPLH638P_1,SAMEA9240744,
EGAS00001005340,Detection and characterization of lung cancer using cell-free DNA fragmentomes,Other,ILLUMINA,Illumina HiSeq 2500,PAIRED,,WGS,GENOMIC,unspecified,EGAX00002471967,EGAR00002846482,EGAN00003220853,CGPLH641P_1,SAMEA9240741,
EGAS00001005340,Detection and characterization of lung cancer using cell-free DNA fragmentomes,Other,ILLUMINA,Illumina HiSeq 2500,PAIRED,,WGS,GENOMIC,unspecified,EGAX00002471968,EGAR00002846483,EGAN00003220862,CGPLH641P_2,SAMEA9240750,
EGAS00001005340,Detection and characterization of lung cancer using cell-free DNA fragmentomes,Other,ILLUMINA,Illumina HiSeq 2500,PAIRED,,WGS,GENOMIC,unspecified,EGAX00002471969,EGAR00002846484,EGAN00003220378,CGPLH643P_2,SAMEA9240266,
EGAS00001005340,Detection and characterization of lung cancer using cell-free DNA fragmentomes,Other,ILLUMINA,Illumina HiSeq 2500,PAIRED,,WGS,GENOMIC,unspecified,EGAX00002471970,EGAR00002846485,EGAN00003220859,CGPLH645P_1,SAMEA9240747,
EGAS00001005340,Detection and characterization of lung cancer using cell-free DNA fragmentomes,Other,ILLUMINA,Illumina HiSeq 2500,PAIRED,,WGS,GENOMIC,unspecified,EGAX00002471971,EGAR00002846486,EGAN00003220377,CGPLH646P_2,SAMEA9240264,
EGAS00001005340,Detection and characterization of lung cancer using cell-free DNA fragmentomes,Other,ILLUMINA,Illumina HiSeq 2500,PAIRED,,WGS,GENOMIC,unspecified,EGAX00002471972,EGAR00002846487,EGAN00003220850,CGPLH647P_1,SAMEA9240738,
EGAS00001005340,Detection and characterization of lung cancer using cell-free DNA fragmentomes,Other,ILLUMINA,Illumina HiSeq 2500,PAIRED,,WGS,GENOMIC,unspecified,EGAX00002471973,EGAR00002846488,EGAN00003220849,CGPLH647P_2,SAMEA9240737,
EGAS00001005340,Detection and characterization of lung cancer using cell-free DNA fragmentomes,Other,ILLUMINA,Illumina HiSeq 2500,PAIRED,,WGS,GENOMIC,unspecified,EGAX00002471974,EGAR00002846489,EGAN00003220746,CGPLH648P_1,SAMEA9240634,
EGAS00001005340,Detection and characterization of lung cancer using cell-free DNA fragmentomes,Other,ILLUMINA,Illumina HiSeq 2500,PAIRED,,WGS,GENOMIC,unspecified,EGAX00002471975,EGAR00002846490,EGAN00003220744,CGPLH649P_1,SAMEA9240632,
EGAS00001005340,Detection and characterization of lung cancer using cell-free DNA fragmentomes,Other,ILLUMINA,Illumina HiSeq 2500,PAIRED,,WGS,GENOMIC,unspecified,EGAX00002471976,EGAR00002846491,EGAN00003220743,CGPLH650P_1,SAMEA9240631,
EGAS00001005340,Detection and characterization of lung cancer using cell-free DNA fragmentomes,Other,ILLUMINA,Illumina HiSeq 2500,PAIRED,,WGS,GENOMIC,unspecified,EGAX00002471977,EGAR00002846492,EGAN00003220742,CGPLH651P_1,SAMEA9240630,
EGAS00001005340,Detection and characterization of lung cancer using cell-free DNA fragmentomes,Other,ILLUMINA,Illumina HiSeq 2500,PAIRED,,WGS,GENOMIC,unspecified,EGAX00002471978,EGAR00002846493,EGAN00003220936,CGPLH652P_1,SAMEA9240824,
EGAS00001005340,Detection and characterization of lung cancer using cell-free DNA fragmentomes,Other,ILLUMINA,Illumina HiSeq 2500,PAIRED,,WGS,GENOMIC,unspecified,EGAX00002471979,EGAR00002846494,EGAN00003220609,CGPLH653P_1,SAMEA9240497,
EGAS00001005340,Detection and characterization of lung cancer using cell-free DNA fragmentomes,Other,ILLUMINA,Illumina HiSeq 2500,PAIRED,,WGS,GENOMIC,unspecified,EGAX00002471980,EGAR00002846495,EGAN00003220482,CGPLH655P_1,SAMEA9240382,
EGAS00001005340,Detection and characterization of lung cancer using cell-free DNA fragmentomes,Other,ILLUMINA,Illumina HiSeq 2500,PAIRED,,WGS,GENOMIC,unspecified,EGAX00002471981,EGAR00002846496,EGAN00003220480,CGPLH656P_1,SAMEA9240379,
EGAS00001005340,Detection and characterization of lung cancer using cell-free DNA fragmentomes,Other,ILLUMINA,Illumina HiSeq 2500,PAIRED,,WGS,GENOMIC,unspecified,EGAX00002471982,EGAR00002846497,EGAN00003220487,CGPLH657P_1,SAMEA9240843,
EGAS00001005340,Detection and characterization of lung cancer using cell-free DNA fragmentomes,Other,ILLUMINA,Illumina HiSeq 2500,PAIRED,,WGS,GENOMIC,unspecified,EGAX00002471983,EGAR00002846498,EGAN00003220845,CGPLH658P_1,SAMEA9240733,
EGAS00001005340,Detection and characterization of lung cancer using cell-free DNA fragmentomes,Other,ILLUMINA,Illumina HiSeq 2500,PAIRED,,WGS,GENOMIC,unspecified,EGAX00002471984,EGAR00002846499,EGAN00003220844,CGPLH659P_1,SAMEA9240732,
EGAS00001005340,Detection and characterization of lung cancer using cell-free DNA fragmentomes,Other,ILLUMINA,Illumina HiSeq 2500,PAIRED,,WGS,GENOMIC,unspecified,EGAX00002471985,EGAR00002846500,EGAN00003220916,CGPLH660P_1,SAMEA9240804,
EGAS00001005340,Detection and characterization of lung cancer using cell-free DNA fragmentomes,Other,ILLUMINA,Illumina HiSeq 2500,PAIRED,,WGS,GENOMIC,unspecified,EGAX00002471986,EGAR00002846501,EGAN00003220915,CGPLH661P_1,SAMEA9240803,
EGAS00001005340,Detection and characterization of lung cancer using cell-free DNA fragmentomes,Other,ILLUMINA,Illumina HiSeq 2500,PAIRED,,WGS,GENOMIC,unspecified,EGAX00002471987,EGAR00002846502,EGAN00003220935,CGPLH662P_1,SAMEA9240823,
EGAS00001005340,Detection and characterization of lung cancer using cell-free DNA fragmentomes,Other,ILLUMINA,Illumina HiSeq 2500,PAIRED,,WGS,GENOMIC,unspecified,EGAX00002471988,EGAR00002846503,EGAN00003220944,CGPLH663P_1,SAMEA9240832,
EGAS00001005340,Detection and characterization of lung cancer using cell-free DNA fragmentomes,Other,ILLUMINA,Illumina HiSeq 2500,PAIRED,,WGS,GENOMIC,unspecified,EGAX00002471989,EGAR00002846504,EGAN00003220945,CGPLH664P_1,SAMEA9240833,
EGAS00001005340,Detection and characterization of lung cancer using cell-free DNA fragmentomes,Other,ILLUMINA,Illumina HiSeq 2500,PAIRED,,WGS,GENOMIC,unspecified,EGAX00002471990,EGAR00002846505,EGAN00003220942,CGPLH665P_1,SAMEA9240830,
EGAS00001005340,Detection and characterization of lung cancer using cell-free DNA fragmentomes,Other,ILLUMINA,Illumina HiSeq 2500,PAIRED,,WGS,GENOMIC,unspecified,EGAX00002471991,EGAR00002846506,EGAN00003220485,CGPLH666P_1,SAMEA9240385,
EGAS00001005340,Detection and characterization of lung cancer using cell-free DNA fragmentomes,Other,ILLUMINA,Illumina HiSeq 2500,PAIRED,,WGS,GENOMIC,unspecified,EGAX00002471992,EGAR00002846507,EGAN00003220488,CGPLH667P_1,SAMEA9240844,
EGAS00001005340,Detection and characterization of lung cancer using cell-free DNA fragmentomes,Other,ILLUMINA,Illumina HiSeq 2500,PAIRED,,WGS,GENOMIC,unspecified,EGAX00002471993,EGAR00002846508,EGAN00003220481,CGPLH668P_1,SAMEA9240380,
EGAS00001005340,Detection and characterization of lung cancer using cell-free DNA fragmentomes,Other,ILLUMINA,Illumina HiSeq 2500,PAIRED,,WGS,GENOMIC,unspecified,EGAX00002471994,EGAR00002846509,EGAN00003220818,CGPLH669P_1,SAMEA9240706,
EGAS00001005340,Detection and characterization of lung cancer using cell-free DNA fragmentomes,Other,ILLUMINA,Illumina HiSeq 2500,PAIRED,,WGS,GENOMIC,unspecified,EGAX00002471995,EGAR00002846510,EGAN00003220817,CGPLH670P_1,SAMEA9240705,
EGAS00001005340,Detection and characterization of lung cancer using cell-free DNA fragmentomes,Other,ILLUMINA,Illumina HiSeq 2500,PAIRED,,WGS,GENOMIC,unspecified,EGAX00002471996,EGAR00002846511,EGAN00003220816,CGPLH671P_1,SAMEA9240704,
EGAS00001005340,Detection and characterization of lung cancer using cell-free DNA fragmentomes,Other,ILLUMINA,Illumina HiSeq 2500,PAIRED,,WGS,GENOMIC,unspecified,EGAX00002471997,EGAR00002846512,EGAN00003220799,CGPLH672P_1,SAMEA9240687,
EGAS00001005340,Detection and characterization of lung cancer using cell-free DNA fragmentomes,Other,ILLUMINA,Illumina HiSeq 2500,PAIRED,,WGS,GENOMIC,unspecified,EGAX00002471998,EGAR00002846513,EGAN00003220798,CGPLH673P_1,SAMEA9240686,
EGAS00001005340,Detection and characterization of lung cancer using cell-free DNA fragmentomes,Other,ILLUMINA,Illumina HiSeq 2500,PAIRED,,WGS,GENOMIC,unspecified,EGAX00002471999,EGAR00002846514,EGAN00003220797,CGPLH674P_1,SAMEA9240685,
EGAS00001005340,Detection and characterization of lung cancer using cell-free DNA fragmentomes,Other,ILLUMINA,Illumina HiSeq 2500,PAIRED,,WGS,GENOMIC,unspecified,EGAX00002472000,EGAR00002846515,EGAN00003220796,CGPLH675P_1,SAMEA9240684,
EGAS00001005340,Detection and characterization of lung cancer using cell-free DNA fragmentomes,Other,ILLUMINA,Illumina HiSeq 2500,PAIRED,,WGS,GENOMIC,unspecified,EGAX00002472001,EGAR00002846516,EGAN00003221085,CGPLH676P_1,SAMEA9240973,
EGAS00001005340,Detection and characterization of lung cancer using cell-free DNA fragmentomes,Other,ILLUMINA,Illumina HiSeq 2500,PAIRED,,WGS,GENOMIC,unspecified,EGAX00002472002,EGAR00002846517,EGAN00003221097,CGPLH677P_1,SAMEA9240985,
EGAS00001005340,Detection and characterization of lung cancer using cell-free DNA fragmentomes,Other,ILLUMINA,Illumina HiSeq 2500,PAIRED,,WGS,GENOMIC,unspecified,EGAX00002472003,EGAR00002846518,EGAN00003221110,CGPLH678P_1,SAMEA9240998,
EGAS00001005340,Detection and characterization of lung cancer using cell-free DNA fragmentomes,Other,ILLUMINA,Illumina HiSeq 2500,PAIRED,,WGS,GENOMIC,unspecified,EGAX00002472004,EGAR00002846519,EGAN00003221112,CGPLH679P_1,SAMEA9241000,
EGAS00001005340,Detection and characterization of lung cancer using cell-free DNA fragmentomes,Other,ILLUMINA,Illumina HiSeq 2500,PAIRED,,WGS,GENOMIC,unspecified,EGAX00002472005,EGAR00002846520,EGAN00003221111,CGPLH680P_1,SAMEA9240999,
EGAS00001005340,Detection and characterization of lung cancer using cell-free DNA fragmentomes,Other,ILLUMINA,Illumina HiSeq 2500,PAIRED,,WGS,GENOMIC,unspecified,EGAX00002472006,EGAR00002846521,EGAN00003221114,CGPLH681P_1,SAMEA9241002,
EGAS00001005340,Detection and characterization of lung cancer using cell-free DNA fragmentomes,Other,ILLUMINA,Illumina HiSeq 2500,PAIRED,,WGS,GENOMIC,unspecified,EGAX00002472007,EGAR00002846522,EGAN00003220569,CGPLH683P_1,SAMEA9240457,
EGAS00001005340,Detection and characterization of lung cancer using cell-free DNA fragmentomes,Other,ILLUMINA,Illumina HiSeq 2500,PAIRED,,WGS,GENOMIC,unspecified,EGAX00002472008,EGAR00002846523,EGAN00003220904,CGPLH685P_1,SAMEA9240792,
EGAS00001005340,Detection and characterization of lung cancer using cell-free DNA fragmentomes,Other,ILLUMINA,Illumina HiSeq 2500,PAIRED,,WGS,GENOMIC,unspecified,EGAX00002472009,EGAR00002846524,EGAN00003220902,CGPLH686P_1,SAMEA9240790,
EGAS00001005340,Detection and characterization of lung cancer using cell-free DNA fragmentomes,Other,ILLUMINA,Illumina HiSeq 2500,PAIRED,,WGS,GENOMIC,unspecified,EGAX00002472010,EGAR00002846525,EGAN00003220900,CGPLH687P_1,SAMEA9240788,
EGAS00001005340,Detection and characterization of lung cancer using cell-free DNA fragmentomes,Other,ILLUMINA,Illumina HiSeq 2500,PAIRED,,WGS,GENOMIC,unspecified,EGAX00002472011,EGAR00002846526,EGAN00003220371,CGPLH688P_1,SAMEA9240258,
EGAS00001005340,Detection and characterization of lung cancer using cell-free DNA fragmentomes,Other,ILLUMINA,Illumina HiSeq 2500,PAIRED,,WGS,GENOMIC,unspecified,EGAX00002472012,EGAR00002846527,EGAN00003220373,CGPLH689P_1,SAMEA9240260,
EGAS00001005340,Detection and characterization of lung cancer using cell-free DNA fragmentomes,Other,ILLUMINA,Illumina HiSeq 2500,PAIRED,,WGS,GENOMIC,unspecified,EGAX00002472013,EGAR00002846528,EGAN00003220375,CGPLH690P_1,SAMEA9240262,
EGAS00001005340,Detection and characterization of lung cancer using cell-free DNA fragmentomes,Other,ILLUMINA,Illumina HiSeq 2500,PAIRED,,WGS,GENOMIC,unspecified,EGAX00002472014,EGAR00002846529,EGAN00003220901,CGPLH691P_1,SAMEA9240789,
EGAS00001005340,Detection and characterization of lung cancer using cell-free DNA fragmentomes,Other,ILLUMINA,Illumina HiSeq 2500,PAIRED,,WGS,GENOMIC,unspecified,EGAX00002472015,EGAR00002846530,EGAN00003220903,CGPLH692P_1,SAMEA9240791,
EGAS00001005340,Detection and characterization of lung cancer using cell-free DNA fragmentomes,Other,ILLUMINA,Illumina HiSeq 2500,PAIRED,,WGS,GENOMIC,unspecified,EGAX00002472016,EGAR00002846531,EGAN00003220684,CGPLH693P_1,SAMEA9240572,
EGAS00001005340,Detection and characterization of lung cancer using cell-free DNA fragmentomes,Other,ILLUMINA,Illumina HiSeq 2500,PAIRED,,WGS,GENOMIC,unspecified,EGAX00002472017,EGAR00002846532,EGAN00003220682,CGPLH694P_1,SAMEA9240570,
EGAS00001005340,Detection and characterization of lung cancer using cell-free DNA fragmentomes,Other,ILLUMINA,Illumina HiSeq 2500,PAIRED,,WGS,GENOMIC,unspecified,EGAX00002472018,EGAR00002846533,EGAN00003220680,CGPLH695P_1,SAMEA9240568,
EGAS00001005340,Detection and characterization of lung cancer using cell-free DNA fragmentomes,Other,ILLUMINA,Illumina HiSeq 2500,PAIRED,,WGS,GENOMIC,unspecified,EGAX00002472019,EGAR00002846534,EGAN00003220677,CGPLH696P_1,SAMEA9240565,
EGAS00001005340,Detection and characterization of lung cancer using cell-free DNA fragmentomes,Other,ILLUMINA,Illumina HiSeq 2500,PAIRED,,WGS,GENOMIC,unspecified,EGAX00002472020,EGAR00002846535,EGAN00003220674,CGPLH697P_1,SAMEA9240562,
EGAS00001005340,Detection and characterization of lung cancer using cell-free DNA fragmentomes,Other,ILLUMINA,Illumina HiSeq 2500,PAIRED,,WGS,GENOMIC,unspecified,EGAX00002472021,EGAR00002846536,EGAN00003220474,CGPLH698P_1,SAMEA9240373,
EGAS00001005340,Detection and characterization of lung cancer using cell-free DNA fragmentomes,Other,ILLUMINA,Illumina HiSeq 2500,PAIRED,,WGS,GENOMIC,unspecified,EGAX00002472022,EGAR00002846537,EGAN00003220473,CGPLH699P_1,SAMEA9240371,
EGAS00001005340,Detection and characterization of lung cancer using cell-free DNA fragmentomes,Other,ILLUMINA,Illumina HiSeq 2500,PAIRED,,WGS,GENOMIC,unspecified,EGAX00002472023,EGAR00002846538,EGAN00003220477,CGPLH700P_1,SAMEA9240376,
EGAS00001005340,Detection and characterization of lung cancer using cell-free DNA fragmentomes,Other,ILLUMINA,Illumina HiSeq 2500,PAIRED,,WGS,GENOMIC,unspecified,EGAX00002472024,EGAR00002846539,EGAN00003220943,CGPLH701P_1,SAMEA9240831,
EGAS00001005340,Detection and characterization of lung cancer using cell-free DNA fragmentomes,Other,ILLUMINA,Illumina HiSeq 2500,PAIRED,,WGS,GENOMIC,unspecified,EGAX00002472025,EGAR00002846540,EGAN00003220941,CGPLH702P_1,SAMEA9240829,
EGAS00001005340,Detection and characterization of lung cancer using cell-free DNA fragmentomes,Other,ILLUMINA,Illumina HiSeq 2500,PAIRED,,WGS,GENOMIC,unspecified,EGAX00002472026,EGAR00002846541,EGAN00003220703,CGPLH704P_1,SAMEA9240591,
EGAS00001005340,Detection and characterization of lung cancer using cell-free DNA fragmentomes,Other,ILLUMINA,Illumina HiSeq 2500,PAIRED,,WGS,GENOMIC,unspecified,EGAX00002472027,EGAR00002846542,EGAN00003220498,CGPLH705P_1,SAMEA9240855,
EGAS00001005340,Detection and characterization of lung cancer using cell-free DNA fragmentomes,Other,ILLUMINA,Illumina HiSeq 2500,PAIRED,,WGS,GENOMIC,unspecified,EGAX00002472028,EGAR00002846543,EGAN00003220497,CGPLH706P_1,SAMEA9240854,
EGAS00001005340,Detection and characterization of lung cancer using cell-free DNA fragmentomes,Other,ILLUMINA,Illumina HiSeq 2500,PAIRED,,WGS,GENOMIC,unspecified,EGAX00002472029,EGAR00002846544,EGAN00003220501,CGPLH707P_1,SAMEA9240388,
EGAS00001005340,Detection and characterization of lung cancer using cell-free DNA fragmentomes,Other,ILLUMINA,Illumina HiSeq 2500,PAIRED,,WGS,GENOMIC,unspecified,EGAX00002472030,EGAR00002846545,EGAN00003220606,CGPLH708P_1,SAMEA9240494,
EGAS00001005340,Detection and characterization of lung cancer using cell-free DNA fragmentomes,Other,ILLUMINA,Illumina HiSeq 2500,PAIRED,,WGS,GENOMIC,unspecified,EGAX00002472031,EGAR00002846546,EGAN00003220603,CGPLH709P_1,SAMEA9240491,
EGAS00001005340,Detection and characterization of lung cancer using cell-free DNA fragmentomes,Other,ILLUMINA,Illumina HiSeq 2500,PAIRED,,WGS,GENOMIC,unspecified,EGAX00002472032,EGAR00002846547,EGAN00003220604,CGPLH710P_1,SAMEA9240492,
EGAS00001005340,Detection and characterization of lung cancer using cell-free DNA fragmentomes,Other,ILLUMINA,Illumina HiSeq 2500,PAIRED,,WGS,GENOMIC,unspecified,EGAX00002472033,EGAR00002846548,EGAN00003220608,CGPLH711P_1,SAMEA9240496,
EGAS00001005340,Detection and characterization of lung cancer using cell-free DNA fragmentomes,Other,ILLUMINA,Illumina HiSeq 2500,PAIRED,,WGS,GENOMIC,unspecified,EGAX00002472034,EGAR00002846549,EGAN00003220611,CGPLH712P_1,SAMEA9240499,
EGAS00001005340,Detection and characterization of lung cancer using cell-free DNA fragmentomes,Other,ILLUMINA,Illumina HiSeq 2500,PAIRED,,WGS,GENOMIC,unspecified,EGAX00002472035,EGAR00002846550,EGAN00003220618,CGPLH713P_1,SAMEA9240506,
EGAS00001005340,Detection and characterization of lung cancer using cell-free DNA fragmentomes,Other,ILLUMINA,Illumina HiSeq 2500,PAIRED,,WGS,GENOMIC,unspecified,EGAX00002472036,EGAR00002846551,EGAN00003220675,CGPLH714P_1,SAMEA9240563,
EGAS00001005340,Detection and characterization of lung cancer using cell-free DNA fragmentomes,Other,ILLUMINA,Illumina HiSeq 2500,PAIRED,,WGS,GENOMIC,unspecified,EGAX00002472037,EGAR00002846552,EGAN00003220678,CGPLH715P_1,SAMEA9240566,
EGAS00001005340,Detection and characterization of lung cancer using cell-free DNA fragmentomes,Other,ILLUMINA,Illumina HiSeq 2500,PAIRED,,WGS,GENOMIC,unspecified,EGAX00002472038,EGAR00002846553,EGAN00003220688,CGPLH716P_1,SAMEA9240576,
EGAS00001005340,Detection and characterization of lung cancer using cell-free DNA fragmentomes,Other,ILLUMINA,Illumina HiSeq 2500,PAIRED,,WGS,GENOMIC,unspecified,EGAX00002472039,EGAR00002846554,EGAN00003220689,CGPLH717P_1,SAMEA9240577,
EGAS00001005340,Detection and characterization of lung cancer using cell-free DNA fragmentomes,Other,ILLUMINA,Illumina HiSeq 2500,PAIRED,,WGS,GENOMIC,unspecified,EGAX00002472040,EGAR00002846555,EGAN00003220701,CGPLH718P_1,SAMEA9240589,
EGAS00001005340,Detection and characterization of lung cancer using cell-free DNA fragmentomes,Other,ILLUMINA,Illumina HiSeq 2500,PAIRED,,WGS,GENOMIC,unspecified,EGAX00002472041,EGAR00002846556,EGAN00003220704,CGPLH719P_1,SAMEA9240592,
EGAS00001005340,Detection and characterization of lung cancer using cell-free DNA fragmentomes,Other,ILLUMINA,Illumina HiSeq 2500,PAIRED,,WGS,GENOMIC,unspecified,EGAX00002472042,EGAR00002846557,EGAN00003220345,CGPLH720P_1,SAMEA9240232,
EGAS00001005340,Detection and characterization of lung cancer using cell-free DNA fragmentomes,Other,ILLUMINA,Illumina HiSeq 2500,PAIRED,,WGS,GENOMIC,unspecified,EGAX00002472043,EGAR00002846558,EGAN00003220346,CGPLH721P_1,SAMEA9240233,
EGAS00001005340,Detection and characterization of lung cancer using cell-free DNA fragmentomes,Other,ILLUMINA,Illumina HiSeq 2500,PAIRED,,WGS,GENOMIC,unspecified,EGAX00002472044,EGAR00002846559,EGAN00003220347,CGPLH722P_1,SAMEA9240234,
EGAS00001005340,Detection and characterization of lung cancer using cell-free DNA fragmentomes,Other,ILLUMINA,Illumina HiSeq 2500,PAIRED,,WGS,GENOMIC,unspecified,EGAX00002472045,EGAR00002846560,EGAN00003220351,CGPLH723P_1,SAMEA9240238,
EGAS00001005340,Detection and characterization of lung cancer using cell-free DNA fragmentomes,Other,ILLUMINA,Illumina HiSeq 2500,PAIRED,,WGS,GENOMIC,unspecified,EGAX00002472046,EGAR00002846561,EGAN00003220359,CGPLH724P_1,SAMEA9240246,
EGAS00001005340,Detection and characterization of lung cancer using cell-free DNA fragmentomes,Other,ILLUMINA,Illumina HiSeq 2500,PAIRED,,WGS,GENOMIC,unspecified,EGAX00002472047,EGAR00002846562,EGAN00003220361,CGPLH725P_1,SAMEA9240248,
EGAS00001005340,Detection and characterization of lung cancer using cell-free DNA fragmentomes,Other,ILLUMINA,Illumina HiSeq 2500,PAIRED,,WGS,GENOMIC,unspecified,EGAX00002472048,EGAR00002846563,EGAN00003220940,CGPLH726P_1,SAMEA9240828,
EGAS00001005340,Detection and characterization of lung cancer using cell-free DNA fragmentomes,Other,ILLUMINA,Illumina HiSeq 2500,PAIRED,,WGS,GENOMIC,unspecified,EGAX00002472049,EGAR00002846564,EGAN00003220937,CGPLH727P_1,SAMEA9240825,
EGAS00001005340,Detection and characterization of lung cancer using cell-free DNA fragmentomes,Other,ILLUMINA,Illumina HiSeq 2500,PAIRED,,WGS,GENOMIC,unspecified,EGAX00002472050,EGAR00002846565,EGAN00003220685,CGPLH728P_1,SAMEA9240573,
EGAS00001005340,Detection and characterization of lung cancer using cell-free DNA fragmentomes,Other,ILLUMINA,Illumina HiSeq 2500,PAIRED,,WGS,GENOMIC,unspecified,EGAX00002472051,EGAR00002846566,EGAN00003221058,CGPLH729P_1,SAMEA9240946,
EGAS00001005340,Detection and characterization of lung cancer using cell-free DNA fragmentomes,Other,ILLUMINA,Illumina HiSeq 2500,PAIRED,,WGS,GENOMIC,unspecified,EGAX00002472052,EGAR00002846567,EGAN00003221057,CGPLH730P_1,SAMEA9240945,
EGAS00001005340,Detection and characterization of lung cancer using cell-free DNA fragmentomes,Other,ILLUMINA,Illumina HiSeq 2500,PAIRED,,WGS,GENOMIC,unspecified,EGAX00002472053,EGAR00002846568,EGAN00003221060,CGPLH731P_1,SAMEA9240948,
EGAS00001005340,Detection and characterization of lung cancer using cell-free DNA fragmentomes,Other,ILLUMINA,Illumina HiSeq 2500,PAIRED,,WGS,GENOMIC,unspecified,EGAX00002472054,EGAR00002846569,EGAN00003221059,CGPLH732P_1,SAMEA9240947,
EGAS00001005340,Detection and characterization of lung cancer using cell-free DNA fragmentomes,Other,ILLUMINA,Illumina HiSeq 2500,PAIRED,,WGS,GENOMIC,unspecified,EGAX00002472055,EGAR00002846570,EGAN00003220574,CGPLH733P_1,SAMEA9240462,
EGAS00001005340,Detection and characterization of lung cancer using cell-free DNA fragmentomes,Other,ILLUMINA,Illumina HiSeq 2500,PAIRED,,WGS,GENOMIC,unspecified,EGAX00002472056,EGAR00002846571,EGAN00003220966,CGPLH734P_1,SAMEA9240381,
EGAS00001005340,Detection and characterization of lung cancer using cell-free DNA fragmentomes,Other,ILLUMINA,Illumina HiSeq 2500,PAIRED,,WGS,GENOMIC,unspecified,EGAX00002472057,EGAR00002846572,EGAN00003220687,CGPLH735P_1,SAMEA9240575,
EGAS00001005340,Detection and characterization of lung cancer using cell-free DNA fragmentomes,Other,ILLUMINA,Illumina HiSeq 2500,PAIRED,,WGS,GENOMIC,unspecified,EGAX00002472058,EGAR00002846573,EGAN00003220710,CGPLH736P_1,SAMEA9240598,
EGAS00001005340,Detection and characterization of lung cancer using cell-free DNA fragmentomes,Other,ILLUMINA,Illumina HiSeq 2500,PAIRED,,WGS,GENOMIC,unspecified,EGAX00002472059,EGAR00002846574,EGAN00003221043,CGPLH737P_1,SAMEA9240931,
EGAS00001005340,Detection and characterization of lung cancer using cell-free DNA fragmentomes,Other,ILLUMINA,Illumina HiSeq 2500,PAIRED,,WGS,GENOMIC,unspecified,EGAX00002472060,EGAR00002846575,EGAN00003220572,CGPLH738P_1,SAMEA9240460,
EGAS00001005340,Detection and characterization of lung cancer using cell-free DNA fragmentomes,Other,ILLUMINA,Illumina HiSeq 2500,PAIRED,,WGS,GENOMIC,unspecified,EGAX00002472061,EGAR00002846576,EGAN00003220571,CGPLH739P_1,SAMEA9240459,
EGAS00001005340,Detection and characterization of lung cancer using cell-free DNA fragmentomes,Other,ILLUMINA,Illumina HiSeq 2500,PAIRED,,WGS,GENOMIC,unspecified,EGAX00002472062,EGAR00002846577,EGAN00003220590,CGPLH740P_1,SAMEA9240478,
EGAS00001005340,Detection and characterization of lung cancer using cell-free DNA fragmentomes,Other,ILLUMINA,Illumina HiSeq 2500,PAIRED,,WGS,GENOMIC,unspecified,EGAX00002472063,EGAR00002846578,EGAN00003220589,CGPLH741P_1,SAMEA9240477,
EGAS00001005340,Detection and characterization of lung cancer using cell-free DNA fragmentomes,Other,ILLUMINA,Illumina HiSeq 2500,PAIRED,,WGS,GENOMIC,unspecified,EGAX00002472064,EGAR00002846579,EGAN00003220588,CGPLH742P_1,SAMEA9240476,
EGAS00001005340,Detection and characterization of lung cancer using cell-free DNA fragmentomes,Other,ILLUMINA,Illumina HiSeq 2500,PAIRED,,WGS,GENOMIC,unspecified,EGAX00002472065,EGAR00002846580,EGAN00003220763,CGPLH743P_1,SAMEA9240651,
EGAS00001005340,Detection and characterization of lung cancer using cell-free DNA fragmentomes,Other,ILLUMINA,Illumina HiSeq 2500,PAIRED,,WGS,GENOMIC,unspecified,EGAX00002472066,EGAR00002846581,EGAN00003221162,CGPLH744P_1,SAMEA9241050,
EGAS00001005340,Detection and characterization of lung cancer using cell-free DNA fragmentomes,Other,ILLUMINA,Illumina HiSeq 2500,PAIRED,,WGS,GENOMIC,unspecified,EGAX00002472067,EGAR00002846582,EGAN00003221122,CGPLH745P_1,SAMEA9241010,
EGAS00001005340,Detection and characterization of lung cancer using cell-free DNA fragmentomes,Other,ILLUMINA,Illumina HiSeq 2500,PAIRED,,WGS,GENOMIC,unspecified,EGAX00002472068,EGAR00002846583,EGAN00003221121,CGPLH746P_1,SAMEA9241009,
EGAS00001005340,Detection and characterization of lung cancer using cell-free DNA fragmentomes,Other,ILLUMINA,Illumina HiSeq 2500,PAIRED,,WGS,GENOMIC,unspecified,EGAX00002472069,EGAR00002846584,EGAN00003221120,CGPLH747P_1,SAMEA9241008,
EGAS00001005340,Detection and characterization of lung cancer using cell-free DNA fragmentomes,Other,ILLUMINA,Illumina HiSeq 2500,PAIRED,,WGS,GENOMIC,unspecified,EGAX00002472070,EGAR00002846585,EGAN00003220435,CGPLH748P_1,SAMEA9240328,
EGAS00001005340,Detection and characterization of lung cancer using cell-free DNA fragmentomes,Other,ILLUMINA,Illumina HiSeq 2500,PAIRED,,WGS,GENOMIC,unspecified,EGAX00002472071,EGAR00002846586,EGAN00003220430,CGPLH749P_1,SAMEA9240323,
EGAS00001005340,Detection and characterization of lung cancer using cell-free DNA fragmentomes,Other,ILLUMINA,Illumina HiSeq 2500,PAIRED,,WGS,GENOMIC,unspecified,EGAX00002472072,EGAR00002846587,EGAN00003220429,CGPLH750P_1,SAMEA9240322,
EGAS00001005340,Detection and characterization of lung cancer using cell-free DNA fragmentomes,Other,ILLUMINA,Illumina HiSeq 2500,PAIRED,,WGS,GENOMIC,unspecified,EGAX00002472073,EGAR00002846588,EGAN00003220432,CGPLH751P_1,SAMEA9240325,
EGAS00001005340,Detection and characterization of lung cancer using cell-free DNA fragmentomes,Other,ILLUMINA,Illumina HiSeq 2500,PAIRED,,WGS,GENOMIC,unspecified,EGAX00002472074,EGAR00002846589,EGAN00003220431,CGPLH752P_1,SAMEA9240324,
EGAS00001005340,Detection and characterization of lung cancer using cell-free DNA fragmentomes,Other,ILLUMINA,Illumina HiSeq 2500,PAIRED,,WGS,GENOMIC,unspecified,EGAX00002472075,EGAR00002846590,EGAN00003220437,CGPLH753P_1,SAMEA9240330,
EGAS00001005340,Detection and characterization of lung cancer using cell-free DNA fragmentomes,Other,ILLUMINA,Illumina HiSeq 2500,PAIRED,,WGS,GENOMIC,unspecified,EGAX00002472076,EGAR00002846591,EGAN00003220420,CGPLH754P_1,SAMEA9240311,
EGAS00001005340,Detection and characterization of lung cancer using cell-free DNA fragmentomes,Other,ILLUMINA,Illumina HiSeq 2500,PAIRED,,WGS,GENOMIC,unspecified,EGAX00002472077,EGAR00002846592,EGAN00003220418,CGPLH755P_1,SAMEA9240309,
EGAS00001005340,Detection and characterization of lung cancer using cell-free DNA fragmentomes,Other,ILLUMINA,Illumina HiSeq 2500,PAIRED,,WGS,GENOMIC,unspecified,EGAX00002472078,EGAR00002846593,EGAN00003220417,CGPLH756P_1,SAMEA9240308,
EGAS00001005340,Detection and characterization of lung cancer using cell-free DNA fragmentomes,Other,ILLUMINA,Illumina HiSeq 2500,PAIRED,,WGS,GENOMIC,unspecified,EGAX00002472079,EGAR00002846594,EGAN00003220428,CGPLH757P_1,SAMEA9240321,
EGAS00001005340,Detection and characterization of lung cancer using cell-free DNA fragmentomes,Other,ILLUMINA,Illumina HiSeq 2500,PAIRED,,WGS,GENOMIC,unspecified,EGAX00002472080,EGAR00002846595,EGAN00003220427,CGPLH758P_1,SAMEA9240319,
EGAS00001005340,Detection and characterization of lung cancer using cell-free DNA fragmentomes,Other,ILLUMINA,Illumina HiSeq 2500,PAIRED,,WGS,GENOMIC,unspecified,EGAX00002472081,EGAR00002846596,EGAN00003221080,CGPLH759P_1,SAMEA9240968,
EGAS00001005340,Detection and characterization of lung cancer using cell-free DNA fragmentomes,Other,ILLUMINA,Illumina HiSeq 2500,PAIRED,,WGS,GENOMIC,unspecified,EGAX00002472082,EGAR00002846597,EGAN00003221079,CGPLH760P_1,SAMEA9240967,
EGAS00001005340,Detection and characterization of lung cancer using cell-free DNA fragmentomes,Other,ILLUMINA,Illumina HiSeq 2500,PAIRED,,WGS,GENOMIC,unspecified,EGAX00002472083,EGAR00002846598,EGAN00003221078,CGPLH761P_1,SAMEA9240966,
EGAS00001005340,Detection and characterization of lung cancer using cell-free DNA fragmentomes,Other,ILLUMINA,Illumina HiSeq 2500,PAIRED,,WGS,GENOMIC,unspecified,EGAX00002472084,EGAR00002846599,EGAN00003221092,CGPLH762P_1,SAMEA9240980,
EGAS00001005340,Detection and characterization of lung cancer using cell-free DNA fragmentomes,Other,ILLUMINA,Illumina HiSeq 2500,PAIRED,,WGS,GENOMIC,unspecified,EGAX00002472085,EGAR00002846600,EGAN00003221091,CGPLH763P_1,SAMEA9240979,
EGAS00001005340,Detection and characterization of lung cancer using cell-free DNA fragmentomes,Other,ILLUMINA,Illumina HiSeq 2500,PAIRED,,WGS,GENOMIC,unspecified,EGAX00002472086,EGAR00002846601,EGAN00003221090,CGPLH765P_1,SAMEA9240978,
EGAS00001005340,Detection and characterization of lung cancer using cell-free DNA fragmentomes,Other,ILLUMINA,Illumina HiSeq 2500,PAIRED,,WGS,GENOMIC,unspecified,EGAX00002472087,EGAR00002846602,EGAN00003221089,CGPLH766P_1,SAMEA9240977,
EGAS00001005340,Detection and characterization of lung cancer using cell-free DNA fragmentomes,Other,ILLUMINA,Illumina HiSeq 2500,PAIRED,,WGS,GENOMIC,unspecified,EGAX00002472088,EGAR00002846603,EGAN00003221107,CGPLH767P_1,SAMEA9240995,
EGAS00001005340,Detection and characterization of lung cancer using cell-free DNA fragmentomes,Other,ILLUMINA,Illumina HiSeq 2500,PAIRED,,WGS,GENOMIC,unspecified,EGAX00002472089,EGAR00002846604,EGAN00003220947,CGPLH768P_1,SAMEA9240835,
EGAS00001005340,Detection and characterization of lung cancer using cell-free DNA fragmentomes,Other,ILLUMINA,Illumina HiSeq 2500,PAIRED,,WGS,GENOMIC,unspecified,EGAX00002472090,EGAR00002846605,EGAN00003220946,CGPLH769P_1,SAMEA9240834,
EGAS00001005340,Detection and characterization of lung cancer using cell-free DNA fragmentomes,Other,ILLUMINA,Illumina HiSeq 2500,PAIRED,,WGS,GENOMIC,unspecified,EGAX00002472091,EGAR00002846606,EGAN00003220932,CGPLH805P,SAMEA9240820,
EGAS00001005340,Detection and characterization of lung cancer using cell-free DNA fragmentomes,Other,ILLUMINA,Illumina HiSeq 2500,PAIRED,,WGS,GENOMIC,unspecified,EGAX00002472092,EGAR00002846607,EGAN00003220927,CGPLH806P,SAMEA9240815,
EGAS00001005340,Detection and characterization of lung cancer using cell-free DNA fragmentomes,Other,ILLUMINA,Illumina HiSeq 2500,PAIRED,,WGS,GENOMIC,unspecified,EGAX00002472093,EGAR00002846608,EGAN00003220925,CGPLH807P,SAMEA9240813,
EGAS00001005340,Detection and characterization of lung cancer using cell-free DNA fragmentomes,Other,ILLUMINA,Illumina HiSeq 2500,PAIRED,,WGS,GENOMIC,unspecified,EGAX00002472094,EGAR00002846609,EGAN00003220931,CGPLH808P,SAMEA9240819,
EGAS00001005340,Detection and characterization of lung cancer using cell-free DNA fragmentomes,Other,ILLUMINA,Illumina HiSeq 2500,PAIRED,,WGS,GENOMIC,unspecified,EGAX00002472095,EGAR00002846610,EGAN00003220929,CGPLH809P,SAMEA9240817,
EGAS00001005340,Detection and characterization of lung cancer using cell-free DNA fragmentomes,Other,ILLUMINA,Illumina HiSeq 2500,PAIRED,,WGS,GENOMIC,unspecified,EGAX00002472096,EGAR00002846611,EGAN00003220875,CGPLH811P,SAMEA9240763,
EGAS00001005340,Detection and characterization of lung cancer using cell-free DNA fragmentomes,Other,ILLUMINA,Illumina HiSeq 2500,PAIRED,,WGS,GENOMIC,unspecified,EGAX00002472097,EGAR00002846612,EGAN00003220874,CGPLH812P,SAMEA9240762,
EGAS00001005340,Detection and characterization of lung cancer using cell-free DNA fragmentomes,Other,ILLUMINA,Illumina HiSeq 2500,PAIRED,,WGS,GENOMIC,unspecified,EGAX00002472098,EGAR00002846613,EGAN00003220877,CGPLH813P,SAMEA9240765,
EGAS00001005340,Detection and characterization of lung cancer using cell-free DNA fragmentomes,Other,ILLUMINA,Illumina HiSeq 2500,PAIRED,,WGS,GENOMIC,unspecified,EGAX00002472099,EGAR00002846614,EGAN00003220876,CGPLH814P,SAMEA9240764,
EGAS00001005340,Detection and characterization of lung cancer using cell-free DNA fragmentomes,Other,ILLUMINA,Illumina HiSeq 2500,PAIRED,,WGS,GENOMIC,unspecified,EGAX00002472100,EGAR00002846615,EGAN00003220872,CGPLH815P,SAMEA9240760,
EGAS00001005340,Detection and characterization of lung cancer using cell-free DNA fragmentomes,Other,ILLUMINA,Illumina HiSeq 2500,PAIRED,,WGS,GENOMIC,unspecified,EGAX00002472101,EGAR00002846616,EGAN00003220576,CGPLH816P,SAMEA9240464,
EGAS00001005340,Detection and characterization of lung cancer using cell-free DNA fragmentomes,Other,ILLUMINA,Illumina HiSeq 2500,PAIRED,,WGS,GENOMIC,unspecified,EGAX00002472102,EGAR00002846617,EGAN00003220575,CGPLH817P,SAMEA9240463,
EGAS00001005340,Detection and characterization of lung cancer using cell-free DNA fragmentomes,Other,ILLUMINA,Illumina HiSeq 2500,PAIRED,,WGS,GENOMIC,unspecified,EGAX00002472103,EGAR00002846618,EGAN00003220587,CGPLH818P,SAMEA9240475,
EGAS00001005340,Detection and characterization of lung cancer using cell-free DNA fragmentomes,Other,ILLUMINA,Illumina HiSeq 2500,PAIRED,,WGS,GENOMIC,unspecified,EGAX00002472104,EGAR00002846619,EGAN00003220586,CGPLH819P,SAMEA9240474,
EGAS00001005340,Detection and characterization of lung cancer using cell-free DNA fragmentomes,Other,ILLUMINA,Illumina HiSeq 2500,PAIRED,,WGS,GENOMIC,unspecified,EGAX00002472105,EGAR00002846620,EGAN00003220585,CGPLH820P,SAMEA9240473,
EGAS00001005340,Detection and characterization of lung cancer using cell-free DNA fragmentomes,Other,ILLUMINA,Illumina HiSeq 2500,PAIRED,,WGS,GENOMIC,unspecified,EGAX00002472106,EGAR00002846621,EGAN00003220584,CGPLH821P,SAMEA9240472,
EGAS00001005340,Detection and characterization of lung cancer using cell-free DNA fragmentomes,Other,ILLUMINA,Illumina HiSeq 2500,PAIRED,,WGS,GENOMIC,unspecified,EGAX00002472107,EGAR00002846622,EGAN00003220583,CGPLH822P,SAMEA9240471,
EGAS00001005340,Detection and characterization of lung cancer using cell-free DNA fragmentomes,Other,ILLUMINA,Illumina HiSeq 2500,PAIRED,,WGS,GENOMIC,unspecified,EGAX00002472108,EGAR00002846623,EGAN00003220582,CGPLH823P,SAMEA9240470,
EGAS00001005340,Detection and characterization of lung cancer using cell-free DNA fragmentomes,Other,ILLUMINA,Illumina HiSeq 2500,PAIRED,,WGS,GENOMIC,unspecified,EGAX00002472109,EGAR00002846624,EGAN00003220573,CGPLH824P,SAMEA9240461,
EGAS00001005340,Detection and characterization of lung cancer using cell-free DNA fragmentomes,Other,ILLUMINA,Illumina HiSeq 2500,PAIRED,,WGS,GENOMIC,unspecified,EGAX00002472110,EGAR00002846625,EGAN00003220310,CGPLH825P,SAMEA9240197,
EGAS00001005340,Detection and characterization of lung cancer using cell-free DNA fragmentomes,Other,ILLUMINA,Illumina HiSeq 2500,PAIRED,,WGS,GENOMIC,unspecified,EGAX00002472111,EGAR00002846626,EGAN00003220306,CGPLH826P,SAMEA9240193,
EGAS00001005340,Detection and characterization of lung cancer using cell-free DNA fragmentomes,Other,ILLUMINA,Illumina HiSeq 2500,PAIRED,,WGS,GENOMIC,unspecified,EGAX00002472112,EGAR00002846627,EGAN00003221008,CGPLH827P,SAMEA9240896,
EGAS00001005340,Detection and characterization of lung cancer using cell-free DNA fragmentomes,Other,ILLUMINA,Illumina HiSeq 2500,PAIRED,,WGS,GENOMIC,unspecified,EGAX00002472113,EGAR00002846628,EGAN00003220983,CGPLH828P,SAMEA9240871,
EGAS00001005340,Detection and characterization of lung cancer using cell-free DNA fragmentomes,Other,ILLUMINA,Illumina HiSeq 2500,PAIRED,,WGS,GENOMIC,unspecified,EGAX00002472114,EGAR00002846629,EGAN00003220308,CGPLH829P,SAMEA9240195,
EGAS00001005340,Detection and characterization of lung cancer using cell-free DNA fragmentomes,Other,ILLUMINA,Illumina HiSeq 2500,PAIRED,,WGS,GENOMIC,unspecified,EGAX00002472115,EGAR00002846630,EGAN00003221046,CGPLH830P,SAMEA9240934,
EGAS00001005340,Detection and characterization of lung cancer using cell-free DNA fragmentomes,Other,ILLUMINA,Illumina HiSeq 2500,PAIRED,,WGS,GENOMIC,unspecified,EGAX00002472116,EGAR00002846631,EGAN00003220988,CGPLH831P,SAMEA9240876,
EGAS00001005340,Detection and characterization of lung cancer using cell-free DNA fragmentomes,Other,ILLUMINA,Illumina HiSeq 2500,PAIRED,,WGS,GENOMIC,unspecified,EGAX00002472117,EGAR00002846632,EGAN00003220987,CGPLH832P,SAMEA9240875,
EGAS00001005340,Detection and characterization of lung cancer using cell-free DNA fragmentomes,Other,ILLUMINA,Illumina HiSeq 2500,PAIRED,,WGS,GENOMIC,unspecified,EGAX00002472118,EGAR00002846633,EGAN00003221048,CGPLH833P,SAMEA9240936,
EGAS00001005340,Detection and characterization of lung cancer using cell-free DNA fragmentomes,Other,ILLUMINA,Illumina HiSeq 2500,PAIRED,,WGS,GENOMIC,unspecified,EGAX00002472119,EGAR00002846634,EGAN00003221001,CGPLH834P,SAMEA9240889,
EGAS00001005340,Detection and characterization of lung cancer using cell-free DNA fragmentomes,Other,ILLUMINA,Illumina HiSeq 2500,PAIRED,,WGS,GENOMIC,unspecified,EGAX00002472120,EGAR00002846635,EGAN00003220993,CGPLH835P,SAMEA9240881,
EGAS00001005340,Detection and characterization of lung cancer using cell-free DNA fragmentomes,Other,ILLUMINA,Illumina HiSeq 2500,PAIRED,,WGS,GENOMIC,unspecified,EGAX00002472121,EGAR00002846636,EGAN00003220990,CGPLH836P,SAMEA9240878,
EGAS00001005340,Detection and characterization of lung cancer using cell-free DNA fragmentomes,Other,ILLUMINA,Illumina HiSeq 2500,PAIRED,,WGS,GENOMIC,unspecified,EGAX00002472122,EGAR00002846637,EGAN00003220972,CGPLH837P,SAMEA9240860,
EGAS00001005340,Detection and characterization of lung cancer using cell-free DNA fragmentomes,Other,ILLUMINA,Illumina HiSeq 2500,PAIRED,,WGS,GENOMIC,unspecified,EGAX00002472123,EGAR00002846638,EGAN00003220970,CGPLH838P,SAMEA9240858,
EGAS00001005340,Detection and characterization of lung cancer using cell-free DNA fragmentomes,Other,ILLUMINA,Illumina HiSeq 2500,PAIRED,,WGS,GENOMIC,unspecified,EGAX00002472124,EGAR00002846639,EGAN00003220969,CGPLH839P,SAMEA9240857,
EGAS00001005340,Detection and characterization of lung cancer using cell-free DNA fragmentomes,Other,ILLUMINA,Illumina HiSeq 2500,PAIRED,,WGS,GENOMIC,unspecified,EGAX00002472125,EGAR00002846640,EGAN00003220977,CGPLH840P,SAMEA9240865,
EGAS00001005340,Detection and characterization of lung cancer using cell-free DNA fragmentomes,Other,ILLUMINA,Illumina HiSeq 2500,PAIRED,,WGS,GENOMIC,unspecified,EGAX00002472126,EGAR00002846641,EGAN00003221148,CGPLH841P,SAMEA9241036,
EGAS00001005340,Detection and characterization of lung cancer using cell-free DNA fragmentomes,Other,ILLUMINA,Illumina HiSeq 2500,PAIRED,,WGS,GENOMIC,unspecified,EGAX00002472127,EGAR00002846642,EGAN00003221155,CGPLH843P,SAMEA9241043,
EGAS00001005340,Detection and characterization of lung cancer using cell-free DNA fragmentomes,Other,ILLUMINA,Illumina HiSeq 2500,PAIRED,,WGS,GENOMIC,unspecified,EGAX00002472128,EGAR00002846643,EGAN00003221158,CGPLH844P,SAMEA9241046,
EGAS00001005340,Detection and characterization of lung cancer using cell-free DNA fragmentomes,Other,ILLUMINA,Illumina HiSeq 2500,PAIRED,,WGS,GENOMIC,unspecified,EGAX00002472129,EGAR00002846644,EGAN00003221150,CGPLH845P,SAMEA9241038,
EGAS00001005340,Detection and characterization of lung cancer using cell-free DNA fragmentomes,Other,ILLUMINA,Illumina HiSeq 2500,PAIRED,,WGS,GENOMIC,unspecified,EGAX00002472130,EGAR00002846645,EGAN00003221153,CGPLH846P,SAMEA9241041,
EGAS00001005340,Detection and characterization of lung cancer using cell-free DNA fragmentomes,Other,ILLUMINA,Illumina HiSeq 2500,PAIRED,,WGS,GENOMIC,unspecified,EGAX00002472131,EGAR00002846646,EGAN00003221143,CGPLH847P,SAMEA9241031,
EGAS00001005340,Detection and characterization of lung cancer using cell-free DNA fragmentomes,Other,ILLUMINA,Illumina HiSeq 2500,PAIRED,,WGS,GENOMIC,unspecified,EGAX00002472132,EGAR00002846647,EGAN00003221165,CGPLH848P,SAMEA9241053,
EGAS00001005340,Detection and characterization of lung cancer using cell-free DNA fragmentomes,Other,ILLUMINA,Illumina HiSeq 2500,PAIRED,,WGS,GENOMIC,unspecified,EGAX00002472133,EGAR00002846648,EGAN00003221163,CGPLH849P,SAMEA9241051,
EGAS00001005340,Detection and characterization of lung cancer using cell-free DNA fragmentomes,Other,ILLUMINA,Illumina HiSeq 2500,PAIRED,,WGS,GENOMIC,unspecified,EGAX00002472134,EGAR00002846649,EGAN00003220976,CGPLH851P,SAMEA9240864,
EGAS00001005340,Detection and characterization of lung cancer using cell-free DNA fragmentomes,Other,ILLUMINA,Illumina HiSeq 2500,PAIRED,,WGS,GENOMIC,unspecified,EGAX00002472135,EGAR00002846650,EGAN00003220975,CGPLH853P,SAMEA9240863,
EGAS00001005340,Detection and characterization of lung cancer using cell-free DNA fragmentomes,Other,ILLUMINA,Illumina HiSeq 2500,PAIRED,,WGS,GENOMIC,unspecified,EGAX00002472136,EGAR00002846651,EGAN00003220974,CGPLH857P,SAMEA9240862,
EGAS00001005340,Detection and characterization of lung cancer using cell-free DNA fragmentomes,Other,ILLUMINA,Illumina HiSeq 2500,PAIRED,,WGS,GENOMIC,unspecified,EGAX00002472137,EGAR00002846652,EGAN00003220843,CGPLH861P,SAMEA9240731,
EGAS00001005340,Detection and characterization of lung cancer using cell-free DNA fragmentomes,Other,ILLUMINA,Illumina HiSeq 2500,PAIRED,,WGS,GENOMIC,unspecified,EGAX00002472138,EGAR00002846653,EGAN00003220840,CGPLH863P,SAMEA9240728,
EGAS00001005340,Detection and characterization of lung cancer using cell-free DNA fragmentomes,Other,ILLUMINA,Illumina HiSeq 2500,PAIRED,,WGS,GENOMIC,unspecified,EGAX00002472139,EGAR00002846654,EGAN00003220807,CGPLH864P,SAMEA9240695,
EGAS00001005340,Detection and characterization of lung cancer using cell-free DNA fragmentomes,Other,ILLUMINA,Illumina HiSeq 2500,PAIRED,,WGS,GENOMIC,unspecified,EGAX00002472140,EGAR00002846655,EGAN00003220805,CGPLH868P,SAMEA9240693,
EGAS00001005340,Detection and characterization of lung cancer using cell-free DNA fragmentomes,Other,ILLUMINA,Illumina HiSeq 2500,PAIRED,,WGS,GENOMIC,unspecified,EGAX00002472141,EGAR00002846656,EGAN00003220803,CGPLH870P,SAMEA9240691,
EGAS00001005340,Detection and characterization of lung cancer using cell-free DNA fragmentomes,Other,ILLUMINA,Illumina HiSeq 2500,PAIRED,,WGS,GENOMIC,unspecified,EGAX00002472142,EGAR00002846657,EGAN00003220801,CGPLH871P,SAMEA9240689,
EGAS00001005340,Detection and characterization of lung cancer using cell-free DNA fragmentomes,Other,ILLUMINA,Illumina HiSeq 2500,PAIRED,,WGS,GENOMIC,unspecified,EGAX00002472143,EGAR00002846658,EGAN00003220800,CGPLH873P,SAMEA9240688,
EGAS00001005340,Detection and characterization of lung cancer using cell-free DNA fragmentomes,Other,ILLUMINA,Illumina HiSeq 2500,PAIRED,,WGS,GENOMIC,unspecified,EGAX00002472144,EGAR00002846659,EGAN00003221098,CGPLH875P,SAMEA9240986,
EGAS00001005340,Detection and characterization of lung cancer using cell-free DNA fragmentomes,Other,ILLUMINA,Illumina HiSeq 2500,PAIRED,,WGS,GENOMIC,unspecified,EGAX00002472145,EGAR00002846660,EGAN00003221100,CGPLH876P,SAMEA9240988,
EGAS00001005340,Detection and characterization of lung cancer using cell-free DNA fragmentomes,Other,ILLUMINA,Illumina HiSeq 2500,PAIRED,,WGS,GENOMIC,unspecified,EGAX00002472146,EGAR00002846661,EGAN00003220353,CGPLH877P,SAMEA9240240,
EGAS00001005340,Detection and characterization of lung cancer using cell-free DNA fragmentomes,Other,ILLUMINA,Illumina HiSeq 2500,PAIRED,,WGS,GENOMIC,unspecified,EGAX00002472147,EGAR00002846662,EGAN00003221099,CGPLH878P,SAMEA9240987,
EGAS00001005340,Detection and characterization of lung cancer using cell-free DNA fragmentomes,Other,ILLUMINA,Illumina HiSeq 2500,PAIRED,,WGS,GENOMIC,unspecified,EGAX00002472148,EGAR00002846663,EGAN00003221104,CGPLH880P,SAMEA9240992,
EGAS00001005340,Detection and characterization of lung cancer using cell-free DNA fragmentomes,Other,ILLUMINA,Illumina HiSeq 2500,PAIRED,,WGS,GENOMIC,unspecified,EGAX00002472149,EGAR00002846664,EGAN00003221102,CGPLH881P,SAMEA9240990,
EGAS00001005340,Detection and characterization of lung cancer using cell-free DNA fragmentomes,Other,ILLUMINA,Illumina HiSeq 2500,PAIRED,,WGS,GENOMIC,unspecified,EGAX00002472150,EGAR00002846665,EGAN00003220348,CGPLH882P,SAMEA9240235,
EGAS00001005340,Detection and characterization of lung cancer using cell-free DNA fragmentomes,Other,ILLUMINA,Illumina HiSeq 2500,PAIRED,,WGS,GENOMIC,unspecified,EGAX00002472151,EGAR00002846666,EGAN00003220349,CGPLH883P,SAMEA9240236,
EGAS00001005340,Detection and characterization of lung cancer using cell-free DNA fragmentomes,Other,ILLUMINA,Illumina HiSeq 2500,PAIRED,,WGS,GENOMIC,unspecified,EGAX00002472152,EGAR00002846667,EGAN00003220968,CGPLH884P,SAMEA9240856,
EGAS00001005340,Detection and characterization of lung cancer using cell-free DNA fragmentomes,Other,ILLUMINA,Illumina HiSeq 2500,PAIRED,,WGS,GENOMIC,unspecified,EGAX00002472153,EGAR00002846668,EGAN00003220350,CGPLH886P,SAMEA9240237,
EGAS00001005340,Detection and characterization of lung cancer using cell-free DNA fragmentomes,Other,ILLUMINA,Illumina HiSeq 2500,PAIRED,,WGS,GENOMIC,unspecified,EGAX00002472154,EGAR00002846669,EGAN00003221106,CGPLH887P,SAMEA9240994,
EGAS00001005340,Detection and characterization of lung cancer using cell-free DNA fragmentomes,Other,ILLUMINA,Illumina HiSeq 2500,PAIRED,,WGS,GENOMIC,unspecified,EGAX00002472155,EGAR00002846670,EGAN00003221109,CGPLH888P,SAMEA9240997,
EGAS00001005340,Detection and characterization of lung cancer using cell-free DNA fragmentomes,Other,ILLUMINA,Illumina HiSeq 2500,PAIRED,,WGS,GENOMIC,unspecified,EGAX00002472156,EGAR00002846671,EGAN00003220934,CGPLH889P,SAMEA9240822,
EGAS00001005340,Detection and characterization of lung cancer using cell-free DNA fragmentomes,Other,ILLUMINA,Illumina HiSeq 2500,PAIRED,,WGS,GENOMIC,unspecified,EGAX00002472157,EGAR00002846672,EGAN00003220914,CGPLH890P,SAMEA9240802,
EGAS00001005340,Detection and characterization of lung cancer using cell-free DNA fragmentomes,Other,ILLUMINA,Illumina HiSeq 2500,PAIRED,,WGS,GENOMIC,unspecified,EGAX00002472158,EGAR00002846673,EGAN00003220913,CGPLH891P,SAMEA9240801,
EGAS00001005340,Detection and characterization of lung cancer using cell-free DNA fragmentomes,Other,ILLUMINA,Illumina HiSeq 2500,PAIRED,,WGS,GENOMIC,unspecified,EGAX00002472159,EGAR00002846674,EGAN00003220918,CGPLH892P,SAMEA9240806,
EGAS00001005340,Detection and characterization of lung cancer using cell-free DNA fragmentomes,Other,ILLUMINA,Illumina HiSeq 2500,PAIRED,,WGS,GENOMIC,unspecified,EGAX00002472160,EGAR00002846675,EGAN00003220917,CGPLH893P,SAMEA9240805,
EGAS00001005340,Detection and characterization of lung cancer using cell-free DNA fragmentomes,Other,ILLUMINA,Illumina HiSeq 2500,PAIRED,,WGS,GENOMIC,unspecified,EGAX00002472161,EGAR00002846676,EGAN00003220356,CGPLH894P,SAMEA9240243,
EGAS00001005340,Detection and characterization of lung cancer using cell-free DNA fragmentomes,Other,ILLUMINA,Illumina HiSeq 2500,PAIRED,,WGS,GENOMIC,unspecified,EGAX00002472162,EGAR00002846677,EGAN00003220357,CGPLH895P,SAMEA9240244,
EGAS00001005340,Detection and characterization of lung cancer using cell-free DNA fragmentomes,Other,ILLUMINA,Illumina HiSeq 2500,PAIRED,,WGS,GENOMIC,unspecified,EGAX00002472163,EGAR00002846678,EGAN00003220367,CGPLH897P,SAMEA9240254,
EGAS00001005340,Detection and characterization of lung cancer using cell-free DNA fragmentomes,Other,ILLUMINA,Illumina HiSeq 2500,PAIRED,,WGS,GENOMIC,unspecified,EGAX00002472164,EGAR00002846679,EGAN00003220368,CGPLH899P,SAMEA9240255,
EGAS00001005340,Detection and characterization of lung cancer using cell-free DNA fragmentomes,Other,ILLUMINA,Illumina HiSeq 2500,PAIRED,,WGS,GENOMIC,unspecified,EGAX00002472165,EGAR00002846680,EGAN00003220707,CGPLH900P,SAMEA9240595,
EGAS00001005340,Detection and characterization of lung cancer using cell-free DNA fragmentomes,Other,ILLUMINA,Illumina HiSeq 2500,PAIRED,,WGS,GENOMIC,unspecified,EGAX00002472166,EGAR00002846681,EGAN00003220370,CGPLH901P,SAMEA9240257,
EGAS00001005340,Detection and characterization of lung cancer using cell-free DNA fragmentomes,Other,ILLUMINA,Illumina HiSeq 2500,PAIRED,,WGS,GENOMIC,unspecified,EGAX00002472167,EGAR00002846682,EGAN00003220740,CGPLH902P,SAMEA9240628,
EGAS00001005340,Detection and characterization of lung cancer using cell-free DNA fragmentomes,Other,ILLUMINA,Illumina HiSeq 2500,PAIRED,,WGS,GENOMIC,unspecified,EGAX00002472168,EGAR00002846683,EGAN00003220753,CGPLH903P,SAMEA9240641,
EGAS00001005340,Detection and characterization of lung cancer using cell-free DNA fragmentomes,Other,ILLUMINA,Illumina HiSeq 2500,PAIRED,,WGS,GENOMIC,unspecified,EGAX00002472169,EGAR00002846684,EGAN00003220752,CGPLH904P,SAMEA9240640,
EGAS00001005340,Detection and characterization of lung cancer using cell-free DNA fragmentomes,Other,ILLUMINA,Illumina HiSeq 2500,PAIRED,,WGS,GENOMIC,unspecified,EGAX00002472170,EGAR00002846685,EGAN00003220751,CGPLH905P,SAMEA9240639,
EGAS00001005340,Detection and characterization of lung cancer using cell-free DNA fragmentomes,Other,ILLUMINA,Illumina HiSeq 2500,PAIRED,,WGS,GENOMIC,unspecified,EGAX00002472171,EGAR00002846686,EGAN00003220686,CGPLH906P,SAMEA9240574,
EGAS00001005340,Detection and characterization of lung cancer using cell-free DNA fragmentomes,Other,ILLUMINA,Illumina HiSeq 2500,PAIRED,,WGS,GENOMIC,unspecified,EGAX00002472172,EGAR00002846687,EGAN00003220484,CGPLH907P,SAMEA9240384,
EGAS00001005340,Detection and characterization of lung cancer using cell-free DNA fragmentomes,Other,ILLUMINA,Illumina HiSeq 2500,PAIRED,,WGS,GENOMIC,unspecified,EGAX00002472173,EGAR00002846688,EGAN00003220491,CGPLH908P,SAMEA9240847,
EGAS00001005340,Detection and characterization of lung cancer using cell-free DNA fragmentomes,Other,ILLUMINA,Illumina HiSeq 2500,PAIRED,,WGS,GENOMIC,unspecified,EGAX00002472174,EGAR00002846689,EGAN00003220489,CGPLH909P,SAMEA9240845,
EGAS00001005340,Detection and characterization of lung cancer using cell-free DNA fragmentomes,Other,ILLUMINA,Illumina HiSeq 2500,PAIRED,,WGS,GENOMIC,unspecified,EGAX00002472175,EGAR00002846690,EGAN00003220472,CGPLH910P,SAMEA9240370,
EGAS00001005340,Detection and characterization of lung cancer using cell-free DNA fragmentomes,Other,ILLUMINA,Illumina HiSeq 2500,PAIRED,,WGS,GENOMIC,unspecified,EGAX00002472176,EGAR00002846691,EGAN00003220470,CGPLH911P,SAMEA9240368,
EGAS00001005340,Detection and characterization of lung cancer using cell-free DNA fragmentomes,Other,ILLUMINA,Illumina HiSeq 2500,PAIRED,,WGS,GENOMIC,unspecified,EGAX00002472177,EGAR00002846692,EGAN00003220616,CGPLH912P,SAMEA9240504,
EGAS00001005340,Detection and characterization of lung cancer using cell-free DNA fragmentomes,Other,ILLUMINA,Illumina HiSeq 2500,PAIRED,,WGS,GENOMIC,unspecified,EGAX00002472178,EGAR00002846693,EGAN00003220716,CGPLH913P,SAMEA9240604,
EGAS00001005340,Detection and characterization of lung cancer using cell-free DNA fragmentomes,Other,ILLUMINA,Illumina HiSeq 2500,PAIRED,,WGS,GENOMIC,unspecified,EGAX00002472179,EGAR00002846694,EGAN00003220714,CGPLH914P,SAMEA9240602,
EGAS00001005340,Detection and characterization of lung cancer using cell-free DNA fragmentomes,Other,ILLUMINA,Illumina HiSeq 2500,PAIRED,,WGS,GENOMIC,unspecified,EGAX00002472180,EGAR00002846695,EGAN00003220713,CGPLH915P,SAMEA9240601,
EGAS00001005340,Detection and characterization of lung cancer using cell-free DNA fragmentomes,Other,ILLUMINA,Illumina HiSeq 2500,PAIRED,,WGS,GENOMIC,unspecified,EGAX00002472181,EGAR00002846696,EGAN00003220726,CGPLH916P,SAMEA9240614,
EGAS00001005340,Detection and characterization of lung cancer using cell-free DNA fragmentomes,Other,ILLUMINA,Illumina HiSeq 2500,PAIRED,,WGS,GENOMIC,unspecified,EGAX00002472182,EGAR00002846697,EGAN00003220709,CGPLH917P,SAMEA9240597,
EGAS00001005340,Detection and characterization of lung cancer using cell-free DNA fragmentomes,Other,ILLUMINA,Illumina HiSeq 2500,PAIRED,,WGS,GENOMIC,unspecified,EGAX00002472183,EGAR00002846698,EGAN00003220706,CGPLH918P,SAMEA9240594,
EGAS00001005340,Detection and characterization of lung cancer using cell-free DNA fragmentomes,Other,ILLUMINA,Illumina HiSeq 2500,PAIRED,,WGS,GENOMIC,unspecified,EGAX00002472184,EGAR00002846699,EGAN00003220896,CGPLH919P,SAMEA9240784,
EGAS00001005340,Detection and characterization of lung cancer using cell-free DNA fragmentomes,Other,ILLUMINA,Illumina HiSeq 2500,PAIRED,,WGS,GENOMIC,unspecified,EGAX00002472185,EGAR00002846700,EGAN00003220897,CGPLH920P,SAMEA9240785,
EGAS00001005340,Detection and characterization of lung cancer using cell-free DNA fragmentomes,Other,ILLUMINA,Illumina HiSeq 2500,PAIRED,,WGS,GENOMIC,unspecified,EGAX00002472186,EGAR00002846701,EGAN00003220898,CGPLH921P,SAMEA9240786,
EGAS00001005340,Detection and characterization of lung cancer using cell-free DNA fragmentomes,Other,ILLUMINA,Illumina HiSeq 2500,PAIRED,,WGS,GENOMIC,unspecified,EGAX00002472187,EGAR00002846702,EGAN00003220602,CGPLH922P,SAMEA9240490,
EGAS00001005340,Detection and characterization of lung cancer using cell-free DNA fragmentomes,Other,ILLUMINA,Illumina HiSeq 2500,PAIRED,,WGS,GENOMIC,unspecified,EGAX00002472188,EGAR00002846703,EGAN00003220605,CGPLH923P,SAMEA9240493,
EGAS00001005340,Detection and characterization of lung cancer using cell-free DNA fragmentomes,Other,ILLUMINA,Illumina HiSeq 2500,PAIRED,,WGS,GENOMIC,unspecified,EGAX00002472189,EGAR00002846704,EGAN00003220613,CGPLH924P,SAMEA9240501,
EGAS00001005340,Detection and characterization of lung cancer using cell-free DNA fragmentomes,Other,ILLUMINA,Illumina HiSeq 2500,PAIRED,,WGS,GENOMIC,unspecified,EGAX00002472190,EGAR00002846705,EGAN00003220614,CGPLH925P,SAMEA9240502,
EGAS00001005340,Detection and characterization of lung cancer using cell-free DNA fragmentomes,Other,ILLUMINA,Illumina HiSeq 2500,PAIRED,,WGS,GENOMIC,unspecified,EGAX00002472191,EGAR00002846706,EGAN00003220621,CGPLH926P,SAMEA9240509,
EGAS00001005340,Detection and characterization of lung cancer using cell-free DNA fragmentomes,Other,ILLUMINA,Illumina HiSeq 2500,PAIRED,,WGS,GENOMIC,unspecified,EGAX00002472192,EGAR00002846707,EGAN00003220623,CGPLH927P,SAMEA9240511,
EGAS00001005340,Detection and characterization of lung cancer using cell-free DNA fragmentomes,Other,ILLUMINA,Illumina HiSeq 2500,PAIRED,,WGS,GENOMIC,unspecified,EGAX00002472193,EGAR00002846708,EGAN00003220664,CGPLH928P,SAMEA9240552,
EGAS00001005340,Detection and characterization of lung cancer using cell-free DNA fragmentomes,Other,ILLUMINA,Illumina HiSeq 2500,PAIRED,,WGS,GENOMIC,unspecified,EGAX00002472194,EGAR00002846709,EGAN00003220732,CGPLH929P,SAMEA9240620,
EGAS00001005340,Detection and characterization of lung cancer using cell-free DNA fragmentomes,Other,ILLUMINA,Illumina HiSeq 2500,PAIRED,,WGS,GENOMIC,unspecified,EGAX00002472195,EGAR00002846710,EGAN00003220739,CGPLH930P,SAMEA9240627,
EGAS00001005340,Detection and characterization of lung cancer using cell-free DNA fragmentomes,Other,ILLUMINA,Illumina HiSeq 2500,PAIRED,,WGS,GENOMIC,unspecified,EGAX00002472196,EGAR00002846711,EGAN00003220663,CGPLH936P,SAMEA9240551,
EGAS00001005340,Detection and characterization of lung cancer using cell-free DNA fragmentomes,Other,ILLUMINA,Illumina HiSeq 2500,PAIRED,,WGS,GENOMIC,unspecified,EGAX00002472197,EGAR00002846712,EGAN00003220661,CGPLH937P,SAMEA9240549,
EGAS00001005340,Detection and characterization of lung cancer using cell-free DNA fragmentomes,Other,ILLUMINA,Illumina HiSeq 2500,PAIRED,,WGS,GENOMIC,unspecified,EGAX00002472198,EGAR00002846713,EGAN00003220672,CGPLH938P,SAMEA9240560,
EGAS00001005340,Detection and characterization of lung cancer using cell-free DNA fragmentomes,Other,ILLUMINA,Illumina HiSeq 2500,PAIRED,,WGS,GENOMIC,unspecified,EGAX00002472199,EGAR00002846714,EGAN00003220670,CGPLH939P,SAMEA9240558,
EGAS00001005340,Detection and characterization of lung cancer using cell-free DNA fragmentomes,Other,ILLUMINA,Illumina HiSeq 2500,PAIRED,,WGS,GENOMIC,unspecified,EGAX00002472200,EGAR00002846715,EGAN00003220668,CGPLH940P,SAMEA9240556,
EGAS00001005340,Detection and characterization of lung cancer using cell-free DNA fragmentomes,Other,ILLUMINA,Illumina HiSeq 2500,PAIRED,,WGS,GENOMIC,unspecified,EGAX00002472201,EGAR00002846716,EGAN00003220738,CGPLH941P,SAMEA9240626,
EGAS00001005340,Detection and characterization of lung cancer using cell-free DNA fragmentomes,Other,ILLUMINA,Illumina HiSeq 2500,PAIRED,,WGS,GENOMIC,unspecified,EGAX00002472202,EGAR00002846717,EGAN00003220737,CGPLH942P,SAMEA9240625,
EGAS00001005340,Detection and characterization of lung cancer using cell-free DNA fragmentomes,Other,ILLUMINA,Illumina HiSeq 2500,PAIRED,,WGS,GENOMIC,unspecified,EGAX00002472203,EGAR00002846718,EGAN00003220736,CGPLH943P,SAMEA9240624,
EGAS00001005340,Detection and characterization of lung cancer using cell-free DNA fragmentomes,Other,ILLUMINA,Illumina HiSeq 2500,PAIRED,,WGS,GENOMIC,unspecified,EGAX00002472204,EGAR00002846719,EGAN00003220724,CGPLH944P,SAMEA9240612,
EGAS00001005340,Detection and characterization of lung cancer using cell-free DNA fragmentomes,Other,ILLUMINA,Illumina HiSeq 2500,PAIRED,,WGS,GENOMIC,unspecified,EGAX00002472205,EGAR00002846720,EGAN00003220722,CGPLH945P,SAMEA9240610,
EGAS00001005340,Detection and characterization of lung cancer using cell-free DNA fragmentomes,Other,ILLUMINA,Illumina HiSeq 2500,PAIRED,,WGS,GENOMIC,unspecified,EGAX00002472206,EGAR00002846721,EGAN00003220720,CGPLH946P,SAMEA9240608,
EGAS00001005340,Detection and characterization of lung cancer using cell-free DNA fragmentomes,Other,ILLUMINA,Illumina HiSeq 2500,PAIRED,,WGS,GENOMIC,unspecified,EGAX00002472207,EGAR00002846722,EGAN00003220730,CGPLH947P,SAMEA9240618,
EGAS00001005340,Detection and characterization of lung cancer using cell-free DNA fragmentomes,Other,ILLUMINA,Illumina HiSeq 2500,PAIRED,,WGS,GENOMIC,unspecified,EGAX00002472208,EGAR00002846723,EGAN00003220729,CGPLH948P,SAMEA9240617,
EGAS00001005340,Detection and characterization of lung cancer using cell-free DNA fragmentomes,Other,ILLUMINA,Illumina HiSeq 2500,PAIRED,,WGS,GENOMIC,unspecified,EGAX00002472209,EGAR00002846724,EGAN00003220666,CGPLH949P,SAMEA9240553,
EGAS00001005340,Detection and characterization of lung cancer using cell-free DNA fragmentomes,Other,ILLUMINA,Illumina HiSeq 2500,PAIRED,,WGS,GENOMIC,unspecified,EGAX00002472210,EGAR00002846725,EGAN00003220683,CGPLH950P,SAMEA9240571,
EGAS00001005340,Detection and characterization of lung cancer using cell-free DNA fragmentomes,Other,ILLUMINA,Illumina HiSeq 2500,PAIRED,,WGS,GENOMIC,unspecified,EGAX00002472211,EGAR00002846726,EGAN00003220681,CGPLH951P,SAMEA9240569,
EGAS00001005340,Detection and characterization of lung cancer using cell-free DNA fragmentomes,Other,ILLUMINA,Illumina HiSeq 2500,PAIRED,,WGS,GENOMIC,unspecified,EGAX00002472212,EGAR00002846727,EGAN00003220679,CGPLH952P,SAMEA9240567,
EGAS00001005340,Detection and characterization of lung cancer using cell-free DNA fragmentomes,Other,ILLUMINA,Illumina HiSeq 2500,PAIRED,,WGS,GENOMIC,unspecified,EGAX00002472213,EGAR00002846728,EGAN00003220733,CGPLH953P,SAMEA9240621,
EGAS00001005340,Detection and characterization of lung cancer using cell-free DNA fragmentomes,Other,ILLUMINA,Illumina HiSeq 2500,PAIRED,,WGS,GENOMIC,unspecified,EGAX00002472214,EGAR00002846729,EGAN00003220388,CGPLH954P,SAMEA9240275,
EGAS00001005340,Detection and characterization of lung cancer using cell-free DNA fragmentomes,Other,ILLUMINA,Illumina HiSeq 2500,PAIRED,,WGS,GENOMIC,unspecified,EGAX00002472215,EGAR00002846730,EGAN00003220380,CGPLH955P,SAMEA9240267,
EGAS00001005340,Detection and characterization of lung cancer using cell-free DNA fragmentomes,Other,ILLUMINA,Illumina HiSeq 2500,PAIRED,,WGS,GENOMIC,unspecified,EGAX00002472216,EGAR00002846731,EGAN00003220379,CGPLH956P,SAMEA9240265,
EGAS00001005340,Detection and characterization of lung cancer using cell-free DNA fragmentomes,Other,ILLUMINA,Illumina HiSeq 2500,PAIRED,,WGS,GENOMIC,unspecified,EGAX00002472217,EGAR00002846732,EGAN00003220384,CGPLH957P,SAMEA9240271,
EGAS00001005340,Detection and characterization of lung cancer using cell-free DNA fragmentomes,Other,ILLUMINA,Illumina HiSeq 2500,PAIRED,,WGS,GENOMIC,unspecified,EGAX00002472218,EGAR00002846733,EGAN00003220382,CGPLH958P,SAMEA9240269,
EGAS00001005340,Detection and characterization of lung cancer using cell-free DNA fragmentomes,Other,ILLUMINA,Illumina HiSeq 2500,PAIRED,,WGS,GENOMIC,unspecified,EGAX00002472219,EGAR00002846734,EGAN00003220414,CGPLH959P,SAMEA9240305,
EGAS00001005340,Detection and characterization of lung cancer using cell-free DNA fragmentomes,Other,ILLUMINA,Illumina HiSeq 2500,PAIRED,,WGS,GENOMIC,unspecified,EGAX00002472220,EGAR00002846735,EGAN00003220413,CGPLH960P,SAMEA9240304,
EGAS00001005340,Detection and characterization of lung cancer using cell-free DNA fragmentomes,Other,ILLUMINA,Illumina HiSeq 2500,PAIRED,,WGS,GENOMIC,unspecified,EGAX00002472221,EGAR00002846736,EGAN00003220416,CGPLH961P,SAMEA9240307,
EGAS00001005340,Detection and characterization of lung cancer using cell-free DNA fragmentomes,Other,ILLUMINA,Illumina HiSeq 2500,PAIRED,,WGS,GENOMIC,unspecified,EGAX00002472222,EGAR00002846737,EGAN00003220415,CGPLH962P,SAMEA9240306,
EGAS00001005340,Detection and characterization of lung cancer using cell-free DNA fragmentomes,Other,ILLUMINA,Illumina HiSeq 2500,PAIRED,,WGS,GENOMIC,unspecified,EGAX00002472223,EGAR00002846738,EGAN00003220410,CGPLH963P,SAMEA9240301,
EGAS00001005340,Detection and characterization of lung cancer using cell-free DNA fragmentomes,Other,ILLUMINA,Illumina HiSeq 2500,PAIRED,,WGS,GENOMIC,unspecified,EGAX00002472224,EGAR00002846739,EGAN00003220395,CGPLH964P,SAMEA9240282,
EGAS00001005340,Detection and characterization of lung cancer using cell-free DNA fragmentomes,Other,ILLUMINA,Illumina HiSeq 2500,PAIRED,,WGS,GENOMIC,unspecified,EGAX00002472225,EGAR00002846740,EGAN00003220394,CGPLH965P,SAMEA9240281,
EGAS00001005340,Detection and characterization of lung cancer using cell-free DNA fragmentomes,Other,ILLUMINA,Illumina HiSeq 2500,PAIRED,,WGS,GENOMIC,unspecified,EGAX00002472226,EGAR00002846741,EGAN00003220425,CGPLH966P,SAMEA9240317,
EGAS00001005340,Detection and characterization of lung cancer using cell-free DNA fragmentomes,Other,ILLUMINA,Illumina HiSeq 2500,PAIRED,,WGS,GENOMIC,unspecified,EGAX00002472227,EGAR00002846742,EGAN00003220426,CGPLH967P,SAMEA9240318,
EGAS00001005340,Detection and characterization of lung cancer using cell-free DNA fragmentomes,Other,ILLUMINA,Illumina HiSeq 2500,PAIRED,,WGS,GENOMIC,unspecified,EGAX00002472228,EGAR00002846743,EGAN00003221002,CGPLH968P,SAMEA9240891,
EGAS00001005340,Detection and characterization of lung cancer using cell-free DNA fragmentomes,Other,ILLUMINA,Illumina HiSeq 2500,PAIRED,,WGS,GENOMIC,unspecified,EGAX00002472229,EGAR00002846744,EGAN00003220999,CGPLH969P,SAMEA9240887,
EGAS00001005340,Detection and characterization of lung cancer using cell-free DNA fragmentomes,Other,ILLUMINA,Illumina HiSeq 2500,PAIRED,,WGS,GENOMIC,unspecified,EGAX00002472230,EGAR00002846745,EGAN00003220998,CGPLH970P,SAMEA9240886,
EGAS00001005340,Detection and characterization of lung cancer using cell-free DNA fragmentomes,Other,ILLUMINA,Illumina HiSeq 2500,PAIRED,,WGS,GENOMIC,unspecified,EGAX00002472231,EGAR00002846746,EGAN00003220996,CGPLH971P,SAMEA9240884,
EGAS00001005340,Detection and characterization of lung cancer using cell-free DNA fragmentomes,Other,ILLUMINA,Illumina HiSeq 2500,PAIRED,,WGS,GENOMIC,unspecified,EGAX00002472232,EGAR00002846747,EGAN00003221045,CGPLH972P,SAMEA9240933,
EGAS00001005340,Detection and characterization of lung cancer using cell-free DNA fragmentomes,Other,ILLUMINA,Illumina HiSeq 2500,PAIRED,,WGS,GENOMIC,unspecified,EGAX00002472233,EGAR00002846748,EGAN00003221041,CGPLH973P,SAMEA9240929,
EGAS00001005340,Detection and characterization of lung cancer using cell-free DNA fragmentomes,Other,ILLUMINA,Illumina HiSeq 2500,PAIRED,,WGS,GENOMIC,unspecified,EGAX00002472234,EGAR00002846749,EGAN00003221039,CGPLH974P,SAMEA9240927,
EGAS00001005340,Detection and characterization of lung cancer using cell-free DNA fragmentomes,Other,ILLUMINA,Illumina HiSeq 2500,PAIRED,,WGS,GENOMIC,unspecified,EGAX00002472235,EGAR00002846750,EGAN00003221037,CGPLH975P,SAMEA9240925,
EGAS00001005340,Detection and characterization of lung cancer using cell-free DNA fragmentomes,Other,ILLUMINA,Illumina HiSeq 2500,PAIRED,,WGS,GENOMIC,unspecified,EGAX00002472236,EGAR00002846751,EGAN00003221036,CGPLH976P,SAMEA9240924,
EGAS00001005340,Detection and characterization of lung cancer using cell-free DNA fragmentomes,Other,ILLUMINA,Illumina HiSeq 2500,PAIRED,,WGS,GENOMIC,unspecified,EGAX00002472237,EGAR00002846752,EGAN00003221035,CGPLH977P,SAMEA9240923,
EGAS00001005340,Detection and characterization of lung cancer using cell-free DNA fragmentomes,Other,ILLUMINA,Illumina HiSeq 2500,PAIRED,,WGS,GENOMIC,unspecified,EGAX00002472238,EGAR00002846753,EGAN00003221034,CGPLH978P,SAMEA9240922,
EGAS00001005340,Detection and characterization of lung cancer using cell-free DNA fragmentomes,Other,ILLUMINA,Illumina HiSeq 2500,PAIRED,,WGS,GENOMIC,unspecified,EGAX00002472239,EGAR00002846754,EGAN00003221154,CGPLH979P,SAMEA9241042,
EGAS00001005340,Detection and characterization of lung cancer using cell-free DNA fragmentomes,Other,ILLUMINA,Illumina HiSeq 2500,PAIRED,,WGS,GENOMIC,unspecified,EGAX00002472240,EGAR00002846755,EGAN00003221151,CGPLH980P,SAMEA9241039,
EGAS00001005340,Detection and characterization of lung cancer using cell-free DNA fragmentomes,Other,ILLUMINA,Illumina HiSeq 2500,PAIRED,,WGS,GENOMIC,unspecified,EGAX00002472241,EGAR00002846756,EGAN00003221159,CGPLH981P,SAMEA9241047,
EGAS00001005340,Detection and characterization of lung cancer using cell-free DNA fragmentomes,Other,ILLUMINA,Illumina HiSeq 2500,PAIRED,,WGS,GENOMIC,unspecified,EGAX00002472242,EGAR00002846757,EGAN00003221141,CGPLH982P,SAMEA9241029,
EGAS00001005340,Detection and characterization of lung cancer using cell-free DNA fragmentomes,Other,ILLUMINA,Illumina HiSeq 2500,PAIRED,,WGS,GENOMIC,unspecified,EGAX00002472243,EGAR00002846758,EGAN00003221139,CGPLH983P,SAMEA9241027,
EGAS00001005340,Detection and characterization of lung cancer using cell-free DNA fragmentomes,Other,ILLUMINA,Illumina HiSeq 2500,PAIRED,,WGS,GENOMIC,unspecified,EGAX00002472244,EGAR00002846759,EGAN00003220757,CGPLH984P,SAMEA9240645,
EGAS00001005340,Detection and characterization of lung cancer using cell-free DNA fragmentomes,Other,ILLUMINA,Illumina HiSeq 2500,PAIRED,,WGS,GENOMIC,unspecified,EGAX00002472245,EGAR00002846760,EGAN00003220568,CGPLH985P,SAMEA9240456,
EGAS00001005340,Detection and characterization of lung cancer using cell-free DNA fragmentomes,Other,ILLUMINA,Illumina HiSeq 2500,PAIRED,,WGS,GENOMIC,unspecified,EGAX00002472246,EGAR00002846761,EGAN00003220567,CGPLH986P,SAMEA9240455,
EGAS00001005340,Detection and characterization of lung cancer using cell-free DNA fragmentomes,Other,ILLUMINA,Illumina HiSeq 2500,PAIRED,,WGS,GENOMIC,unspecified,EGAX00002472247,EGAR00002846762,EGAN00003220566,CGPLH987P,SAMEA9240454,
EGAS00001005340,Detection and characterization of lung cancer using cell-free DNA fragmentomes,Other,ILLUMINA,Illumina HiSeq 2500,PAIRED,,WGS,GENOMIC,unspecified,EGAX00002472248,EGAR00002846763,EGAN00003220570,CGPLH988P,SAMEA9240458,
EGAS00001005340,Detection and characterization of lung cancer using cell-free DNA fragmentomes,Other,ILLUMINA,Illumina HiSeq 2500,PAIRED,,WGS,GENOMIC,unspecified,EGAX00002472249,EGAR00002846764,EGAN00003220565,CGPLH989P,SAMEA9240453,
EGAS00001005340,Detection and characterization of lung cancer using cell-free DNA fragmentomes,Other,ILLUMINA,Illumina HiSeq 2500,PAIRED,,WGS,GENOMIC,unspecified,EGAX00002472250,EGAR00002846765,EGAN00003220591,CGPLH990P,SAMEA9240479,
EGAS00001005340,Detection and characterization of lung cancer using cell-free DNA fragmentomes,Other,ILLUMINA,Illumina HiSeq 2500,PAIRED,,WGS,GENOMIC,unspecified,EGAX00002472251,EGAR00002846766,EGAN00003220596,CGPLH991P,SAMEA9240484,
EGAS00001005340,Detection and characterization of lung cancer using cell-free DNA fragmentomes,Other,ILLUMINA,Illumina HiSeq 2500,PAIRED,,WGS,GENOMIC,unspecified,EGAX00002472252,EGAR00002846767,EGAN00003220594,CGPLH992P,SAMEA9240482,
EGAS00001005340,Detection and characterization of lung cancer using cell-free DNA fragmentomes,Other,ILLUMINA,Illumina HiSeq 2500,PAIRED,,WGS,GENOMIC,unspecified,EGAX00002472253,EGAR00002846768,EGAN00003220393,CGPLH993P,SAMEA9240280,
EGAS00001005340,Detection and characterization of lung cancer using cell-free DNA fragmentomes,Other,ILLUMINA,Illumina HiSeq 2500,PAIRED,,WGS,GENOMIC,unspecified,EGAX00002472254,EGAR00002846769,EGAN00003221119,CGPLH994P,SAMEA9241007,
EGAS00001005340,Detection and characterization of lung cancer using cell-free DNA fragmentomes,Other,ILLUMINA,Illumina HiSeq 2500,PAIRED,,WGS,GENOMIC,unspecified,EGAX00002472255,EGAR00002846770,EGAN00003221082,CGPLH995P,SAMEA9240970,
EGAS00001005340,Detection and characterization of lung cancer using cell-free DNA fragmentomes,Other,ILLUMINA,Illumina HiSeq 2500,PAIRED,,WGS,GENOMIC,unspecified,EGAX00002472256,EGAR00002846771,EGAN00003221081,CGPLH996P,SAMEA9240969,
EGAS00001005340,Detection and characterization of lung cancer using cell-free DNA fragmentomes,Other,ILLUMINA,Illumina HiSeq 2500,PAIRED,,WGS,GENOMIC,unspecified,EGAX00002472257,EGAR00002846772,EGAN00003221077,CGPLH997P,SAMEA9240965,
EGAS00001005340,Detection and characterization of lung cancer using cell-free DNA fragmentomes,Other,ILLUMINA,Illumina HiSeq 2500,PAIRED,,WGS,GENOMIC,unspecified,EGAX00002472258,EGAR00002846773,EGAN00003221118,CGPLH998P,SAMEA9241006,
EGAS00001005340,Detection and characterization of lung cancer using cell-free DNA fragmentomes,Other,ILLUMINA,Illumina HiSeq 2500,PAIRED,,WGS,GENOMIC,unspecified,EGAX00002472259,EGAR00002846774,EGAN00003221156,CGPLH999P,SAMEA9241044,
EGAS00001005340,Detection and characterization of lung cancer using cell-free DNA fragmentomes,Other,ILLUMINA,Illumina HiSeq 2500,PAIRED,,WGS,GENOMIC,unspecified,EGAX00002472260,EGAR00002846775,EGAN00003220775,CGPLLU118P,SAMEA9240663,
EGAS00001005340,Detection and characterization of lung cancer using cell-free DNA fragmentomes,Other,ILLUMINA,Illumina HiSeq 2500,PAIRED,,WGS,GENOMIC,unspecified,EGAX00002472261,EGAR00002846776,EGAN00003220774,CGPLLU146P,SAMEA9240662,
EGAS00001005340,Detection and characterization of lung cancer using cell-free DNA fragmentomes,Other,ILLUMINA,Illumina HiSeq 2500,PAIRED,,WGS,GENOMIC,unspecified,EGAX00002472262,EGAR00002846777,EGAN00003220949,CGPLLU1P,SAMEA9240837,
EGAS00001005340,Detection and characterization of lung cancer using cell-free DNA fragmentomes,Other,ILLUMINA,Illumina HiSeq 2500,PAIRED,,WGS,GENOMIC,unspecified,EGAX00002472263,EGAR00002846778,EGAN00003220773,CGPLLU204P,SAMEA9240661,
EGAS00001005340,Detection and characterization of lung cancer using cell-free DNA fragmentomes,Other,ILLUMINA,Illumina HiSeq 2500,PAIRED,,WGS,GENOMIC,unspecified,EGAX00002472264,EGAR00002846779,EGAN00003220952,CGPLLU20P,SAMEA9240840,
EGAS00001005340,Detection and characterization of lung cancer using cell-free DNA fragmentomes,Other,ILLUMINA,Illumina HiSeq 2500,PAIRED,,WGS,GENOMIC,unspecified,EGAX00002472265,EGAR00002846780,EGAN00003220780,CGPLLU216P,SAMEA9240668,
EGAS00001005340,Detection and characterization of lung cancer using cell-free DNA fragmentomes,Other,ILLUMINA,Illumina HiSeq 2500,PAIRED,,WGS,GENOMIC,unspecified,EGAX00002472266,EGAR00002846781,EGAN00003220779,CGPLLU217P,SAMEA9240667,
EGAS00001005340,Detection and characterization of lung cancer using cell-free DNA fragmentomes,Other,ILLUMINA,Illumina HiSeq 2500,PAIRED,,WGS,GENOMIC,unspecified,EGAX00002472267,EGAR00002846782,EGAN00003220778,CGPLLU218P,SAMEA9240666,
EGAS00001005340,Detection and characterization of lung cancer using cell-free DNA fragmentomes,Other,ILLUMINA,Illumina HiSeq 2500,PAIRED,,WGS,GENOMIC,unspecified,EGAX00002472268,EGAR00002846783,EGAN00003220933,CGPLLU219P,SAMEA9240821,
EGAS00001005340,Detection and characterization of lung cancer using cell-free DNA fragmentomes,Other,ILLUMINA,Illumina HiSeq 2500,PAIRED,,WGS,GENOMIC,unspecified,EGAX00002472269,EGAR00002846784,EGAN00003220955,CGPLLU21P,SAMEA9240287,
EGAS00001005340,Detection and characterization of lung cancer using cell-free DNA fragmentomes,Other,ILLUMINA,Illumina HiSeq 2500,PAIRED,,WGS,GENOMIC,unspecified,EGAX00002472270,EGAR00002846785,EGAN00003220610,CGPLLU220P,SAMEA9240498,
EGAS00001005340,Detection and characterization of lung cancer using cell-free DNA fragmentomes,Other,ILLUMINA,Illumina HiSeq 2500,PAIRED,,WGS,GENOMIC,unspecified,EGAX00002472271,EGAR00002846786,EGAN00003220615,CGPLLU221P,SAMEA9240503,
EGAS00001005340,Detection and characterization of lung cancer using cell-free DNA fragmentomes,Other,ILLUMINA,Illumina HiSeq 2500,PAIRED,,WGS,GENOMIC,unspecified,EGAX00002472272,EGAR00002846787,EGAN00003220344,CGPLLU223P,SAMEA9240231,
EGAS00001005340,Detection and characterization of lung cancer using cell-free DNA fragmentomes,Other,ILLUMINA,Illumina HiSeq 2500,PAIRED,,WGS,GENOMIC,unspecified,EGAX00002472273,EGAR00002846788,EGAN00003220352,CGPLLU224P,SAMEA9240239,
EGAS00001005340,Detection and characterization of lung cancer using cell-free DNA fragmentomes,Other,ILLUMINA,Illumina HiSeq 2500,PAIRED,,WGS,GENOMIC,unspecified,EGAX00002472274,EGAR00002846789,EGAN00003220342,CGPLLU225P,SAMEA9240229,
EGAS00001005340,Detection and characterization of lung cancer using cell-free DNA fragmentomes,Other,ILLUMINA,Illumina HiSeq 2500,PAIRED,,WGS,GENOMIC,unspecified,EGAX00002472275,EGAR00002846790,EGAN00003220343,CGPLLU226P,SAMEA9240230,
EGAS00001005340,Detection and characterization of lung cancer using cell-free DNA fragmentomes,Other,ILLUMINA,Illumina HiSeq 2500,PAIRED,,WGS,GENOMIC,unspecified,EGAX00002472276,EGAR00002846791,EGAN00003221113,CGPLLU227P,SAMEA9241001,
EGAS00001005340,Detection and characterization of lung cancer using cell-free DNA fragmentomes,Other,ILLUMINA,Illumina HiSeq 2500,PAIRED,,WGS,GENOMIC,unspecified,EGAX00002472277,EGAR00002846792,EGAN00003221116,CGPLLU228P,SAMEA9241004,
EGAS00001005340,Detection and characterization of lung cancer using cell-free DNA fragmentomes,Other,ILLUMINA,Illumina HiSeq 2500,PAIRED,,WGS,GENOMIC,unspecified,EGAX00002472278,EGAR00002846793,EGAN00003221115,CGPLLU229P,SAMEA9241003,
EGAS00001005340,Detection and characterization of lung cancer using cell-free DNA fragmentomes,Other,ILLUMINA,Illumina HiSeq 2500,PAIRED,,WGS,GENOMIC,unspecified,EGAX00002472279,EGAR00002846794,EGAN00003220954,CGPLLU22P,SAMEA9240288,
EGAS00001005340,Detection and characterization of lung cancer using cell-free DNA fragmentomes,Other,ILLUMINA,Illumina HiSeq 2500,PAIRED,,WGS,GENOMIC,unspecified,EGAX00002472280,EGAR00002846795,EGAN00003221108,CGPLLU230P,SAMEA9240996,
EGAS00001005340,Detection and characterization of lung cancer using cell-free DNA fragmentomes,Other,ILLUMINA,Illumina HiSeq 2500,PAIRED,,WGS,GENOMIC,unspecified,EGAX00002472281,EGAR00002846796,EGAN00003220899,CGPLLU231P,SAMEA9240787,
EGAS00001005340,Detection and characterization of lung cancer using cell-free DNA fragmentomes,Other,ILLUMINA,Illumina HiSeq 2500,PAIRED,,WGS,GENOMIC,unspecified,EGAX00002472282,EGAR00002846797,EGAN00003220911,CGPLLU232P,SAMEA9240799,
EGAS00001005340,Detection and characterization of lung cancer using cell-free DNA fragmentomes,Other,ILLUMINA,Illumina HiSeq 2500,PAIRED,,WGS,GENOMIC,unspecified,EGAX00002472283,EGAR00002846798,EGAN00003220909,CGPLLU233P,SAMEA9240797,
EGAS00001005340,Detection and characterization of lung cancer using cell-free DNA fragmentomes,Other,ILLUMINA,Illumina HiSeq 2500,PAIRED,,WGS,GENOMIC,unspecified,EGAX00002472284,EGAR00002846799,EGAN00003220907,CGPLLU234P,SAMEA9240795,
EGAS00001005340,Detection and characterization of lung cancer using cell-free DNA fragmentomes,Other,ILLUMINA,Illumina HiSeq 2500,PAIRED,,WGS,GENOMIC,unspecified,EGAX00002472285,EGAR00002846800,EGAN00003220962,CGPLLU23P,SAMEA9240352,
EGAS00001005340,Detection and characterization of lung cancer using cell-free DNA fragmentomes,Other,ILLUMINA,Illumina HiSeq 2500,PAIRED,,WGS,GENOMIC,unspecified,EGAX00002472286,EGAR00002846801,EGAN00003220355,CGPLLU241P,SAMEA9240242,
EGAS00001005340,Detection and characterization of lung cancer using cell-free DNA fragmentomes,Other,ILLUMINA,Illumina HiSeq 2500,PAIRED,,WGS,GENOMIC,unspecified,EGAX00002472287,EGAR00002846802,EGAN00003220905,CGPLLU247P,SAMEA9240793,
EGAS00001005340,Detection and characterization of lung cancer using cell-free DNA fragmentomes,Other,ILLUMINA,Illumina HiSeq 2500,PAIRED,,WGS,GENOMIC,unspecified,EGAX00002472288,EGAR00002846803,EGAN00003220906,CGPLLU248P,SAMEA9240794,
EGAS00001005340,Detection and characterization of lung cancer using cell-free DNA fragmentomes,Other,ILLUMINA,Illumina HiSeq 2500,PAIRED,,WGS,GENOMIC,unspecified,EGAX00002472289,EGAR00002846804,EGAN00003220908,CGPLLU249P,SAMEA9240796,
EGAS00001005340,Detection and characterization of lung cancer using cell-free DNA fragmentomes,Other,ILLUMINA,Illumina HiSeq 2500,PAIRED,,WGS,GENOMIC,unspecified,EGAX00002472290,EGAR00002846805,EGAN00003220910,CGPLLU250P,SAMEA9240798,
EGAS00001005340,Detection and characterization of lung cancer using cell-free DNA fragmentomes,Other,ILLUMINA,Illumina HiSeq 2500,PAIRED,,WGS,GENOMIC,unspecified,EGAX00002472291,EGAR00002846806,EGAN00003220912,CGPLLU251P,SAMEA9240800,
EGAS00001005340,Detection and characterization of lung cancer using cell-free DNA fragmentomes,Other,ILLUMINA,Illumina HiSeq 2500,PAIRED,,WGS,GENOMIC,unspecified,EGAX00002472292,EGAR00002846807,EGAN00003220718,CGPLLU253P,SAMEA9240606,
EGAS00001005340,Detection and characterization of lung cancer using cell-free DNA fragmentomes,Other,ILLUMINA,Illumina HiSeq 2500,PAIRED,,WGS,GENOMIC,unspecified,EGAX00002472293,EGAR00002846808,EGAN00003220939,CGPLLU254P,SAMEA9240827,
EGAS00001005340,Detection and characterization of lung cancer using cell-free DNA fragmentomes,Other,ILLUMINA,Illumina HiSeq 2500,PAIRED,,WGS,GENOMIC,unspecified,EGAX00002472294,EGAR00002846809,EGAN00003220967,CGPLLU26P,SAMEA9240850,
EGAS00001005340,Detection and characterization of lung cancer using cell-free DNA fragmentomes,Other,ILLUMINA,Illumina HiSeq 2500,PAIRED,,WGS,GENOMIC,unspecified,EGAX00002472295,EGAR00002846810,EGAN00003220671,CGPLLU272P,SAMEA9240559,
EGAS00001005340,Detection and characterization of lung cancer using cell-free DNA fragmentomes,Other,ILLUMINA,Illumina HiSeq 2500,PAIRED,,WGS,GENOMIC,unspecified,EGAX00002472296,EGAR00002846811,EGAN00003221146,CGPLLU273P,SAMEA9241034,
EGAS00001005340,Detection and characterization of lung cancer using cell-free DNA fragmentomes,Other,ILLUMINA,Illumina HiSeq 2500,PAIRED,,WGS,GENOMIC,unspecified,EGAX00002472297,EGAR00002846812,EGAN00003220822,CGPLLU274P,SAMEA9240710,
EGAS00001005340,Detection and characterization of lung cancer using cell-free DNA fragmentomes,Other,ILLUMINA,Illumina HiSeq 2500,PAIRED,,WGS,GENOMIC,unspecified,EGAX00002472298,EGAR00002846813,EGAN00003220448,CGPLLU275P,SAMEA9240342,
EGAS00001005340,Detection and characterization of lung cancer using cell-free DNA fragmentomes,Other,ILLUMINA,Illumina HiSeq 2500,PAIRED,,WGS,GENOMIC,unspecified,EGAX00002472299,EGAR00002846814,EGAN00003220676,CGPLLU276P,SAMEA9240564,
EGAS00001005340,Detection and characterization of lung cancer using cell-free DNA fragmentomes,Other,ILLUMINA,Illumina HiSeq 2500,PAIRED,,WGS,GENOMIC,unspecified,EGAX00002472300,EGAR00002846815,EGAN00003220466,CGPLLU277P,SAMEA9240363,
EGAS00001005340,Detection and characterization of lung cancer using cell-free DNA fragmentomes,Other,ILLUMINA,Illumina HiSeq 2500,PAIRED,,WGS,GENOMIC,unspecified,EGAX00002472301,EGAR00002846816,EGAN00003220401,CGPLLU278P,SAMEA9240290,
EGAS00001005340,Detection and characterization of lung cancer using cell-free DNA fragmentomes,Other,ILLUMINA,Illumina HiSeq 2500,PAIRED,,WGS,GENOMIC,unspecified,EGAX00002472302,EGAR00002846817,EGAN00003220456,CGPLLU279P,SAMEA9240351,
EGAS00001005340,Detection and characterization of lung cancer using cell-free DNA fragmentomes,Other,ILLUMINA,Illumina HiSeq 2500,PAIRED,,WGS,GENOMIC,unspecified,EGAX00002472303,EGAR00002846818,EGAN00003220460,CGPLLU27P,SAMEA9240356,
EGAS00001005340,Detection and characterization of lung cancer using cell-free DNA fragmentomes,Other,ILLUMINA,Illumina HiSeq 2500,PAIRED,,WGS,GENOMIC,unspecified,EGAX00002472304,EGAR00002846819,EGAN00003220458,CGPLLU280P,SAMEA9240354,
EGAS00001005340,Detection and characterization of lung cancer using cell-free DNA fragmentomes,Other,ILLUMINA,Illumina HiSeq 2500,PAIRED,,WGS,GENOMIC,unspecified,EGAX00002472305,EGAR00002846820,EGAN00003220510,CGPLLU281P,SAMEA9240397,
EGAS00001005340,Detection and characterization of lung cancer using cell-free DNA fragmentomes,Other,ILLUMINA,Illumina HiSeq 2500,PAIRED,,WGS,GENOMIC,unspecified,EGAX00002472306,EGAR00002846821,EGAN00003221053,CGPLLU282P,SAMEA9240941,
EGAS00001005340,Detection and characterization of lung cancer using cell-free DNA fragmentomes,Other,ILLUMINA,Illumina HiSeq 2500,PAIRED,,WGS,GENOMIC,unspecified,EGAX00002472307,EGAR00002846822,EGAN00003220554,CGPLLU283P,SAMEA9240442,
EGAS00001005340,Detection and characterization of lung cancer using cell-free DNA fragmentomes,Other,ILLUMINA,Illumina HiSeq 2500,PAIRED,,WGS,GENOMIC,unspecified,EGAX00002472308,EGAR00002846823,EGAN00003220556,CGPLLU284P,SAMEA9240444,
EGAS00001005340,Detection and characterization of lung cancer using cell-free DNA fragmentomes,Other,ILLUMINA,Illumina HiSeq 2500,PAIRED,,WGS,GENOMIC,unspecified,EGAX00002472309,EGAR00002846824,EGAN00003220475,CGPLLU285P,SAMEA9240374,
EGAS00001005340,Detection and characterization of lung cancer using cell-free DNA fragmentomes,Other,ILLUMINA,Illumina HiSeq 2500,PAIRED,,WGS,GENOMIC,unspecified,EGAX00002472310,EGAR00002846825,EGAN00003160957,CGPLLU286P,SAMEA9068127,
EGAS00001005340,Detection and characterization of lung cancer using cell-free DNA fragmentomes,Other,ILLUMINA,Illumina HiSeq 2500,PAIRED,,WGS,GENOMIC,unspecified,EGAX00002472311,EGAR00002846826,EGAN00003220304,CGPLLU287P,SAMEA9240191,
EGAS00001005340,Detection and characterization of lung cancer using cell-free DNA fragmentomes,Other,ILLUMINA,Illumina HiSeq 2500,PAIRED,,WGS,GENOMIC,unspecified,EGAX00002472312,EGAR00002846827,EGAN00003220692,CGPLLU288P,SAMEA9240580,
EGAS00001005340,Detection and characterization of lung cancer using cell-free DNA fragmentomes,Other,ILLUMINA,Illumina HiSeq 2500,PAIRED,,WGS,GENOMIC,unspecified,EGAX00002472313,EGAR00002846828,EGAN00003220989,CGPLLU289P,SAMEA9240877,
EGAS00001005340,Detection and characterization of lung cancer using cell-free DNA fragmentomes,Other,ILLUMINA,Illumina HiSeq 2500,PAIRED,,WGS,GENOMIC,unspecified,EGAX00002472314,EGAR00002846829,EGAN00003220459,CGPLLU28P,SAMEA9240355,
EGAS00001005340,Detection and characterization of lung cancer using cell-free DNA fragmentomes,Other,ILLUMINA,Illumina HiSeq 2500,PAIRED,,WGS,GENOMIC,unspecified,EGAX00002472315,EGAR00002846830,EGAN00003220328,CGPLLU290P,SAMEA9240215,
EGAS00001005340,Detection and characterization of lung cancer using cell-free DNA fragmentomes,Other,ILLUMINA,Illumina HiSeq 2500,PAIRED,,WGS,GENOMIC,unspecified,EGAX00002472316,EGAR00002846831,EGAN00003220633,CGPLLU291P,SAMEA9240521,
EGAS00001005340,Detection and characterization of lung cancer using cell-free DNA fragmentomes,Other,ILLUMINA,Illumina HiSeq 2500,PAIRED,,WGS,GENOMIC,unspecified,EGAX00002472317,EGAR00002846832,EGAN00003220825,CGPLLU292P,SAMEA9240713,
EGAS00001005340,Detection and characterization of lung cancer using cell-free DNA fragmentomes,Other,ILLUMINA,Illumina HiSeq 2500,PAIRED,,WGS,GENOMIC,unspecified,EGAX00002472318,EGAR00002846833,EGAN00003220496,CGPLLU293P,SAMEA9240853,
EGAS00001005340,Detection and characterization of lung cancer using cell-free DNA fragmentomes,Other,ILLUMINA,Illumina HiSeq 2500,PAIRED,,WGS,GENOMIC,unspecified,EGAX00002472319,EGAR00002846834,EGAN00003220335,CGPLLU294P,SAMEA9240222,
EGAS00001005340,Detection and characterization of lung cancer using cell-free DNA fragmentomes,Other,ILLUMINA,Illumina HiSeq 2500,PAIRED,,WGS,GENOMIC,unspecified,EGAX00002472320,EGAR00002846835,EGAN00003220919,CGPLLU295P,SAMEA9240807,
EGAS00001005340,Detection and characterization of lung cancer using cell-free DNA fragmentomes,Other,ILLUMINA,Illumina HiSeq 2500,PAIRED,,WGS,GENOMIC,unspecified,EGAX00002472321,EGAR00002846836,EGAN00003220810,CGPLLU296P,SAMEA9240698,
EGAS00001005340,Detection and characterization of lung cancer using cell-free DNA fragmentomes,Other,ILLUMINA,Illumina HiSeq 2500,PAIRED,,WGS,GENOMIC,unspecified,EGAX00002472322,EGAR00002846837,EGAN00003220337,CGPLLU297P,SAMEA9240224,
EGAS00001005340,Detection and characterization of lung cancer using cell-free DNA fragmentomes,Other,ILLUMINA,Illumina HiSeq 2500,PAIRED,,WGS,GENOMIC,unspecified,EGAX00002472323,EGAR00002846838,EGAN00003221152,CGPLLU298P,SAMEA9241040,
EGAS00001005340,Detection and characterization of lung cancer using cell-free DNA fragmentomes,Other,ILLUMINA,Illumina HiSeq 2500,PAIRED,,WGS,GENOMIC,unspecified,EGAX00002472324,EGAR00002846839,EGAN00003220538,CGPLLU299P,SAMEA9240426,
EGAS00001005340,Detection and characterization of lung cancer using cell-free DNA fragmentomes,Other,ILLUMINA,Illumina HiSeq 2500,PAIRED,,WGS,GENOMIC,unspecified,EGAX00002472325,EGAR00002846840,EGAN00003220462,CGPLLU29P,SAMEA9240359,
EGAS00001005340,Detection and characterization of lung cancer using cell-free DNA fragmentomes,Other,ILLUMINA,Illumina HiSeq 2500,PAIRED,,WGS,GENOMIC,unspecified,EGAX00002472326,EGAR00002846841,EGAN00003220948,CGPLLU2P,SAMEA9240836,
EGAS00001005340,Detection and characterization of lung cancer using cell-free DNA fragmentomes,Other,ILLUMINA,Illumina HiSeq 2500,PAIRED,,WGS,GENOMIC,unspecified,EGAX00002472327,EGAR00002846842,EGAN00003221127,CGPLLU300P,SAMEA9241015,
EGAS00001005340,Detection and characterization of lung cancer using cell-free DNA fragmentomes,Other,ILLUMINA,Illumina HiSeq 2500,PAIRED,,WGS,GENOMIC,unspecified,EGAX00002472328,EGAR00002846843,EGAN00003220883,CGPLLU301P,SAMEA9240771,
EGAS00001005340,Detection and characterization of lung cancer using cell-free DNA fragmentomes,Other,ILLUMINA,Illumina HiSeq 2500,PAIRED,,WGS,GENOMIC,unspecified,EGAX00002472329,EGAR00002846844,EGAN00003220882,CGPLLU302P,SAMEA9240770,
EGAS00001005340,Detection and characterization of lung cancer using cell-free DNA fragmentomes,Other,ILLUMINA,Illumina HiSeq 2500,PAIRED,,WGS,GENOMIC,unspecified,EGAX00002472330,EGAR00002846845,EGAN00003220534,CGPLLU303P,SAMEA9240422,
EGAS00001005340,Detection and characterization of lung cancer using cell-free DNA fragmentomes,Other,ILLUMINA,Illumina HiSeq 2500,PAIRED,,WGS,GENOMIC,unspecified,EGAX00002472331,EGAR00002846846,EGAN00003220749,CGPLLU304P,SAMEA9240637,
EGAS00001005340,Detection and characterization of lung cancer using cell-free DNA fragmentomes,Other,ILLUMINA,Illumina HiSeq 2500,PAIRED,,WGS,GENOMIC,unspecified,EGAX00002472332,EGAR00002846847,EGAN00003220631,CGPLLU305P,SAMEA9240519,
EGAS00001005340,Detection and characterization of lung cancer using cell-free DNA fragmentomes,Other,ILLUMINA,Illumina HiSeq 2500,PAIRED,,WGS,GENOMIC,unspecified,EGAX00002472333,EGAR00002846848,EGAN00003220878,CGPLLU306P,SAMEA9240766,
EGAS00001005340,Detection and characterization of lung cancer using cell-free DNA fragmentomes,Other,ILLUMINA,Illumina HiSeq 2500,PAIRED,,WGS,GENOMIC,unspecified,EGAX00002472334,EGAR00002846849,EGAN00003220847,CGPLLU307P,SAMEA9240735,
EGAS00001005340,Detection and characterization of lung cancer using cell-free DNA fragmentomes,Other,ILLUMINA,Illumina HiSeq 2500,PAIRED,,WGS,GENOMIC,unspecified,EGAX00002472335,EGAR00002846850,EGAN00003220527,CGPLLU308P,SAMEA9240414,
EGAS00001005340,Detection and characterization of lung cancer using cell-free DNA fragmentomes,Other,ILLUMINA,Illumina HiSeq 2500,PAIRED,,WGS,GENOMIC,unspecified,EGAX00002472336,EGAR00002846851,EGAN00003220558,CGPLLU309P,SAMEA9240446,
EGAS00001005340,Detection and characterization of lung cancer using cell-free DNA fragmentomes,Other,ILLUMINA,Illumina HiSeq 2500,PAIRED,,WGS,GENOMIC,unspecified,EGAX00002472337,EGAR00002846852,EGAN00003220461,CGPLLU30P,SAMEA9240357,
EGAS00001005340,Detection and characterization of lung cancer using cell-free DNA fragmentomes,Other,ILLUMINA,Illumina HiSeq 2500,PAIRED,,WGS,GENOMIC,unspecified,EGAX00002472338,EGAR00002846853,EGAN00003221157,CGPLLU310P,SAMEA9241045,
EGAS00001005340,Detection and characterization of lung cancer using cell-free DNA fragmentomes,Other,ILLUMINA,Illumina HiSeq 2500,PAIRED,,WGS,GENOMIC,unspecified,EGAX00002472339,EGAR00002846854,EGAN00003220864,CGPLLU311P,SAMEA9240752,
EGAS00001005340,Detection and characterization of lung cancer using cell-free DNA fragmentomes,Other,ILLUMINA,Illumina HiSeq 2500,PAIRED,,WGS,GENOMIC,unspecified,EGAX00002472340,EGAR00002846855,EGAN00003220340,CGPLLU312P,SAMEA9240227,
EGAS00001005340,Detection and characterization of lung cancer using cell-free DNA fragmentomes,Other,ILLUMINA,Illumina HiSeq 2500,PAIRED,,WGS,GENOMIC,unspecified,EGAX00002472341,EGAR00002846856,EGAN00003220860,CGPLLU313P,SAMEA9240748,
EGAS00001005340,Detection and characterization of lung cancer using cell-free DNA fragmentomes,Other,ILLUMINA,Illumina HiSeq 2500,PAIRED,,WGS,GENOMIC,unspecified,EGAX00002472342,EGAR00002846857,EGAN00003220857,CGPLLU314P,SAMEA9240745,
EGAS00001005340,Detection and characterization of lung cancer using cell-free DNA fragmentomes,Other,ILLUMINA,Illumina HiSeq 2500,PAIRED,,WGS,GENOMIC,unspecified,EGAX00002472343,EGAR00002846858,EGAN00003220312,CGPLLU315P,SAMEA9240199,
EGAS00001005340,Detection and characterization of lung cancer using cell-free DNA fragmentomes,Other,ILLUMINA,Illumina HiSeq 2500,PAIRED,,WGS,GENOMIC,unspecified,EGAX00002472344,EGAR00002846859,EGAN00003220851,CGPLLU316P,SAMEA9240739,
EGAS00001005340,Detection and characterization of lung cancer using cell-free DNA fragmentomes,Other,ILLUMINA,Illumina HiSeq 2500,PAIRED,,WGS,GENOMIC,unspecified,EGAX00002472345,EGAR00002846860,EGAN00003221138,CGPLLU317P,SAMEA9241026,
EGAS00001005340,Detection and characterization of lung cancer using cell-free DNA fragmentomes,Other,ILLUMINA,Illumina HiSeq 2500,PAIRED,,WGS,GENOMIC,unspecified,EGAX00002472346,EGAR00002846861,EGAN00003220441,CGPLLU318P,SAMEA9240335,
EGAS00001005340,Detection and characterization of lung cancer using cell-free DNA fragmentomes,Other,ILLUMINA,Illumina HiSeq 2500,PAIRED,,WGS,GENOMIC,unspecified,EGAX00002472347,EGAR00002846862,EGAN00003220453,CGPLLU319P,SAMEA9240348,
EGAS00001005340,Detection and characterization of lung cancer using cell-free DNA fragmentomes,Other,ILLUMINA,Illumina HiSeq 2500,PAIRED,,WGS,GENOMIC,unspecified,EGAX00002472348,EGAR00002846863,EGAN00003220870,CGPLLU320P,SAMEA9240758,
EGAS00001005340,Detection and characterization of lung cancer using cell-free DNA fragmentomes,Other,ILLUMINA,Illumina HiSeq 2500,PAIRED,,WGS,GENOMIC,unspecified,EGAX00002472349,EGAR00002846864,EGAN00003220893,CGPLLU321P,SAMEA9240781,
EGAS00001005340,Detection and characterization of lung cancer using cell-free DNA fragmentomes,Other,ILLUMINA,Illumina HiSeq 2500,PAIRED,,WGS,GENOMIC,unspecified,EGAX00002472350,EGAR00002846865,EGAN00003220669,CGPLLU322P,SAMEA9240557,
EGAS00001005340,Detection and characterization of lung cancer using cell-free DNA fragmentomes,Other,ILLUMINA,Illumina HiSeq 2500,PAIRED,,WGS,GENOMIC,unspecified,EGAX00002472351,EGAR00002846866,EGAN00003220890,CGPLLU323P,SAMEA9240778,
EGAS00001005340,Detection and characterization of lung cancer using cell-free DNA fragmentomes,Other,ILLUMINA,Illumina HiSeq 2500,PAIRED,,WGS,GENOMIC,unspecified,EGAX00002472352,EGAR00002846867,EGAN00003220830,CGPLLU324P,SAMEA9240718,
EGAS00001005340,Detection and characterization of lung cancer using cell-free DNA fragmentomes,Other,ILLUMINA,Illumina HiSeq 2500,PAIRED,,WGS,GENOMIC,unspecified,EGAX00002472353,EGAR00002846868,EGAN00003220873,CGPLLU325P,SAMEA9240761,
EGAS00001005340,Detection and characterization of lung cancer using cell-free DNA fragmentomes,Other,ILLUMINA,Illumina HiSeq 2500,PAIRED,,WGS,GENOMIC,unspecified,EGAX00002472354,EGAR00002846869,EGAN00003220824,CGPLLU326P,SAMEA9240712,
EGAS00001005340,Detection and characterization of lung cancer using cell-free DNA fragmentomes,Other,ILLUMINA,Illumina HiSeq 2500,PAIRED,,WGS,GENOMIC,unspecified,EGAX00002472355,EGAR00002846870,EGAN00003220895,CGPLLU327P,SAMEA9240783,
EGAS00001005340,Detection and characterization of lung cancer using cell-free DNA fragmentomes,Other,ILLUMINA,Illumina HiSeq 2500,PAIRED,,WGS,GENOMIC,unspecified,EGAX00002472356,EGAR00002846871,EGAN00003220479,CGPLLU328P,SAMEA9240378,
EGAS00001005340,Detection and characterization of lung cancer using cell-free DNA fragmentomes,Other,ILLUMINA,Illumina HiSeq 2500,PAIRED,,WGS,GENOMIC,unspecified,EGAX00002472357,EGAR00002846872,EGAN00003220628,CGPLLU329P,SAMEA9240516,
EGAS00001005340,Detection and characterization of lung cancer using cell-free DNA fragmentomes,Other,ILLUMINA,Illumina HiSeq 2500,PAIRED,,WGS,GENOMIC,unspecified,EGAX00002472358,EGAR00002846873,EGAN00003221161,CGPLLU330P,SAMEA9241049,
EGAS00001005340,Detection and characterization of lung cancer using cell-free DNA fragmentomes,Other,ILLUMINA,Illumina HiSeq 2500,PAIRED,,WGS,GENOMIC,unspecified,EGAX00002472359,EGAR00002846874,EGAN00003220545,CGPLLU331P,SAMEA9240433,
EGAS00001005340,Detection and characterization of lung cancer using cell-free DNA fragmentomes,Other,ILLUMINA,Illumina HiSeq 2500,PAIRED,,WGS,GENOMIC,unspecified,EGAX00002472360,EGAR00002846875,EGAN00003220300,CGPLLU332P,SAMEA9240188,
EGAS00001005340,Detection and characterization of lung cancer using cell-free DNA fragmentomes,Other,ILLUMINA,Illumina HiSeq 2500,PAIRED,,WGS,GENOMIC,unspecified,EGAX00002472361,EGAR00002846876,EGAN00003220886,CGPLLU333P,SAMEA9240774,
EGAS00001005340,Detection and characterization of lung cancer using cell-free DNA fragmentomes,Other,ILLUMINA,Illumina HiSeq 2500,PAIRED,,WGS,GENOMIC,unspecified,EGAX00002472362,EGAR00002846877,EGAN00003221056,CGPLLU334P,SAMEA9240944,
EGAS00001005340,Detection and characterization of lung cancer using cell-free DNA fragmentomes,Other,ILLUMINA,Illumina HiSeq 2500,PAIRED,,WGS,GENOMIC,unspecified,EGAX00002472363,EGAR00002846878,EGAN00003221040,CGPLLU335P,SAMEA9240928,
EGAS00001005340,Detection and characterization of lung cancer using cell-free DNA fragmentomes,Other,ILLUMINA,Illumina HiSeq 2500,PAIRED,,WGS,GENOMIC,unspecified,EGAX00002472364,EGAR00002846879,EGAN00003221038,CGPLLU336P,SAMEA9240926,
EGAS00001005340,Detection and characterization of lung cancer using cell-free DNA fragmentomes,Other,ILLUMINA,Illumina HiSeq 2500,PAIRED,,WGS,GENOMIC,unspecified,EGAX00002472365,EGAR00002846880,EGAN00003220792,CGPLLU337P,SAMEA9240680,
EGAS00001005340,Detection and characterization of lung cancer using cell-free DNA fragmentomes,Other,ILLUMINA,Illumina HiSeq 2500,PAIRED,,WGS,GENOMIC,unspecified,EGAX00002472366,EGAR00002846881,EGAN00003220321,CGPLLU338P,SAMEA9240208,
EGAS00001005340,Detection and characterization of lung cancer using cell-free DNA fragmentomes,Other,ILLUMINA,Illumina HiSeq 2500,PAIRED,,WGS,GENOMIC,unspecified,EGAX00002472367,EGAR00002846882,EGAN00003221071,CGPLLU339P,SAMEA9240959,
EGAS00001005340,Detection and characterization of lung cancer using cell-free DNA fragmentomes,Other,ILLUMINA,Illumina HiSeq 2500,PAIRED,,WGS,GENOMIC,unspecified,EGAX00002472368,EGAR00002846883,EGAN00003221147,CGPLLU340P,SAMEA9241035,
EGAS00001005340,Detection and characterization of lung cancer using cell-free DNA fragmentomes,Other,ILLUMINA,Illumina HiSeq 2500,PAIRED,,WGS,GENOMIC,unspecified,EGAX00002472369,EGAR00002846884,EGAN00003220855,CGPLLU341P,SAMEA9240743,
EGAS00001005340,Detection and characterization of lung cancer using cell-free DNA fragmentomes,Other,ILLUMINA,Illumina HiSeq 2500,PAIRED,,WGS,GENOMIC,unspecified,EGAX00002472370,EGAR00002846885,EGAN00003220495,CGPLLU342P,SAMEA9240852,
EGAS00001005340,Detection and characterization of lung cancer using cell-free DNA fragmentomes,Other,ILLUMINA,Illumina HiSeq 2500,PAIRED,,WGS,GENOMIC,unspecified,EGAX00002472371,EGAR00002846886,EGAN00003220852,CGPLLU343P,SAMEA9240740,
EGAS00001005340,Detection and characterization of lung cancer using cell-free DNA fragmentomes,Other,ILLUMINA,Illumina HiSeq 2500,PAIRED,,WGS,GENOMIC,unspecified,EGAX00002472372,EGAR00002846887,EGAN00003220861,CGPLLU344P,SAMEA9240749,
EGAS00001005340,Detection and characterization of lung cancer using cell-free DNA fragmentomes,Other,ILLUMINA,Illumina HiSeq 2500,PAIRED,,WGS,GENOMIC,unspecified,EGAX00002472373,EGAR00002846888,EGAN00003220483,CGPLLU345P,SAMEA9240383,
EGAS00001005340,Detection and characterization of lung cancer using cell-free DNA fragmentomes,Other,ILLUMINA,Illumina HiSeq 2500,PAIRED,,WGS,GENOMIC,unspecified,EGAX00002472374,EGAR00002846889,EGAN00003220866,CGPLLU346P,SAMEA9240754,
EGAS00001005340,Detection and characterization of lung cancer using cell-free DNA fragmentomes,Other,ILLUMINA,Illumina HiSeq 2500,PAIRED,,WGS,GENOMIC,unspecified,EGAX00002472375,EGAR00002846890,EGAN00003220865,CGPLLU347P,SAMEA9240753,
EGAS00001005340,Detection and characterization of lung cancer using cell-free DNA fragmentomes,Other,ILLUMINA,Illumina HiSeq 2500,PAIRED,,WGS,GENOMIC,unspecified,EGAX00002472376,EGAR00002846891,EGAN00003221142,CGPLLU348P,SAMEA9241030,
EGAS00001005340,Detection and characterization of lung cancer using cell-free DNA fragmentomes,Other,ILLUMINA,Illumina HiSeq 2500,PAIRED,,WGS,GENOMIC,unspecified,EGAX00002472377,EGAR00002846892,EGAN00003221033,CGPLLU349P,SAMEA9240921,
EGAS00001005340,Detection and characterization of lung cancer using cell-free DNA fragmentomes,Other,ILLUMINA,Illumina HiSeq 2500,PAIRED,,WGS,GENOMIC,unspecified,EGAX00002472378,EGAR00002846893,EGAN00003220465,CGPLLU350P,SAMEA9240362,
EGAS00001005340,Detection and characterization of lung cancer using cell-free DNA fragmentomes,Other,ILLUMINA,Illumina HiSeq 2500,PAIRED,,WGS,GENOMIC,unspecified,EGAX00002472379,EGAR00002846894,EGAN00003220761,CGPLLU351P,SAMEA9240649,
EGAS00001005340,Detection and characterization of lung cancer using cell-free DNA fragmentomes,Other,ILLUMINA,Illumina HiSeq 2500,PAIRED,,WGS,GENOMIC,unspecified,EGAX00002472380,EGAR00002846895,EGAN00003221016,CGPLLU352P,SAMEA9240904,
EGAS00001005340,Detection and characterization of lung cancer using cell-free DNA fragmentomes,Other,ILLUMINA,Illumina HiSeq 2500,PAIRED,,WGS,GENOMIC,unspecified,EGAX00002472381,EGAR00002846896,EGAN00003221027,CGPLLU353P,SAMEA9240915,
EGAS00001005340,Detection and characterization of lung cancer using cell-free DNA fragmentomes,Other,ILLUMINA,Illumina HiSeq 2500,PAIRED,,WGS,GENOMIC,unspecified,EGAX00002472382,EGAR00002846897,EGAN00003221044,CGPLLU354P,SAMEA9240932,
EGAS00001005340,Detection and characterization of lung cancer using cell-free DNA fragmentomes,Other,ILLUMINA,Illumina HiSeq 2500,PAIRED,,WGS,GENOMIC,unspecified,EGAX00002472383,EGAR00002846898,EGAN00003221144,CGPLLU355P,SAMEA9241032,
EGAS00001005340,Detection and characterization of lung cancer using cell-free DNA fragmentomes,Other,ILLUMINA,Illumina HiSeq 2500,PAIRED,,WGS,GENOMIC,unspecified,EGAX00002472384,EGAR00002846899,EGAN00003220626,CGPLLU356P,SAMEA9240514,
EGAS00001005340,Detection and characterization of lung cancer using cell-free DNA fragmentomes,Other,ILLUMINA,Illumina HiSeq 2500,PAIRED,,WGS,GENOMIC,unspecified,EGAX00002472385,EGAR00002846900,EGAN00003220463,CGPLLU357P,SAMEA9240360,
EGAS00001005340,Detection and characterization of lung cancer using cell-free DNA fragmentomes,Other,ILLUMINA,Illumina HiSeq 2500,PAIRED,,WGS,GENOMIC,unspecified,EGAX00002472386,EGAR00002846901,EGAN00003221069,CGPLLU358P,SAMEA9240957,
EGAS00001005340,Detection and characterization of lung cancer using cell-free DNA fragmentomes,Other,ILLUMINA,Illumina HiSeq 2500,PAIRED,,WGS,GENOMIC,unspecified,EGAX00002472387,EGAR00002846902,EGAN00003220887,CGPLLU359P,SAMEA9240775,
EGAS00001005340,Detection and characterization of lung cancer using cell-free DNA fragmentomes,Other,ILLUMINA,Illumina HiSeq 2500,PAIRED,,WGS,GENOMIC,unspecified,EGAX00002472388,EGAR00002846903,EGAN00003220884,CGPLLU360P,SAMEA9240772,
EGAS00001005340,Detection and characterization of lung cancer using cell-free DNA fragmentomes,Other,ILLUMINA,Illumina HiSeq 2500,PAIRED,,WGS,GENOMIC,unspecified,EGAX00002472389,EGAR00002846904,EGAN00003220767,CGPLLU361P,SAMEA9240655,
EGAS00001005340,Detection and characterization of lung cancer using cell-free DNA fragmentomes,Other,ILLUMINA,Illumina HiSeq 2500,PAIRED,,WGS,GENOMIC,unspecified,EGAX00002472390,EGAR00002846905,EGAN00003220641,CGPLLU362P,SAMEA9240529,
EGAS00001005340,Detection and characterization of lung cancer using cell-free DNA fragmentomes,Other,ILLUMINA,Illumina HiSeq 2500,PAIRED,,WGS,GENOMIC,unspecified,EGAX00002472391,EGAR00002846906,EGAN00003220446,CGPLLU363P,SAMEA9240340,
EGAS00001005340,Detection and characterization of lung cancer using cell-free DNA fragmentomes,Other,ILLUMINA,Illumina HiSeq 2500,PAIRED,,WGS,GENOMIC,unspecified,EGAX00002472392,EGAR00002846907,EGAN00003221024,CGPLLU364P,SAMEA9240912,
EGAS00001005340,Detection and characterization of lung cancer using cell-free DNA fragmentomes,Other,ILLUMINA,Illumina HiSeq 2500,PAIRED,,WGS,GENOMIC,unspecified,EGAX00002472393,EGAR00002846908,EGAN00003220449,CGPLLU365P,SAMEA9240343,
EGAS00001005340,Detection and characterization of lung cancer using cell-free DNA fragmentomes,Other,ILLUMINA,Illumina HiSeq 2500,PAIRED,,WGS,GENOMIC,unspecified,EGAX00002472394,EGAR00002846909,EGAN00003221125,CGPLLU366P,SAMEA9241013,
EGAS00001005340,Detection and characterization of lung cancer using cell-free DNA fragmentomes,Other,ILLUMINA,Illumina HiSeq 2500,PAIRED,,WGS,GENOMIC,unspecified,EGAX00002472395,EGAR00002846910,EGAN00003220325,CGPLLU367P,SAMEA9240212,
EGAS00001005340,Detection and characterization of lung cancer using cell-free DNA fragmentomes,Other,ILLUMINA,Illumina HiSeq 2500,PAIRED,,WGS,GENOMIC,unspecified,EGAX00002472396,EGAR00002846911,EGAN00003220708,CGPLLU368P,SAMEA9240596,
EGAS00001005340,Detection and characterization of lung cancer using cell-free DNA fragmentomes,Other,ILLUMINA,Illumina HiSeq 2500,PAIRED,,WGS,GENOMIC,unspecified,EGAX00002472397,EGAR00002846912,EGAN00003220694,CGPLLU369P,SAMEA9240582,
EGAS00001005340,Detection and characterization of lung cancer using cell-free DNA fragmentomes,Other,ILLUMINA,Illumina HiSeq 2500,PAIRED,,WGS,GENOMIC,unspecified,EGAX00002472398,EGAR00002846913,EGAN00003220829,CGPLLU370P,SAMEA9240717,
EGAS00001005340,Detection and characterization of lung cancer using cell-free DNA fragmentomes,Other,ILLUMINA,Illumina HiSeq 2500,PAIRED,,WGS,GENOMIC,unspecified,EGAX00002472399,EGAR00002846914,EGAN00003220499,CGPLLU371P,SAMEA9240386,
EGAS00001005340,Detection and characterization of lung cancer using cell-free DNA fragmentomes,Other,ILLUMINA,Illumina HiSeq 2500,PAIRED,,WGS,GENOMIC,unspecified,EGAX00002472400,EGAR00002846915,EGAN00003220404,CGPLLU372P,SAMEA9240293,
EGAS00001005340,Detection and characterization of lung cancer using cell-free DNA fragmentomes,Other,ILLUMINA,Illumina HiSeq 2500,PAIRED,,WGS,GENOMIC,unspecified,EGAX00002472401,EGAR00002846916,EGAN00003220632,CGPLLU373P,SAMEA9240520,
EGAS00001005340,Detection and characterization of lung cancer using cell-free DNA fragmentomes,Other,ILLUMINA,Illumina HiSeq 2500,PAIRED,,WGS,GENOMIC,unspecified,EGAX00002472402,EGAR00002846917,EGAN00003220467,CGPLLU374P,SAMEA9240364,
EGAS00001005340,Detection and characterization of lung cancer using cell-free DNA fragmentomes,Other,ILLUMINA,Illumina HiSeq 2500,PAIRED,,WGS,GENOMIC,unspecified,EGAX00002472403,EGAR00002846918,EGAN00003220643,CGPLLU375P,SAMEA9240531,
EGAS00001005340,Detection and characterization of lung cancer using cell-free DNA fragmentomes,Other,ILLUMINA,Illumina HiSeq 2500,PAIRED,,WGS,GENOMIC,unspecified,EGAX00002472404,EGAR00002846919,EGAN00003221126,CGPLLU376P,SAMEA9241014,
EGAS00001005340,Detection and characterization of lung cancer using cell-free DNA fragmentomes,Other,ILLUMINA,Illumina HiSeq 2500,PAIRED,,WGS,GENOMIC,unspecified,EGAX00002472405,EGAR00002846920,EGAN00003220782,CGPLLU377P,SAMEA9240670,
EGAS00001005340,Detection and characterization of lung cancer using cell-free DNA fragmentomes,Other,ILLUMINA,Illumina HiSeq 2500,PAIRED,,WGS,GENOMIC,unspecified,EGAX00002472406,EGAR00002846921,EGAN00003220639,CGPLLU378P,SAMEA9240527,
EGAS00001005340,Detection and characterization of lung cancer using cell-free DNA fragmentomes,Other,ILLUMINA,Illumina HiSeq 2500,PAIRED,,WGS,GENOMIC,unspecified,EGAX00002472407,EGAR00002846922,EGAN00003220765,CGPLLU379P,SAMEA9240653,
EGAS00001005340,Detection and characterization of lung cancer using cell-free DNA fragmentomes,Other,ILLUMINA,Illumina HiSeq 2500,PAIRED,,WGS,GENOMIC,unspecified,EGAX00002472408,EGAR00002846923,EGAN00003220402,CGPLLU380P,SAMEA9240291,
EGAS00001005340,Detection and characterization of lung cancer using cell-free DNA fragmentomes,Other,ILLUMINA,Illumina HiSeq 2500,PAIRED,,WGS,GENOMIC,unspecified,EGAX00002472409,EGAR00002846924,EGAN00003220526,CGPLLU381P,SAMEA9240413,
EGAS00001005340,Detection and characterization of lung cancer using cell-free DNA fragmentomes,Other,ILLUMINA,Illumina HiSeq 2500,PAIRED,,WGS,GENOMIC,unspecified,EGAX00002472410,EGAR00002846925,EGAN00003221052,CGPLLU382P,SAMEA9240940,
EGAS00001005340,Detection and characterization of lung cancer using cell-free DNA fragmentomes,Other,ILLUMINA,Illumina HiSeq 2500,PAIRED,,WGS,GENOMIC,unspecified,EGAX00002472411,EGAR00002846926,EGAN00003220619,CGPLLU383P,SAMEA9240507,
EGAS00001005340,Detection and characterization of lung cancer using cell-free DNA fragmentomes,Other,ILLUMINA,Illumina HiSeq 2500,PAIRED,,WGS,GENOMIC,unspecified,EGAX00002472412,EGAR00002846927,EGAN00003220617,CGPLLU384P,SAMEA9240505,
EGAS00001005340,Detection and characterization of lung cancer using cell-free DNA fragmentomes,Other,ILLUMINA,Illumina HiSeq 2500,PAIRED,,WGS,GENOMIC,unspecified,EGAX00002472413,EGAR00002846928,EGAN00003220698,CGPLLU385P,SAMEA9240586,
EGAS00001005340,Detection and characterization of lung cancer using cell-free DNA fragmentomes,Other,ILLUMINA,Illumina HiSeq 2500,PAIRED,,WGS,GENOMIC,unspecified,EGAX00002472414,EGAR00002846929,EGAN00003221087,CGPLLU386P,SAMEA9240975,
EGAS00001005340,Detection and characterization of lung cancer using cell-free DNA fragmentomes,Other,ILLUMINA,Illumina HiSeq 2500,PAIRED,,WGS,GENOMIC,unspecified,EGAX00002472415,EGAR00002846930,EGAN00003220770,CGPLLU387P,SAMEA9240658,
EGAS00001005340,Detection and characterization of lung cancer using cell-free DNA fragmentomes,Other,ILLUMINA,Illumina HiSeq 2500,PAIRED,,WGS,GENOMIC,unspecified,EGAX00002472416,EGAR00002846931,EGAN00003220530,CGPLLU388P,SAMEA9240417,
EGAS00001005340,Detection and characterization of lung cancer using cell-free DNA fragmentomes,Other,ILLUMINA,Illumina HiSeq 2500,PAIRED,,WGS,GENOMIC,unspecified,EGAX00002472417,EGAR00002846932,EGAN00003221072,CGPLLU389P,SAMEA9240960,
EGAS00001005340,Detection and characterization of lung cancer using cell-free DNA fragmentomes,Other,ILLUMINA,Illumina HiSeq 2500,PAIRED,,WGS,GENOMIC,unspecified,EGAX00002472418,EGAR00002846933,EGAN00003220533,CGPLLU390P,SAMEA9240421,
EGAS00001005340,Detection and characterization of lung cancer using cell-free DNA fragmentomes,Other,ILLUMINA,Illumina HiSeq 2500,PAIRED,,WGS,GENOMIC,unspecified,EGAX00002472419,EGAR00002846934,EGAN00003220396,CGPLLU391P,SAMEA9240283,
EGAS00001005340,Detection and characterization of lung cancer using cell-free DNA fragmentomes,Other,ILLUMINA,Illumina HiSeq 2500,PAIRED,,WGS,GENOMIC,unspecified,EGAX00002472420,EGAR00002846935,EGAN00003220525,CGPLLU392P,SAMEA9240412,
EGAS00001005340,Detection and characterization of lung cancer using cell-free DNA fragmentomes,Other,ILLUMINA,Illumina HiSeq 2500,PAIRED,,WGS,GENOMIC,unspecified,EGAX00002472421,EGAR00002846936,EGAN00003220403,CGPLLU393P,SAMEA9240292,
EGAS00001005340,Detection and characterization of lung cancer using cell-free DNA fragmentomes,Other,ILLUMINA,Illumina HiSeq 2500,PAIRED,,WGS,GENOMIC,unspecified,EGAX00002472422,EGAR00002846937,EGAN00003220302,CGPLLU395P,SAMEA9240189,
EGAS00001005340,Detection and characterization of lung cancer using cell-free DNA fragmentomes,Other,ILLUMINA,Illumina HiSeq 2500,PAIRED,,WGS,GENOMIC,unspecified,EGAX00002472423,EGAR00002846938,EGAN00003220892,CGPLLU396P,SAMEA9240780,
EGAS00001005340,Detection and characterization of lung cancer using cell-free DNA fragmentomes,Other,ILLUMINA,Illumina HiSeq 2500,PAIRED,,WGS,GENOMIC,unspecified,EGAX00002472424,EGAR00002846939,EGAN00003220750,CGPLLU397P,SAMEA9240638,
EGAS00001005340,Detection and characterization of lung cancer using cell-free DNA fragmentomes,Other,ILLUMINA,Illumina HiSeq 2500,PAIRED,,WGS,GENOMIC,unspecified,EGAX00002472425,EGAR00002846940,EGAN00003220747,CGPLLU398P,SAMEA9240635,
EGAS00001005340,Detection and characterization of lung cancer using cell-free DNA fragmentomes,Other,ILLUMINA,Illumina HiSeq 2500,PAIRED,,WGS,GENOMIC,unspecified,EGAX00002472426,EGAR00002846941,EGAN00003220827,CGPLLU399P,SAMEA9240715,
EGAS00001005340,Detection and characterization of lung cancer using cell-free DNA fragmentomes,Other,ILLUMINA,Illumina HiSeq 2500,PAIRED,,WGS,GENOMIC,unspecified,EGAX00002472427,EGAR00002846942,EGAN00003220951,CGPLLU3P,SAMEA9240839,
EGAS00001005340,Detection and characterization of lung cancer using cell-free DNA fragmentomes,Other,ILLUMINA,Illumina HiSeq 2500,PAIRED,,WGS,GENOMIC,unspecified,EGAX00002472428,EGAR00002846943,EGAN00003220745,CGPLLU400P,SAMEA9240633,
EGAS00001005340,Detection and characterization of lung cancer using cell-free DNA fragmentomes,Other,ILLUMINA,Illumina HiSeq 2500,PAIRED,,WGS,GENOMIC,unspecified,EGAX00002472429,EGAR00002846944,EGAN00003221050,CGPLLU401P,SAMEA9240938,
EGAS00001005340,Detection and characterization of lung cancer using cell-free DNA fragmentomes,Other,ILLUMINA,Illumina HiSeq 2500,PAIRED,,WGS,GENOMIC,unspecified,EGAX00002472430,EGAR00002846945,EGAN00003221065,CGPLLU402P,SAMEA9240953,
EGAS00001005340,Detection and characterization of lung cancer using cell-free DNA fragmentomes,Other,ILLUMINA,Illumina HiSeq 2500,PAIRED,,WGS,GENOMIC,unspecified,EGAX00002472431,EGAR00002846946,EGAN00003220741,CGPLLU403P,SAMEA9240629,
EGAS00001005340,Detection and characterization of lung cancer using cell-free DNA fragmentomes,Other,ILLUMINA,Illumina HiSeq 2500,PAIRED,,WGS,GENOMIC,unspecified,EGAX00002472432,EGAR00002846947,EGAN00003220731,CGPLLU404P,SAMEA9240619,
EGAS00001005340,Detection and characterization of lung cancer using cell-free DNA fragmentomes,Other,ILLUMINA,Illumina HiSeq 2500,PAIRED,,WGS,GENOMIC,unspecified,EGAX00002472433,EGAR00002846948,EGAN00003220624,CGPLLU405P,SAMEA9240512,
EGAS00001005340,Detection and characterization of lung cancer using cell-free DNA fragmentomes,Other,ILLUMINA,Illumina HiSeq 2500,PAIRED,,WGS,GENOMIC,unspecified,EGAX00002472434,EGAR00002846949,EGAN00003220986,CGPLLU406P,SAMEA9240874,
EGAS00001005340,Detection and characterization of lung cancer using cell-free DNA fragmentomes,Other,ILLUMINA,Illumina HiSeq 2500,PAIRED,,WGS,GENOMIC,unspecified,EGAX00002472435,EGAR00002846950,EGAN00003221017,CGPLLU407P,SAMEA9240905,
EGAS00001005340,Detection and characterization of lung cancer using cell-free DNA fragmentomes,Other,ILLUMINA,Illumina HiSeq 2500,PAIRED,,WGS,GENOMIC,unspecified,EGAX00002472436,EGAR00002846951,EGAN00003220323,CGPLLU408P,SAMEA9240210,
EGAS00001005340,Detection and characterization of lung cancer using cell-free DNA fragmentomes,Other,ILLUMINA,Illumina HiSeq 2500,PAIRED,,WGS,GENOMIC,unspecified,EGAX00002472437,EGAR00002846952,EGAN00003220322,CGPLLU409P,SAMEA9240209,
EGAS00001005340,Detection and characterization of lung cancer using cell-free DNA fragmentomes,Other,ILLUMINA,Illumina HiSeq 2500,PAIRED,,WGS,GENOMIC,unspecified,EGAX00002472438,EGAR00002846953,EGAN00003220635,CGPLLU410P,SAMEA9240523,
EGAS00001005340,Detection and characterization of lung cancer using cell-free DNA fragmentomes,Other,ILLUMINA,Illumina HiSeq 2500,PAIRED,,WGS,GENOMIC,unspecified,EGAX00002472439,EGAR00002846954,EGAN00003220529,CGPLLU411P,SAMEA9240416,
EGAS00001005340,Detection and characterization of lung cancer using cell-free DNA fragmentomes,Other,ILLUMINA,Illumina HiSeq 2500,PAIRED,,WGS,GENOMIC,unspecified,EGAX00002472440,EGAR00002846955,EGAN00003220320,CGPLLU412P,SAMEA9240207,
EGAS00001005340,Detection and characterization of lung cancer using cell-free DNA fragmentomes,Other,ILLUMINA,Illumina HiSeq 2500,PAIRED,,WGS,GENOMIC,unspecified,EGAX00002472441,EGAR00002846956,EGAN00003220881,CGPLLU413P,SAMEA9240769,
EGAS00001005340,Detection and characterization of lung cancer using cell-free DNA fragmentomes,Other,ILLUMINA,Illumina HiSeq 2500,PAIRED,,WGS,GENOMIC,unspecified,EGAX00002472442,EGAR00002846957,EGAN00003220318,CGPLLU414P,SAMEA9240205,
EGAS00001005340,Detection and characterization of lung cancer using cell-free DNA fragmentomes,Other,ILLUMINA,Illumina HiSeq 2500,PAIRED,,WGS,GENOMIC,unspecified,EGAX00002472443,EGAR00002846958,EGAN00003220299,CGPLLU415P,SAMEA9240186,
EGAS00001005340,Detection and characterization of lung cancer using cell-free DNA fragmentomes,Other,ILLUMINA,Illumina HiSeq 2500,PAIRED,,WGS,GENOMIC,unspecified,EGAX00002472444,EGAR00002846959,EGAN00003221025,CGPLLU416P,SAMEA9240913,
EGAS00001005340,Detection and characterization of lung cancer using cell-free DNA fragmentomes,Other,ILLUMINA,Illumina HiSeq 2500,PAIRED,,WGS,GENOMIC,unspecified,EGAX00002472445,EGAR00002846960,EGAN00003220811,CGPLLU417P,SAMEA9240699,
EGAS00001005340,Detection and characterization of lung cancer using cell-free DNA fragmentomes,Other,ILLUMINA,Illumina HiSeq 2500,PAIRED,,WGS,GENOMIC,unspecified,EGAX00002472446,EGAR00002846961,EGAN00003220303,CGPLLU418P,SAMEA9240190,
EGAS00001005340,Detection and characterization of lung cancer using cell-free DNA fragmentomes,Other,ILLUMINA,Illumina HiSeq 2500,PAIRED,,WGS,GENOMIC,unspecified,EGAX00002472447,EGAR00002846962,EGAN00003221030,CGPLLU419P,SAMEA9240918,
EGAS00001005340,Detection and characterization of lung cancer using cell-free DNA fragmentomes,Other,ILLUMINA,Illumina HiSeq 2500,PAIRED,,WGS,GENOMIC,unspecified,EGAX00002472448,EGAR00002846963,EGAN00003220311,CGPLLU420P,SAMEA9240198,
EGAS00001005340,Detection and characterization of lung cancer using cell-free DNA fragmentomes,Other,ILLUMINA,Illumina HiSeq 2500,PAIRED,,WGS,GENOMIC,unspecified,EGAX00002472449,EGAR00002846964,EGAN00003220981,CGPLLU421P,SAMEA9240869,
EGAS00001005340,Detection and characterization of lung cancer using cell-free DNA fragmentomes,Other,ILLUMINA,Illumina HiSeq 2500,PAIRED,,WGS,GENOMIC,unspecified,EGAX00002472450,EGAR00002846965,EGAN00003220319,CGPLLU422P,SAMEA9240206,
EGAS00001005340,Detection and characterization of lung cancer using cell-free DNA fragmentomes,Other,ILLUMINA,Illumina HiSeq 2500,PAIRED,,WGS,GENOMIC,unspecified,EGAX00002472451,EGAR00002846966,EGAN00003220307,CGPLLU423P,SAMEA9240194,
EGAS00001005340,Detection and characterization of lung cancer using cell-free DNA fragmentomes,Other,ILLUMINA,Illumina HiSeq 2500,PAIRED,,WGS,GENOMIC,unspecified,EGAX00002472452,EGAR00002846967,EGAN00003220305,CGPLLU424P,SAMEA9240192,
EGAS00001005340,Detection and characterization of lung cancer using cell-free DNA fragmentomes,Other,ILLUMINA,Illumina HiSeq 2500,PAIRED,,WGS,GENOMIC,unspecified,EGAX00002472453,EGAR00002846968,EGAN00003221084,CGPLLU425P,SAMEA9240972,
EGAS00001005340,Detection and characterization of lung cancer using cell-free DNA fragmentomes,Other,ILLUMINA,Illumina HiSeq 2500,PAIRED,,WGS,GENOMIC,unspecified,EGAX00002472454,EGAR00002846969,EGAN00003220316,CGPLLU426P,SAMEA9240204,
EGAS00001005340,Detection and characterization of lung cancer using cell-free DNA fragmentomes,Other,ILLUMINA,Illumina HiSeq 2500,PAIRED,,WGS,GENOMIC,unspecified,EGAX00002472455,EGAR00002846970,EGAN00003220500,CGPLLU427P,SAMEA9240387,
EGAS00001005340,Detection and characterization of lung cancer using cell-free DNA fragmentomes,Other,ILLUMINA,Illumina HiSeq 2500,PAIRED,,WGS,GENOMIC,unspecified,EGAX00002472456,EGAR00002846971,EGAN00003220508,CGPLLU428P,SAMEA9240395,
EGAS00001005340,Detection and characterization of lung cancer using cell-free DNA fragmentomes,Other,ILLUMINA,Illumina HiSeq 2500,PAIRED,,WGS,GENOMIC,unspecified,EGAX00002472457,EGAR00002846972,EGAN00003220314,CGPLLU429P,SAMEA9240201,
EGAS00001005340,Detection and characterization of lung cancer using cell-free DNA fragmentomes,Other,ILLUMINA,Illumina HiSeq 2500,PAIRED,,WGS,GENOMIC,unspecified,EGAX00002472458,EGAR00002846973,EGAN00003220313,CGPLLU430P,SAMEA9240200,
EGAS00001005340,Detection and characterization of lung cancer using cell-free DNA fragmentomes,Other,ILLUMINA,Illumina HiSeq 2500,PAIRED,,WGS,GENOMIC,unspecified,EGAX00002472459,EGAR00002846974,EGAN00003220863,CGPLLU431P,SAMEA9240751,
EGAS00001005340,Detection and characterization of lung cancer using cell-free DNA fragmentomes,Other,ILLUMINA,Illumina HiSeq 2500,PAIRED,,WGS,GENOMIC,unspecified,EGAX00002472460,EGAR00002846975,EGAN00003220389,CGPLLU432P,SAMEA9240276,
EGAS00001005340,Detection and characterization of lung cancer using cell-free DNA fragmentomes,Other,ILLUMINA,Illumina HiSeq 2500,PAIRED,,WGS,GENOMIC,unspecified,EGAX00002472461,EGAR00002846976,EGAN00003220531,CGPLLU433P,SAMEA9240419,
EGAS00001005340,Detection and characterization of lung cancer using cell-free DNA fragmentomes,Other,ILLUMINA,Illumina HiSeq 2500,PAIRED,,WGS,GENOMIC,unspecified,EGAX00002472462,EGAR00002846977,EGAN00003220815,CGPLLU434P,SAMEA9240703,
EGAS00001005340,Detection and characterization of lung cancer using cell-free DNA fragmentomes,Other,ILLUMINA,Illumina HiSeq 2500,PAIRED,,WGS,GENOMIC,unspecified,EGAX00002472463,EGAR00002846978,EGAN00003220326,CGPLLU435P,SAMEA9240213,
EGAS00001005340,Detection and characterization of lung cancer using cell-free DNA fragmentomes,Other,ILLUMINA,Illumina HiSeq 2500,PAIRED,,WGS,GENOMIC,unspecified,EGAX00002472464,EGAR00002846979,EGAN00003220699,CGPLLU436P,SAMEA9240587,
EGAS00001005340,Detection and characterization of lung cancer using cell-free DNA fragmentomes,Other,ILLUMINA,Illumina HiSeq 2500,PAIRED,,WGS,GENOMIC,unspecified,EGAX00002472465,EGAR00002846980,EGAN00003221019,CGPLLU437P,SAMEA9240907,
EGAS00001005340,Detection and characterization of lung cancer using cell-free DNA fragmentomes,Other,ILLUMINA,Illumina HiSeq 2500,PAIRED,,WGS,GENOMIC,unspecified,EGAX00002472466,EGAR00002846981,EGAN00003220794,CGPLLU438P,SAMEA9240682,
EGAS00001005340,Detection and characterization of lung cancer using cell-free DNA fragmentomes,Other,ILLUMINA,Illumina HiSeq 2500,PAIRED,,WGS,GENOMIC,unspecified,EGAX00002472467,EGAR00002846982,EGAN00003221018,CGPLLU439P,SAMEA9240906,
EGAS00001005340,Detection and characterization of lung cancer using cell-free DNA fragmentomes,Other,ILLUMINA,Illumina HiSeq 2500,PAIRED,,WGS,GENOMIC,unspecified,EGAX00002472468,EGAR00002846983,EGAN00003221013,CGPLLU440P,SAMEA9240901,
EGAS00001005340,Detection and characterization of lung cancer using cell-free DNA fragmentomes,Other,ILLUMINA,Illumina HiSeq 2500,PAIRED,,WGS,GENOMIC,unspecified,EGAX00002472469,EGAR00002846984,EGAN00003221003,CGPLLU441P,SAMEA9240890,
EGAS00001005340,Detection and characterization of lung cancer using cell-free DNA fragmentomes,Other,ILLUMINA,Illumina HiSeq 2500,PAIRED,,WGS,GENOMIC,unspecified,EGAX00002472470,EGAR00002846985,EGAN00003220802,CGPLLU442P,SAMEA9240690,
EGAS00001005340,Detection and characterization of lung cancer using cell-free DNA fragmentomes,Other,ILLUMINA,Illumina HiSeq 2500,PAIRED,,WGS,GENOMIC,unspecified,EGAX00002472471,EGAR00002846986,EGAN00003221004,CGPLLU443P,SAMEA9240892,
EGAS00001005340,Detection and characterization of lung cancer using cell-free DNA fragmentomes,Other,ILLUMINA,Illumina HiSeq 2500,PAIRED,,WGS,GENOMIC,unspecified,EGAX00002472472,EGAR00002846987,EGAN00003220478,CGPLLU444P,SAMEA9240377,
EGAS00001005340,Detection and characterization of lung cancer using cell-free DNA fragmentomes,Other,ILLUMINA,Illumina HiSeq 2500,PAIRED,,WGS,GENOMIC,unspecified,EGAX00002472473,EGAR00002846988,EGAN00003221020,CGPLLU445P,SAMEA9240908,
EGAS00001005340,Detection and characterization of lung cancer using cell-free DNA fragmentomes,Other,ILLUMINA,Illumina HiSeq 2500,PAIRED,,WGS,GENOMIC,unspecified,EGAX00002472474,EGAR00002846989,EGAN00003221051,CGPLLU446P,SAMEA9240939,
EGAS00001005340,Detection and characterization of lung cancer using cell-free DNA fragmentomes,Other,ILLUMINA,Illumina HiSeq 2500,PAIRED,,WGS,GENOMIC,unspecified,EGAX00002472475,EGAR00002846990,EGAN00003221014,CGPLLU447P,SAMEA9240902,
EGAS00001005340,Detection and characterization of lung cancer using cell-free DNA fragmentomes,Other,ILLUMINA,Illumina HiSeq 2500,PAIRED,,WGS,GENOMIC,unspecified,EGAX00002472476,EGAR00002846991,EGAN00003220476,CGPLLU448P,SAMEA9240375,
EGAS00001005340,Detection and characterization of lung cancer using cell-free DNA fragmentomes,Other,ILLUMINA,Illumina HiSeq 2500,PAIRED,,WGS,GENOMIC,unspecified,EGAX00002472477,EGAR00002846992,EGAN00003221012,CGPLLU449P,SAMEA9240900,
EGAS00001005340,Detection and characterization of lung cancer using cell-free DNA fragmentomes,Other,ILLUMINA,Illumina HiSeq 2500,PAIRED,,WGS,GENOMIC,unspecified,EGAX00002472478,EGAR00002846993,EGAN00003220457,CGPLLU450P,SAMEA9240353,
EGAS00001005340,Detection and characterization of lung cancer using cell-free DNA fragmentomes,Other,ILLUMINA,Illumina HiSeq 2500,PAIRED,,WGS,GENOMIC,unspecified,EGAX00002472479,EGAR00002846994,EGAN00003220926,CGPLLU451P,SAMEA9240814,
EGAS00001005340,Detection and characterization of lung cancer using cell-free DNA fragmentomes,Other,ILLUMINA,Illumina HiSeq 2500,PAIRED,,WGS,GENOMIC,unspecified,EGAX00002472480,EGAR00002846995,EGAN00003221015,CGPLLU452P,SAMEA9240903,
EGAS00001005340,Detection and characterization of lung cancer using cell-free DNA fragmentomes,Other,ILLUMINA,Illumina HiSeq 2500,PAIRED,,WGS,GENOMIC,unspecified,EGAX00002472481,EGAR00002846996,EGAN00003220691,CGPLLU453P,SAMEA9240579,
EGAS00001005340,Detection and characterization of lung cancer using cell-free DNA fragmentomes,Other,ILLUMINA,Illumina HiSeq 2500,PAIRED,,WGS,GENOMIC,unspecified,EGAX00002472482,EGAR00002846997,EGAN00003220971,CGPLLU454P,SAMEA9240859,
EGAS00001005340,Detection and characterization of lung cancer using cell-free DNA fragmentomes,Other,ILLUMINA,Illumina HiSeq 2500,PAIRED,,WGS,GENOMIC,unspecified,EGAX00002472483,EGAR00002846998,EGAN00003220693,CGPLLU455P,SAMEA9240581,
EGAS00001005340,Detection and characterization of lung cancer using cell-free DNA fragmentomes,Other,ILLUMINA,Illumina HiSeq 2500,PAIRED,,WGS,GENOMIC,unspecified,EGAX00002472484,EGAR00002846999,EGAN00003220997,CGPLLU456P,SAMEA9240885,
EGAS00001005340,Detection and characterization of lung cancer using cell-free DNA fragmentomes,Other,ILLUMINA,Illumina HiSeq 2500,PAIRED,,WGS,GENOMIC,unspecified,EGAX00002472485,EGAR00002847000,EGAN00003220995,CGPLLU457P,SAMEA9240883,
EGAS00001005340,Detection and characterization of lung cancer using cell-free DNA fragmentomes,Other,ILLUMINA,Illumina HiSeq 2500,PAIRED,,WGS,GENOMIC,unspecified,EGAX00002472486,EGAR00002847001,EGAN00003221000,CGPLLU458P,SAMEA9240888,
EGAS00001005340,Detection and characterization of lung cancer using cell-free DNA fragmentomes,Other,ILLUMINA,Illumina HiSeq 2500,PAIRED,,WGS,GENOMIC,unspecified,EGAX00002472487,EGAR00002847002,EGAN00003220755,CGPLLU459P,SAMEA9240643,
EGAS00001005340,Detection and characterization of lung cancer using cell-free DNA fragmentomes,Other,ILLUMINA,Illumina HiSeq 2500,PAIRED,,WGS,GENOMIC,unspecified,EGAX00002472488,EGAR00002847003,EGAN00003220557,CGPLLU460P,SAMEA9240445,
EGAS00001005340,Detection and characterization of lung cancer using cell-free DNA fragmentomes,Other,ILLUMINA,Illumina HiSeq 2500,PAIRED,,WGS,GENOMIC,unspecified,EGAX00002472489,EGAR00002847004,EGAN00003220879,CGPLLU461P,SAMEA9240767,
EGAS00001005340,Detection and characterization of lung cancer using cell-free DNA fragmentomes,Other,ILLUMINA,Illumina HiSeq 2500,PAIRED,,WGS,GENOMIC,unspecified,EGAX00002472490,EGAR00002847005,EGAN00003220620,CGPLLU462P,SAMEA9240508,
EGAS00001005340,Detection and characterization of lung cancer using cell-free DNA fragmentomes,Other,ILLUMINA,Illumina HiSeq 2500,PAIRED,,WGS,GENOMIC,unspecified,EGAX00002472491,EGAR00002847006,EGAN00003220667,CGPLLU463P,SAMEA9240555,
EGAS00001005340,Detection and characterization of lung cancer using cell-free DNA fragmentomes,Other,ILLUMINA,Illumina HiSeq 2500,PAIRED,,WGS,GENOMIC,unspecified,EGAX00002472492,EGAR00002847007,EGAN00003220629,CGPLLU464P,SAMEA9240517,
EGAS00001005340,Detection and characterization of lung cancer using cell-free DNA fragmentomes,Other,ILLUMINA,Illumina HiSeq 2500,PAIRED,,WGS,GENOMIC,unspecified,EGAX00002472493,EGAR00002847008,EGAN00003220647,CGPLLU465P,SAMEA9240535,
EGAS00001005340,Detection and characterization of lung cancer using cell-free DNA fragmentomes,Other,ILLUMINA,Illumina HiSeq 2500,PAIRED,,WGS,GENOMIC,unspecified,EGAX00002472494,EGAR00002847009,EGAN00003220333,CGPLLU466P,SAMEA9240220,
EGAS00001005340,Detection and characterization of lung cancer using cell-free DNA fragmentomes,Other,ILLUMINA,Illumina HiSeq 2500,PAIRED,,WGS,GENOMIC,unspecified,EGAX00002472495,EGAR00002847010,EGAN00003220327,CGPLLU467P,SAMEA9240214,
EGAS00001005340,Detection and characterization of lung cancer using cell-free DNA fragmentomes,Other,ILLUMINA,Illumina HiSeq 2500,PAIRED,,WGS,GENOMIC,unspecified,EGAX00002472496,EGAR00002847011,EGAN00003221026,CGPLLU468P,SAMEA9240914,
EGAS00001005340,Detection and characterization of lung cancer using cell-free DNA fragmentomes,Other,ILLUMINA,Illumina HiSeq 2500,PAIRED,,WGS,GENOMIC,unspecified,EGAX00002472497,EGAR00002847012,EGAN00003221140,CGPLLU469P,SAMEA9241028,
EGAS00001005340,Detection and characterization of lung cancer using cell-free DNA fragmentomes,Other,ILLUMINA,Illumina HiSeq 2500,PAIRED,,WGS,GENOMIC,unspecified,EGAX00002472498,EGAR00002847013,EGAN00003220469,CGPLLU470P,SAMEA9240366,
EGAS00001005340,Detection and characterization of lung cancer using cell-free DNA fragmentomes,Other,ILLUMINA,Illumina HiSeq 2500,PAIRED,,WGS,GENOMIC,unspecified,EGAX00002472499,EGAR00002847014,EGAN00003220828,CGPLLU471P,SAMEA9240716,
EGAS00001005340,Detection and characterization of lung cancer using cell-free DNA fragmentomes,Other,ILLUMINA,Illumina HiSeq 2500,PAIRED,,WGS,GENOMIC,unspecified,EGAX00002472500,EGAR00002847015,EGAN00003220846,CGPLLU472P,SAMEA9240734,
EGAS00001005340,Detection and characterization of lung cancer using cell-free DNA fragmentomes,Other,ILLUMINA,Illumina HiSeq 2500,PAIRED,,WGS,GENOMIC,unspecified,EGAX00002472501,EGAR00002847016,EGAN00003221145,CGPLLU473P,SAMEA9241033,
EGAS00001005340,Detection and characterization of lung cancer using cell-free DNA fragmentomes,Other,ILLUMINA,Illumina HiSeq 2500,PAIRED,,WGS,GENOMIC,unspecified,EGAX00002472502,EGAR00002847017,EGAN00003221023,CGPLLU474P,SAMEA9240911,
EGAS00001005340,Detection and characterization of lung cancer using cell-free DNA fragmentomes,Other,ILLUMINA,Illumina HiSeq 2500,PAIRED,,WGS,GENOMIC,unspecified,EGAX00002472503,EGAR00002847018,EGAN00003220438,CGPLLU475P,SAMEA9240332,
EGAS00001005340,Detection and characterization of lung cancer using cell-free DNA fragmentomes,Other,ILLUMINA,Illumina HiSeq 2500,PAIRED,,WGS,GENOMIC,unspecified,EGAX00002472504,EGAR00002847019,EGAN00003220387,CGPLLU476P,SAMEA9240274,
EGAS00001005340,Detection and characterization of lung cancer using cell-free DNA fragmentomes,Other,ILLUMINA,Illumina HiSeq 2500,PAIRED,,WGS,GENOMIC,unspecified,EGAX00002472505,EGAR00002847020,EGAN00003221061,CGPLLU477P,SAMEA9240949,
EGAS00001005340,Detection and characterization of lung cancer using cell-free DNA fragmentomes,Other,ILLUMINA,Illumina HiSeq 2500,PAIRED,,WGS,GENOMIC,unspecified,EGAX00002472506,EGAR00002847021,EGAN00003220369,CGPLLU478P,SAMEA9240256,
EGAS00001005340,Detection and characterization of lung cancer using cell-free DNA fragmentomes,Other,ILLUMINA,Illumina HiSeq 2500,PAIRED,,WGS,GENOMIC,unspecified,EGAX00002472507,EGAR00002847022,EGAN00003221149,CGPLLU479P,SAMEA9241037,
EGAS00001005340,Detection and characterization of lung cancer using cell-free DNA fragmentomes,Other,ILLUMINA,Illumina HiSeq 2500,PAIRED,,WGS,GENOMIC,unspecified,EGAX00002472508,EGAR00002847023,EGAN00003220372,CGPLLU480P,SAMEA9240259,
EGAS00001005340,Detection and characterization of lung cancer using cell-free DNA fragmentomes,Other,ILLUMINA,Illumina HiSeq 2500,PAIRED,,WGS,GENOMIC,unspecified,EGAX00002472509,EGAR00002847024,EGAN00003220329,CGPLLU481P,SAMEA9240216,
EGAS00001005340,Detection and characterization of lung cancer using cell-free DNA fragmentomes,Other,ILLUMINA,Illumina HiSeq 2500,PAIRED,,WGS,GENOMIC,unspecified,EGAX00002472510,EGAR00002847025,EGAN00003220924,CGPLLU482P,SAMEA9240812,
EGAS00001005340,Detection and characterization of lung cancer using cell-free DNA fragmentomes,Other,ILLUMINA,Illumina HiSeq 2500,PAIRED,,WGS,GENOMIC,unspecified,EGAX00002472511,EGAR00002847026,EGAN00003220930,CGPLLU483P,SAMEA9240818,
EGAS00001005340,Detection and characterization of lung cancer using cell-free DNA fragmentomes,Other,ILLUMINA,Illumina HiSeq 2500,PAIRED,,WGS,GENOMIC,unspecified,EGAX00002472512,EGAR00002847027,EGAN00003220928,CGPLLU484P,SAMEA9240816,
EGAS00001005340,Detection and characterization of lung cancer using cell-free DNA fragmentomes,Other,ILLUMINA,Illumina HiSeq 2500,PAIRED,,WGS,GENOMIC,unspecified,EGAX00002472513,EGAR00002847028,EGAN00003220921,CGPLLU485P,SAMEA9240809,
EGAS00001005340,Detection and characterization of lung cancer using cell-free DNA fragmentomes,Other,ILLUMINA,Illumina HiSeq 2500,PAIRED,,WGS,GENOMIC,unspecified,EGAX00002472514,EGAR00002847029,EGAN00003220338,CGPLLU486P,SAMEA9240225,
EGAS00001005340,Detection and characterization of lung cancer using cell-free DNA fragmentomes,Other,ILLUMINA,Illumina HiSeq 2500,PAIRED,,WGS,GENOMIC,unspecified,EGAX00002472515,EGAR00002847030,EGAN00003220920,CGPLLU487P,SAMEA9240808,
EGAS00001005340,Detection and characterization of lung cancer using cell-free DNA fragmentomes,Other,ILLUMINA,Illumina HiSeq 2500,PAIRED,,WGS,GENOMIC,unspecified,EGAX00002472516,EGAR00002847031,EGAN00003220923,CGPLLU488P,SAMEA9240811,
EGAS00001005340,Detection and characterization of lung cancer using cell-free DNA fragmentomes,Other,ILLUMINA,Illumina HiSeq 2500,PAIRED,,WGS,GENOMIC,unspecified,EGAX00002472517,EGAR00002847032,EGAN00003221075,CGPLLU489P,SAMEA9240963,
EGAS00001005340,Detection and characterization of lung cancer using cell-free DNA fragmentomes,Other,ILLUMINA,Illumina HiSeq 2500,PAIRED,,WGS,GENOMIC,unspecified,EGAX00002472518,EGAR00002847033,EGAN00003220734,CGPLLU490P,SAMEA9240622,
EGAS00001005340,Detection and characterization of lung cancer using cell-free DNA fragmentomes,Other,ILLUMINA,Illumina HiSeq 2500,PAIRED,,WGS,GENOMIC,unspecified,EGAX00002472519,EGAR00002847034,EGAN00003220607,CGPLLU491P,SAMEA9240495,
EGAS00001005340,Detection and characterization of lung cancer using cell-free DNA fragmentomes,Other,ILLUMINA,Illumina HiSeq 2500,PAIRED,,WGS,GENOMIC,unspecified,EGAX00002472520,EGAR00002847035,EGAN00003221129,CGPLLU492P,SAMEA9241016,
EGAS00001005340,Detection and characterization of lung cancer using cell-free DNA fragmentomes,Other,ILLUMINA,Illumina HiSeq 2500,PAIRED,,WGS,GENOMIC,unspecified,EGAX00002472521,EGAR00002847036,EGAN00003220490,CGPLLU493P,SAMEA9240846,
EGAS00001005340,Detection and characterization of lung cancer using cell-free DNA fragmentomes,Other,ILLUMINA,Illumina HiSeq 2500,PAIRED,,WGS,GENOMIC,unspecified,EGAX00002472522,EGAR00002847037,EGAN00003220627,CGPLLU494P,SAMEA9240515,
EGAS00001005340,Detection and characterization of lung cancer using cell-free DNA fragmentomes,Other,ILLUMINA,Illumina HiSeq 2500,PAIRED,,WGS,GENOMIC,unspecified,EGAX00002472523,EGAR00002847038,EGAN00003220315,CGPLLU495P,SAMEA9240202,
EGAS00001005340,Detection and characterization of lung cancer using cell-free DNA fragmentomes,Other,ILLUMINA,Illumina HiSeq 2500,PAIRED,,WGS,GENOMIC,unspecified,EGAX00002472524,EGAR00002847039,EGAN00003220637,CGPLLU496P,SAMEA9240525,
EGAS00001005340,Detection and characterization of lung cancer using cell-free DNA fragmentomes,Other,ILLUMINA,Illumina HiSeq 2500,PAIRED,,WGS,GENOMIC,unspecified,EGAX00002472525,EGAR00002847040,EGAN00003221031,CGPLLU497P,SAMEA9240919,
EGAS00001005340,Detection and characterization of lung cancer using cell-free DNA fragmentomes,Other,ILLUMINA,Illumina HiSeq 2500,PAIRED,,WGS,GENOMIC,unspecified,EGAX00002472526,EGAR00002847041,EGAN00003220540,CGPLLU498P,SAMEA9240428,
EGAS00001005340,Detection and characterization of lung cancer using cell-free DNA fragmentomes,Other,ILLUMINA,Illumina HiSeq 2500,PAIRED,,WGS,GENOMIC,unspecified,EGAX00002472527,EGAR00002847042,EGAN00003220391,CGPLLU499P,SAMEA9240278,
EGAS00001005340,Detection and characterization of lung cancer using cell-free DNA fragmentomes,Other,ILLUMINA,Illumina HiSeq 2500,PAIRED,,WGS,GENOMIC,unspecified,EGAX00002472528,EGAR00002847043,EGAN00003220950,CGPLLU4P,SAMEA9240838,
EGAS00001005340,Detection and characterization of lung cancer using cell-free DNA fragmentomes,Other,ILLUMINA,Illumina HiSeq 2500,PAIRED,,WGS,GENOMIC,unspecified,EGAX00002472529,EGAR00002847044,EGAN00003220665,CGPLLU500P,SAMEA9240554,
EGAS00001005340,Detection and characterization of lung cancer using cell-free DNA fragmentomes,Other,ILLUMINA,Illumina HiSeq 2500,PAIRED,,WGS,GENOMIC,unspecified,EGAX00002472530,EGAR00002847045,EGAN00003220334,CGPLLU501P,SAMEA9240221,
EGAS00001005340,Detection and characterization of lung cancer using cell-free DNA fragmentomes,Other,ILLUMINA,Illumina HiSeq 2500,PAIRED,,WGS,GENOMIC,unspecified,EGAX00002472531,EGAR00002847046,EGAN00003220711,CGPLLU502P,SAMEA9240599,
EGAS00001005340,Detection and characterization of lung cancer using cell-free DNA fragmentomes,Other,ILLUMINA,Illumina HiSeq 2500,PAIRED,,WGS,GENOMIC,unspecified,EGAX00002472532,EGAR00002847047,EGAN00003220471,CGPLLU503P,SAMEA9240369,
EGAS00001005340,Detection and characterization of lung cancer using cell-free DNA fragmentomes,Other,ILLUMINA,Illumina HiSeq 2500,PAIRED,,WGS,GENOMIC,unspecified,EGAX00002472533,EGAR00002847048,EGAN00003220705,CGPLLU504P,SAMEA9240593,
EGAS00001005340,Detection and characterization of lung cancer using cell-free DNA fragmentomes,Other,ILLUMINA,Illumina HiSeq 2500,PAIRED,,WGS,GENOMIC,unspecified,EGAX00002472534,EGAR00002847049,EGAN00003220702,CGPLLU505P,SAMEA9240590,
EGAS00001005340,Detection and characterization of lung cancer using cell-free DNA fragmentomes,Other,ILLUMINA,Illumina HiSeq 2500,PAIRED,,WGS,GENOMIC,unspecified,EGAX00002472535,EGAR00002847050,EGAN00003220700,CGPLLU506P,SAMEA9240588,
EGAS00001005340,Detection and characterization of lung cancer using cell-free DNA fragmentomes,Other,ILLUMINA,Illumina HiSeq 2500,PAIRED,,WGS,GENOMIC,unspecified,EGAX00002472536,EGAR00002847051,EGAN00003220826,CGPLLU507P,SAMEA9240714,
EGAS00001005340,Detection and characterization of lung cancer using cell-free DNA fragmentomes,Other,ILLUMINA,Illumina HiSeq 2500,PAIRED,,WGS,GENOMIC,unspecified,EGAX00002472537,EGAR00002847052,EGAN00003220784,CGPLLU508P,SAMEA9240672,
EGAS00001005340,Detection and characterization of lung cancer using cell-free DNA fragmentomes,Other,ILLUMINA,Illumina HiSeq 2500,PAIRED,,WGS,GENOMIC,unspecified,EGAX00002472538,EGAR00002847053,EGAN00003220984,CGPLLU509P,SAMEA9240872,
EGAS00001005340,Detection and characterization of lung cancer using cell-free DNA fragmentomes,Other,ILLUMINA,Illumina HiSeq 2500,PAIRED,,WGS,GENOMIC,unspecified,EGAX00002472539,EGAR00002847054,EGAN00003220697,CGPLLU510P,SAMEA9240585,
EGAS00001005340,Detection and characterization of lung cancer using cell-free DNA fragmentomes,Other,ILLUMINA,Illumina HiSeq 2500,PAIRED,,WGS,GENOMIC,unspecified,EGAX00002472540,EGAR00002847055,EGAN00003220336,CGPLLU511P,SAMEA9240223,
EGAS00001005340,Detection and characterization of lung cancer using cell-free DNA fragmentomes,Other,ILLUMINA,Illumina HiSeq 2500,PAIRED,,WGS,GENOMIC,unspecified,EGAX00002472541,EGAR00002847056,EGAN00003221028,CGPLLU512P,SAMEA9240916,
EGAS00001005340,Detection and characterization of lung cancer using cell-free DNA fragmentomes,Other,ILLUMINA,Illumina HiSeq 2500,PAIRED,,WGS,GENOMIC,unspecified,EGAX00002472542,EGAR00002847057,EGAN00003220820,CGPLLU513P,SAMEA9240708,
EGAS00001005340,Detection and characterization of lung cancer using cell-free DNA fragmentomes,Other,ILLUMINA,Illumina HiSeq 2500,PAIRED,,WGS,GENOMIC,unspecified,EGAX00002472543,EGAR00002847058,EGAN00003220451,CGPLLU514P,SAMEA9240346,
EGAS00001005340,Detection and characterization of lung cancer using cell-free DNA fragmentomes,Other,ILLUMINA,Illumina HiSeq 2500,PAIRED,,WGS,GENOMIC,unspecified,EGAX00002472544,EGAR00002847059,EGAN00003220544,CGPLLU515P,SAMEA9240432,
EGAS00001005340,Detection and characterization of lung cancer using cell-free DNA fragmentomes,Other,ILLUMINA,Illumina HiSeq 2500,PAIRED,,WGS,GENOMIC,unspecified,EGAX00002472545,EGAR00002847060,EGAN00003220549,CGPLLU516P,SAMEA9240437,
EGAS00001005340,Detection and characterization of lung cancer using cell-free DNA fragmentomes,Other,ILLUMINA,Illumina HiSeq 2500,PAIRED,,WGS,GENOMIC,unspecified,EGAX00002472546,EGAR00002847061,EGAN00003220786,CGPLLU517P,SAMEA9240674,
EGAS00001005340,Detection and characterization of lung cancer using cell-free DNA fragmentomes,Other,ILLUMINA,Illumina HiSeq 2500,PAIRED,,WGS,GENOMIC,unspecified,EGAX00002472547,EGAR00002847062,EGAN00003220548,CGPLLU518P,SAMEA9240436,
EGAS00001005340,Detection and characterization of lung cancer using cell-free DNA fragmentomes,Other,ILLUMINA,Illumina HiSeq 2500,PAIRED,,WGS,GENOMIC,unspecified,EGAX00002472548,EGAR00002847063,EGAN00003220880,CGPLLU519P,SAMEA9240768,
EGAS00001005340,Detection and characterization of lung cancer using cell-free DNA fragmentomes,Other,ILLUMINA,Illumina HiSeq 2500,PAIRED,,WGS,GENOMIC,unspecified,EGAX00002472549,EGAR00002847064,EGAN00003220301,CGPLLU520P,SAMEA9240187,
EGAS00001005340,Detection and characterization of lung cancer using cell-free DNA fragmentomes,Other,ILLUMINA,Illumina HiSeq 2500,PAIRED,,WGS,GENOMIC,unspecified,EGAX00002472550,EGAR00002847065,EGAN00003221088,CGPLLU521P,SAMEA9240976,
EGAS00001005340,Detection and characterization of lung cancer using cell-free DNA fragmentomes,Other,ILLUMINA,Illumina HiSeq 2500,PAIRED,,WGS,GENOMIC,unspecified,EGAX00002472551,EGAR00002847066,EGAN00003220791,CGPLLU522P,SAMEA9240679,
EGAS00001005340,Detection and characterization of lung cancer using cell-free DNA fragmentomes,Other,ILLUMINA,Illumina HiSeq 2500,PAIRED,,WGS,GENOMIC,unspecified,EGAX00002472552,EGAR00002847067,EGAN00003221064,CGPLLU523P,SAMEA9240952,
EGAS00001005340,Detection and characterization of lung cancer using cell-free DNA fragmentomes,Other,ILLUMINA,Illumina HiSeq 2500,PAIRED,,WGS,GENOMIC,unspecified,EGAX00002472553,EGAR00002847068,EGAN00003220539,CGPLLU524P,SAMEA9240427,
EGAS00001005340,Detection and characterization of lung cancer using cell-free DNA fragmentomes,Other,ILLUMINA,Illumina HiSeq 2500,PAIRED,,WGS,GENOMIC,unspecified,EGAX00002472554,EGAR00002847069,EGAN00003220982,CGPLLU525P,SAMEA9240870,
EGAS00001005340,Detection and characterization of lung cancer using cell-free DNA fragmentomes,Other,ILLUMINA,Illumina HiSeq 2500,PAIRED,,WGS,GENOMIC,unspecified,EGAX00002472555,EGAR00002847070,EGAN00003220547,CGPLLU526P,SAMEA9240435,
EGAS00001005340,Detection and characterization of lung cancer using cell-free DNA fragmentomes,Other,ILLUMINA,Illumina HiSeq 2500,PAIRED,,WGS,GENOMIC,unspecified,EGAX00002472556,EGAR00002847071,EGAN00003220439,CGPLLU527P,SAMEA9240333,
EGAS00001005340,Detection and characterization of lung cancer using cell-free DNA fragmentomes,Other,ILLUMINA,Illumina HiSeq 2500,PAIRED,,WGS,GENOMIC,unspecified,EGAX00002472557,EGAR00002847072,EGAN00003220871,CGPLLU528P,SAMEA9240759,
EGAS00001005340,Detection and characterization of lung cancer using cell-free DNA fragmentomes,Other,ILLUMINA,Illumina HiSeq 2500,PAIRED,,WGS,GENOMIC,unspecified,EGAX00002472558,EGAR00002847073,EGAN00003220551,CGPLLU529P,SAMEA9240439,
EGAS00001005340,Detection and characterization of lung cancer using cell-free DNA fragmentomes,Other,ILLUMINA,Illumina HiSeq 2500,PAIRED,,WGS,GENOMIC,unspecified,EGAX00002472559,EGAR00002847074,EGAN00003220486,CGPLLU530P,SAMEA9240842,
EGAS00001005340,Detection and characterization of lung cancer using cell-free DNA fragmentomes,Other,ILLUMINA,Illumina HiSeq 2500,PAIRED,,WGS,GENOMIC,unspecified,EGAX00002472560,EGAR00002847075,EGAN00003220550,CGPLLU531P,SAMEA9240438,
EGAS00001005340,Detection and characterization of lung cancer using cell-free DNA fragmentomes,Other,ILLUMINA,Illumina HiSeq 2500,PAIRED,,WGS,GENOMIC,unspecified,EGAX00002472561,EGAR00002847076,EGAN00003220622,CGPLLU532P,SAMEA9240510,
EGAS00001005340,Detection and characterization of lung cancer using cell-free DNA fragmentomes,Other,ILLUMINA,Illumina HiSeq 2500,PAIRED,,WGS,GENOMIC,unspecified,EGAX00002472562,EGAR00002847077,EGAN00003220339,CGPLLU533P,SAMEA9240226,
EGAS00001005340,Detection and characterization of lung cancer using cell-free DNA fragmentomes,Other,ILLUMINA,Illumina HiSeq 2500,PAIRED,,WGS,GENOMIC,unspecified,EGAX00002472563,EGAR00002847078,EGAN00003220405,CGPLLU534P,SAMEA9240295,
EGAS00001005340,Detection and characterization of lung cancer using cell-free DNA fragmentomes,Other,ILLUMINA,Illumina HiSeq 2500,PAIRED,,WGS,GENOMIC,unspecified,EGAX00002472564,EGAR00002847079,EGAN00003220443,CGPLLU535P,SAMEA9240337,
EGAS00001005340,Detection and characterization of lung cancer using cell-free DNA fragmentomes,Other,ILLUMINA,Illumina HiSeq 2500,PAIRED,,WGS,GENOMIC,unspecified,EGAX00002472565,EGAR00002847080,EGAN00003220648,CGPLLU536P,SAMEA9240536,
EGAS00001005340,Detection and characterization of lung cancer using cell-free DNA fragmentomes,Other,ILLUMINA,Illumina HiSeq 2500,PAIRED,,WGS,GENOMIC,unspecified,EGAX00002472566,EGAR00002847081,EGAN00003221009,CGPLLU537P,SAMEA9240897,
EGAS00001005340,Detection and characterization of lung cancer using cell-free DNA fragmentomes,Other,ILLUMINA,Illumina HiSeq 2500,PAIRED,,WGS,GENOMIC,unspecified,EGAX00002472567,EGAR00002847082,EGAN00003220555,CGPLLU538P,SAMEA9240443,
EGAS00001005340,Detection and characterization of lung cancer using cell-free DNA fragmentomes,Other,ILLUMINA,Illumina HiSeq 2500,PAIRED,,WGS,GENOMIC,unspecified,EGAX00002472568,EGAR00002847083,EGAN00003221032,CGPLLU539P,SAMEA9240920,
EGAS00001005340,Detection and characterization of lung cancer using cell-free DNA fragmentomes,Other,ILLUMINA,Illumina HiSeq 2500,PAIRED,,WGS,GENOMIC,unspecified,EGAX00002472569,EGAR00002847084,EGAN00003220695,CGPLLU540P,SAMEA9240583,
EGAS00001005340,Detection and characterization of lung cancer using cell-free DNA fragmentomes,Other,ILLUMINA,Illumina HiSeq 2500,PAIRED,,WGS,GENOMIC,unspecified,EGAX00002472570,EGAR00002847085,EGAN00003220690,CGPLLU541P,SAMEA9240578,
EGAS00001005340,Detection and characterization of lung cancer using cell-free DNA fragmentomes,Other,ILLUMINA,Illumina HiSeq 2500,PAIRED,,WGS,GENOMIC,unspecified,EGAX00002472571,EGAR00002847086,EGAN00003220771,CGPLLU542P,SAMEA9240659,
EGAS00001005340,Detection and characterization of lung cancer using cell-free DNA fragmentomes,Other,ILLUMINA,Illumina HiSeq 2500,PAIRED,,WGS,GENOMIC,unspecified,EGAX00002472572,EGAR00002847087,EGAN00003220768,CGPLLU543P,SAMEA9240656,
EGAS00001005340,Detection and characterization of lung cancer using cell-free DNA fragmentomes,Other,ILLUMINA,Illumina HiSeq 2500,PAIRED,,WGS,GENOMIC,unspecified,EGAX00002472573,EGAR00002847088,EGAN00003220769,CGPLLU544P,SAMEA9240657,
EGAS00001005340,Detection and characterization of lung cancer using cell-free DNA fragmentomes,Other,ILLUMINA,Illumina HiSeq 2500,PAIRED,,WGS,GENOMIC,unspecified,EGAX00002472574,EGAR00002847089,EGAN00003220823,CGPLLU545P,SAMEA9240711,
EGAS00001005340,Detection and characterization of lung cancer using cell-free DNA fragmentomes,Other,ILLUMINA,Illumina HiSeq 2500,PAIRED,,WGS,GENOMIC,unspecified,EGAX00002472575,EGAR00002847090,EGAN00003220494,CGPLLU546P,SAMEA9240851,
EGAS00001005340,Detection and characterization of lung cancer using cell-free DNA fragmentomes,Other,ILLUMINA,Illumina HiSeq 2500,PAIRED,,WGS,GENOMIC,unspecified,EGAX00002472576,EGAR00002847091,EGAN00003220330,CGPLLU547P,SAMEA9240217,
EGAS00001005340,Detection and characterization of lung cancer using cell-free DNA fragmentomes,Other,ILLUMINA,Illumina HiSeq 2500,PAIRED,,WGS,GENOMIC,unspecified,EGAX00002472577,EGAR00002847092,EGAN00003221042,CGPLLU548P,SAMEA9240930,
EGAS00001005340,Detection and characterization of lung cancer using cell-free DNA fragmentomes,Other,ILLUMINA,Illumina HiSeq 2500,PAIRED,,WGS,GENOMIC,unspecified,EGAX00002472578,EGAR00002847093,EGAN00003220645,CGPLLU549P,SAMEA9240533,
EGAS00001005340,Detection and characterization of lung cancer using cell-free DNA fragmentomes,Other,ILLUMINA,Illumina HiSeq 2500,PAIRED,,WGS,GENOMIC,unspecified,EGAX00002472579,EGAR00002847094,EGAN00003220764,CGPLLU550P,SAMEA9240652,
EGAS00001005340,Detection and characterization of lung cancer using cell-free DNA fragmentomes,Other,ILLUMINA,Illumina HiSeq 2500,PAIRED,,WGS,GENOMIC,unspecified,EGAX00002472580,EGAR00002847095,EGAN00003220341,CGPLLU551P,SAMEA9240228,
EGAS00001005340,Detection and characterization of lung cancer using cell-free DNA fragmentomes,Other,ILLUMINA,Illumina HiSeq 2500,PAIRED,,WGS,GENOMIC,unspecified,EGAX00002472581,EGAR00002847096,EGAN00003220812,CGPLLU552P,SAMEA9240700,
EGAS00001005340,Detection and characterization of lung cancer using cell-free DNA fragmentomes,Other,ILLUMINA,Illumina HiSeq 2500,PAIRED,,WGS,GENOMIC,unspecified,EGAX00002472582,EGAR00002847097,EGAN00003220832,CGPLLU553P,SAMEA9240720,
EGAS00001005340,Detection and characterization of lung cancer using cell-free DNA fragmentomes,Other,ILLUMINA,Illumina HiSeq 2500,PAIRED,,WGS,GENOMIC,unspecified,EGAX00002472583,EGAR00002847098,EGAN00003220454,CGPLLU554P,SAMEA9240349,
EGAS00001005340,Detection and characterization of lung cancer using cell-free DNA fragmentomes,Other,ILLUMINA,Illumina HiSeq 2500,PAIRED,,WGS,GENOMIC,unspecified,EGAX00002472584,EGAR00002847099,EGAN00003220821,CGPLLU555P,SAMEA9240709,
EGAS00001005340,Detection and characterization of lung cancer using cell-free DNA fragmentomes,Other,ILLUMINA,Illumina HiSeq 2500,PAIRED,,WGS,GENOMIC,unspecified,EGAX00002472585,EGAR00002847100,EGAN00003220735,CGPLLU556P,SAMEA9240623,
EGAS00001005340,Detection and characterization of lung cancer using cell-free DNA fragmentomes,Other,ILLUMINA,Illumina HiSeq 2500,PAIRED,,WGS,GENOMIC,unspecified,EGAX00002472586,EGAR00002847101,EGAN00003220814,CGPLLU557P,SAMEA9240702,
EGAS00001005340,Detection and characterization of lung cancer using cell-free DNA fragmentomes,Other,ILLUMINA,Illumina HiSeq 2500,PAIRED,,WGS,GENOMIC,unspecified,EGAX00002472587,EGAR00002847102,EGAN00003220756,CGPLLU558P,SAMEA9240644,
EGAS00001005340,Detection and characterization of lung cancer using cell-free DNA fragmentomes,Other,ILLUMINA,Illumina HiSeq 2500,PAIRED,,WGS,GENOMIC,unspecified,EGAX00002472588,EGAR00002847103,EGAN00003220754,CGPLLU559P,SAMEA9240642,
EGAS00001005340,Detection and characterization of lung cancer using cell-free DNA fragmentomes,Other,ILLUMINA,Illumina HiSeq 2500,PAIRED,,WGS,GENOMIC,unspecified,EGAX00002472589,EGAR00002847104,EGAN00003220385,CGPLLU560P,SAMEA9240272,
EGAS00001005340,Detection and characterization of lung cancer using cell-free DNA fragmentomes,Other,ILLUMINA,Illumina HiSeq 2500,PAIRED,,WGS,GENOMIC,unspecified,EGAX00002472590,EGAR00002847105,EGAN00003220854,CGPLLU561P,SAMEA9240742,
EGAS00001005340,Detection and characterization of lung cancer using cell-free DNA fragmentomes,Other,ILLUMINA,Illumina HiSeq 2500,PAIRED,,WGS,GENOMIC,unspecified,EGAX00002472591,EGAR00002847106,EGAN00003220445,CGPLLU562P,SAMEA9240339,
EGAS00001005340,Detection and characterization of lung cancer using cell-free DNA fragmentomes,Other,ILLUMINA,Illumina HiSeq 2500,PAIRED,,WGS,GENOMIC,unspecified,EGAX00002472592,EGAR00002847107,EGAN00003220542,CGPLLU563P,SAMEA9240430,
EGAS00001005340,Detection and characterization of lung cancer using cell-free DNA fragmentomes,Other,ILLUMINA,Illumina HiSeq 2500,PAIRED,,WGS,GENOMIC,unspecified,EGAX00002472593,EGAR00002847108,EGAN00003220543,CGPLLU564P,SAMEA9240431,
EGAS00001005340,Detection and characterization of lung cancer using cell-free DNA fragmentomes,Other,ILLUMINA,Illumina HiSeq 2500,PAIRED,,WGS,GENOMIC,unspecified,EGAX00002472594,EGAR00002847109,EGAN00003220858,CGPLLU565P,SAMEA9240746,
EGAS00001005340,Detection and characterization of lung cancer using cell-free DNA fragmentomes,Other,ILLUMINA,Illumina HiSeq 2500,PAIRED,,WGS,GENOMIC,unspecified,EGAX00002472595,EGAR00002847110,EGAN00003221010,CGPLLU566P,SAMEA9240898,
EGAS00001005340,Detection and characterization of lung cancer using cell-free DNA fragmentomes,Other,ILLUMINA,Illumina HiSeq 2500,PAIRED,,WGS,GENOMIC,unspecified,EGAX00002472596,EGAR00002847111,EGAN00003220535,CGPLLU567P,SAMEA9240423,
EGAS00001005340,Detection and characterization of lung cancer using cell-free DNA fragmentomes,Other,ILLUMINA,Illumina HiSeq 2500,PAIRED,,WGS,GENOMIC,unspecified,EGAX00002472597,EGAR00002847112,EGAN00003220317,CGPLLU568P,SAMEA9240203,
EGAS00001005340,Detection and characterization of lung cancer using cell-free DNA fragmentomes,Other,ILLUMINA,Illumina HiSeq 2500,PAIRED,,WGS,GENOMIC,unspecified,EGAX00002472598,EGAR00002847113,EGAN00003220973,CGPLLU569P,SAMEA9240861,
EGAS00001005340,Detection and characterization of lung cancer using cell-free DNA fragmentomes,Other,ILLUMINA,Illumina HiSeq 2500,PAIRED,,WGS,GENOMIC,unspecified,EGAX00002472599,EGAR00002847114,EGAN00003220492,CGPLLU570P,SAMEA9240849,
EGAS00001005340,Detection and characterization of lung cancer using cell-free DNA fragmentomes,Other,ILLUMINA,Illumina HiSeq 2500,PAIRED,,WGS,GENOMIC,unspecified,EGAX00002472600,EGAR00002847115,EGAN00003221049,CGPLLU571P,SAMEA9240937,
EGAS00001005340,Detection and characterization of lung cancer using cell-free DNA fragmentomes,Other,ILLUMINA,Illumina HiSeq 2500,PAIRED,,WGS,GENOMIC,unspecified,EGAX00002472601,EGAR00002847116,EGAN00003221006,CGPLLU572P,SAMEA9240894,
EGAS00001005340,Detection and characterization of lung cancer using cell-free DNA fragmentomes,Other,ILLUMINA,Illumina HiSeq 2500,PAIRED,,WGS,GENOMIC,unspecified,EGAX00002472602,EGAR00002847117,EGAN00003220868,CGPLLU573P,SAMEA9240756,
EGAS00001005340,Detection and characterization of lung cancer using cell-free DNA fragmentomes,Other,ILLUMINA,Illumina HiSeq 2500,PAIRED,,WGS,GENOMIC,unspecified,EGAX00002472603,EGAR00002847118,EGAN00003220673,CGPLLU574P,SAMEA9240561,
EGAS00001005340,Detection and characterization of lung cancer using cell-free DNA fragmentomes,Other,ILLUMINA,Illumina HiSeq 2500,PAIRED,,WGS,GENOMIC,unspecified,EGAX00002472604,EGAR00002847119,EGAN00003220452,CGPLLU575P,SAMEA9240347,
EGAS00001005340,Detection and characterization of lung cancer using cell-free DNA fragmentomes,Other,ILLUMINA,Illumina HiSeq 2500,PAIRED,,WGS,GENOMIC,unspecified,EGAX00002472605,EGAR00002847120,EGAN00003220848,CGPLLU576P,SAMEA9240736,
EGAS00001005340,Detection and characterization of lung cancer using cell-free DNA fragmentomes,Other,ILLUMINA,Illumina HiSeq 2500,PAIRED,,WGS,GENOMIC,unspecified,EGAX00002472606,EGAR00002847121,EGAN00003220532,CGPLLU577P,SAMEA9240420,
EGAS00001005340,Detection and characterization of lung cancer using cell-free DNA fragmentomes,Other,ILLUMINA,Illumina HiSeq 2500,PAIRED,,WGS,GENOMIC,unspecified,EGAX00002472607,EGAR00002847122,EGAN00003220985,CGPLLU578P,SAMEA9240873,
EGAS00001005340,Detection and characterization of lung cancer using cell-free DNA fragmentomes,Other,ILLUMINA,Illumina HiSeq 2500,PAIRED,,WGS,GENOMIC,unspecified,EGAX00002472608,EGAR00002847123,EGAN00003220332,CGPLLU580P,SAMEA9240219,
EGAS00001005340,Detection and characterization of lung cancer using cell-free DNA fragmentomes,Other,ILLUMINA,Illumina HiSeq 2500,PAIRED,,WGS,GENOMIC,unspecified,EGAX00002472609,EGAR00002847124,EGAN00003220331,CGPLLU581P,SAMEA9240218,
EGAS00001005340,Detection and characterization of lung cancer using cell-free DNA fragmentomes,Other,ILLUMINA,Illumina HiSeq 2500,PAIRED,,WGS,GENOMIC,unspecified,EGAX00002472610,EGAR00002847125,EGAN00003220374,CGPLLU582P,SAMEA9240261,
EGAS00001005340,Detection and characterization of lung cancer using cell-free DNA fragmentomes,Other,ILLUMINA,Illumina HiSeq 2500,PAIRED,,WGS,GENOMIC,unspecified,EGAX00002472611,EGAR00002847126,EGAN00003220992,CGPLLU583P,SAMEA9240880,
EGAS00001005340,Detection and characterization of lung cancer using cell-free DNA fragmentomes,Other,ILLUMINA,Illumina HiSeq 2500,PAIRED,,WGS,GENOMIC,unspecified,EGAX00002472612,EGAR00002847127,EGAN00003221086,CGPLLU584P,SAMEA9240974,
EGAS00001005340,Detection and characterization of lung cancer using cell-free DNA fragmentomes,Other,ILLUMINA,Illumina HiSeq 2500,PAIRED,,WGS,GENOMIC,unspecified,EGAX00002472613,EGAR00002847128,EGAN00003221083,CGPLLU585P,SAMEA9240971,
EGAS00001005340,Detection and characterization of lung cancer using cell-free DNA fragmentomes,Other,ILLUMINA,Illumina HiSeq 2500,PAIRED,,WGS,GENOMIC,unspecified,EGAX00002472614,EGAR00002847129,EGAN00003220509,CGPLLU586P,SAMEA9240396,
EGAS00001005340,Detection and characterization of lung cancer using cell-free DNA fragmentomes,Other,ILLUMINA,Illumina HiSeq 2500,PAIRED,,WGS,GENOMIC,unspecified,EGAX00002472615,EGAR00002847130,EGAN00003221076,CGPLLU587P,SAMEA9240964,
EGAS00001005340,Detection and characterization of lung cancer using cell-free DNA fragmentomes,Other,ILLUMINA,Illumina HiSeq 2500,PAIRED,,WGS,GENOMIC,unspecified,EGAX00002472616,EGAR00002847131,EGAN00003221055,CGPLLU588P,SAMEA9240943,
EGAS00001005340,Detection and characterization of lung cancer using cell-free DNA fragmentomes,Other,ILLUMINA,Illumina HiSeq 2500,PAIRED,,WGS,GENOMIC,unspecified,EGAX00002472617,EGAR00002847132,EGAN00003220553,CGPLLU589P,SAMEA9240441,
EGAS00001005340,Detection and characterization of lung cancer using cell-free DNA fragmentomes,Other,ILLUMINA,Illumina HiSeq 2500,PAIRED,,WGS,GENOMIC,unspecified,EGAX00002472618,EGAR00002847133,EGAN00003220612,CGPLLU590P,SAMEA9240500,
EGAS00001005340,Detection and characterization of lung cancer using cell-free DNA fragmentomes,Other,ILLUMINA,Illumina HiSeq 2500,PAIRED,,WGS,GENOMIC,unspecified,EGAX00002472619,EGAR00002847134,EGAN00003221054,CGPLLU591P,SAMEA9240942,
EGAS00001005340,Detection and characterization of lung cancer using cell-free DNA fragmentomes,Other,ILLUMINA,Illumina HiSeq 2500,PAIRED,,WGS,GENOMIC,unspecified,EGAX00002472620,EGAR00002847135,EGAN00003220696,CGPLLU592P,SAMEA9240584,
EGAS00001005340,Detection and characterization of lung cancer using cell-free DNA fragmentomes,Other,ILLUMINA,Illumina HiSeq 2500,PAIRED,,WGS,GENOMIC,unspecified,EGAX00002472621,EGAR00002847136,EGAN00003220885,CGPLLU593P,SAMEA9240773,
EGAS00001005340,Detection and characterization of lung cancer using cell-free DNA fragmentomes,Other,ILLUMINA,Illumina HiSeq 2500,PAIRED,,WGS,GENOMIC,unspecified,EGAX00002472622,EGAR00002847137,EGAN00003221067,CGPLLU594P,SAMEA9240955,
EGAS00001005340,Detection and characterization of lung cancer using cell-free DNA fragmentomes,Other,ILLUMINA,Illumina HiSeq 2500,PAIRED,,WGS,GENOMIC,unspecified,EGAX00002472623,EGAR00002847138,EGAN00003220766,CGPLLU596P,SAMEA9240654,
EGAS00001005340,Detection and characterization of lung cancer using cell-free DNA fragmentomes,Other,ILLUMINA,Illumina HiSeq 2500,PAIRED,,WGS,GENOMIC,unspecified,EGAX00002472624,EGAR00002847139,EGAN00003221005,CGPLLU597P,SAMEA9240893,
EGAS00001005340,Detection and characterization of lung cancer using cell-free DNA fragmentomes,Other,ILLUMINA,Illumina HiSeq 2500,PAIRED,,WGS,GENOMIC,unspecified,EGAX00002472625,EGAR00002847140,EGAN00003220400,CGPLLU598P,SAMEA9240286,
EGAS00001005340,Detection and characterization of lung cancer using cell-free DNA fragmentomes,Other,ILLUMINA,Illumina HiSeq 2500,PAIRED,,WGS,GENOMIC,unspecified,EGAX00002472626,EGAR00002847141,EGAN00003220748,CGPLLU599P,SAMEA9240636,
EGAS00001005340,Detection and characterization of lung cancer using cell-free DNA fragmentomes,Other,ILLUMINA,Illumina HiSeq 2500,PAIRED,,WGS,GENOMIC,unspecified,EGAX00002472627,EGAR00002847142,EGAN00003220938,CGPLLU5P,SAMEA9240826,
EGAS00001005340,Detection and characterization of lung cancer using cell-free DNA fragmentomes,Other,ILLUMINA,Illumina HiSeq 2500,PAIRED,,WGS,GENOMIC,unspecified,EGAX00002472628,EGAR00002847143,EGAN00003220442,CGPLLU600P,SAMEA9240336,
EGAS00001005340,Detection and characterization of lung cancer using cell-free DNA fragmentomes,Other,ILLUMINA,Illumina HiSeq 2500,PAIRED,,WGS,GENOMIC,unspecified,EGAX00002472629,EGAR00002847144,EGAN00003220440,CGPLLU601P,SAMEA9240334,
EGAS00001005340,Detection and characterization of lung cancer using cell-free DNA fragmentomes,Other,ILLUMINA,Illumina HiSeq 2500,PAIRED,,WGS,GENOMIC,unspecified,EGAX00002472630,EGAR00002847145,EGAN00003220524,CGPLLU602P,SAMEA9240411,
EGAS00001005340,Detection and characterization of lung cancer using cell-free DNA fragmentomes,Other,ILLUMINA,Illumina HiSeq 2500,PAIRED,,WGS,GENOMIC,unspecified,EGAX00002472631,EGAR00002847146,EGAN00003220922,CGPLLU603P,SAMEA9240810,
EGAS00001005340,Detection and characterization of lung cancer using cell-free DNA fragmentomes,Other,ILLUMINA,Illumina HiSeq 2500,PAIRED,,WGS,GENOMIC,unspecified,EGAX00002472632,EGAR00002847147,EGAN00003220785,CGPLLU604P,SAMEA9240673,
EGAS00001005340,Detection and characterization of lung cancer using cell-free DNA fragmentomes,Other,ILLUMINA,Illumina HiSeq 2500,PAIRED,,WGS,GENOMIC,unspecified,EGAX00002472633,EGAR00002847148,EGAN00003221007,CGPLLU605P,SAMEA9240895,
EGAS00001005340,Detection and characterization of lung cancer using cell-free DNA fragmentomes,Other,ILLUMINA,Illumina HiSeq 2500,PAIRED,,WGS,GENOMIC,unspecified,EGAX00002472634,EGAR00002847149,EGAN00003220392,CGPLLU606P,SAMEA9240279,
EGAS00001005340,Detection and characterization of lung cancer using cell-free DNA fragmentomes,Other,ILLUMINA,Illumina HiSeq 2500,PAIRED,,WGS,GENOMIC,unspecified,EGAX00002472635,EGAR00002847150,EGAN00003220468,CGPLLU607P,SAMEA9240365,
EGAS00001005340,Detection and characterization of lung cancer using cell-free DNA fragmentomes,Other,ILLUMINA,Illumina HiSeq 2500,PAIRED,,WGS,GENOMIC,unspecified,EGAX00002472636,EGAR00002847151,EGAN00003221029,CGPLLU608P,SAMEA9240917,
EGAS00001005340,Detection and characterization of lung cancer using cell-free DNA fragmentomes,Other,ILLUMINA,Illumina HiSeq 2500,PAIRED,,WGS,GENOMIC,unspecified,EGAX00002472637,EGAR00002847152,EGAN00003220563,CGPLLU609P,SAMEA9240451,
EGAS00001005340,Detection and characterization of lung cancer using cell-free DNA fragmentomes,Other,ILLUMINA,Illumina HiSeq 2500,PAIRED,,WGS,GENOMIC,unspecified,EGAX00002472638,EGAR00002847153,EGAN00003220552,CGPLLU610P,SAMEA9240440,
EGAS00001005340,Detection and characterization of lung cancer using cell-free DNA fragmentomes,Other,ILLUMINA,Illumina HiSeq 2500,PAIRED,,WGS,GENOMIC,unspecified,EGAX00002472639,EGAR00002847154,EGAN00003220398,CGPLLU611P,SAMEA9240285,
EGAS00001005340,Detection and characterization of lung cancer using cell-free DNA fragmentomes,Other,ILLUMINA,Illumina HiSeq 2500,PAIRED,,WGS,GENOMIC,unspecified,EGAX00002472640,EGAR00002847155,EGAN00003220399,CGPLLU612P,SAMEA9240289,
EGAS00001005340,Detection and characterization of lung cancer using cell-free DNA fragmentomes,Other,ILLUMINA,Illumina HiSeq 2500,PAIRED,,WGS,GENOMIC,unspecified,EGAX00002472641,EGAR00002847156,EGAN00003220831,CGPLLU613P,SAMEA9240719,
EGAS00001005340,Detection and characterization of lung cancer using cell-free DNA fragmentomes,Other,ILLUMINA,Illumina HiSeq 2500,PAIRED,,WGS,GENOMIC,unspecified,EGAX00002472642,EGAR00002847157,EGAN00003220541,CGPLLU614P,SAMEA9240429,
EGAS00001005340,Detection and characterization of lung cancer using cell-free DNA fragmentomes,Other,ILLUMINA,Illumina HiSeq 2500,PAIRED,,WGS,GENOMIC,unspecified,EGAX00002472643,EGAR00002847158,EGAN00003220528,CGPLLU615P,SAMEA9240415,
EGAS00001005340,Detection and characterization of lung cancer using cell-free DNA fragmentomes,Other,ILLUMINA,Illumina HiSeq 2500,PAIRED,,WGS,GENOMIC,unspecified,EGAX00002472644,EGAR00002847159,EGAN00003220397,CGPLLU616P,SAMEA9240284,
EGAS00001005340,Detection and characterization of lung cancer using cell-free DNA fragmentomes,Other,ILLUMINA,Illumina HiSeq 2500,PAIRED,,WGS,GENOMIC,unspecified,EGAX00002472645,EGAR00002847160,EGAN00003220455,CGPLLU617P,SAMEA9240350,
EGAS00001005340,Detection and characterization of lung cancer using cell-free DNA fragmentomes,Other,ILLUMINA,Illumina HiSeq 2500,PAIRED,,WGS,GENOMIC,unspecified,EGAX00002472646,EGAR00002847161,EGAN00003220493,CGPLLU618P,SAMEA9240848,
EGAS00001005340,Detection and characterization of lung cancer using cell-free DNA fragmentomes,Other,ILLUMINA,Illumina HiSeq 2500,PAIRED,,WGS,GENOMIC,unspecified,EGAX00002472647,EGAR00002847162,EGAN00003220444,CGPLLU619P,SAMEA9240338,
EGAS00001005340,Detection and characterization of lung cancer using cell-free DNA fragmentomes,Other,ILLUMINA,Illumina HiSeq 2500,PAIRED,,WGS,GENOMIC,unspecified,EGAX00002472648,EGAR00002847163,EGAN00003220447,CGPLLU620P,SAMEA9240341,
EGAS00001005340,Detection and characterization of lung cancer using cell-free DNA fragmentomes,Other,ILLUMINA,Illumina HiSeq 2500,PAIRED,,WGS,GENOMIC,unspecified,EGAX00002472649,EGAR00002847164,EGAN00003220559,CGPLLU621P,SAMEA9240447,
EGAS00001005340,Detection and characterization of lung cancer using cell-free DNA fragmentomes,Other,ILLUMINA,Illumina HiSeq 2500,PAIRED,,WGS,GENOMIC,unspecified,EGAX00002472650,EGAR00002847165,EGAN00003220894,CGPLLU622P,SAMEA9240782,
EGAS00001005340,Detection and characterization of lung cancer using cell-free DNA fragmentomes,Other,ILLUMINA,Illumina HiSeq 2500,PAIRED,,WGS,GENOMIC,unspecified,EGAX00002472651,EGAR00002847166,EGAN00003220546,CGPLLU623P,SAMEA9240434,
EGAS00001005340,Detection and characterization of lung cancer using cell-free DNA fragmentomes,Other,ILLUMINA,Illumina HiSeq 2500,PAIRED,,WGS,GENOMIC,unspecified,EGAX00002472652,EGAR00002847167,EGAN00003220324,CGPLLU624P,SAMEA9240211,
EGAS00001005340,Detection and characterization of lung cancer using cell-free DNA fragmentomes,Other,ILLUMINA,Illumina HiSeq 2500,PAIRED,,WGS,GENOMIC,unspecified,EGAX00002472653,EGAR00002847168,EGAN00003220386,CGPLLU625P,SAMEA9240273,
EGAS00001005340,Detection and characterization of lung cancer using cell-free DNA fragmentomes,Other,ILLUMINA,Illumina HiSeq 2500,PAIRED,,WGS,GENOMIC,unspecified,EGAX00002472654,EGAR00002847169,EGAN00003220381,CGPLLU626P,SAMEA9240268,
EGAS00001005340,Detection and characterization of lung cancer using cell-free DNA fragmentomes,Other,ILLUMINA,Illumina HiSeq 2500,PAIRED,,WGS,GENOMIC,unspecified,EGAX00002472655,EGAR00002847170,EGAN00003220383,CGPLLU627P,SAMEA9240270,
EGAS00001005340,Detection and characterization of lung cancer using cell-free DNA fragmentomes,Other,ILLUMINA,Illumina HiSeq 2500,PAIRED,,WGS,GENOMIC,unspecified,EGAX00002472656,EGAR00002847171,EGAN00003220464,CGPLLU628P,SAMEA9240361,
EGAS00001005340,Detection and characterization of lung cancer using cell-free DNA fragmentomes,Other,ILLUMINA,Illumina HiSeq 2500,PAIRED,,WGS,GENOMIC,unspecified,EGAX00002472657,EGAR00002847172,EGAN00003220819,CGPLLU629P,SAMEA9240707,
EGAS00001005340,Detection and characterization of lung cancer using cell-free DNA fragmentomes,Other,ILLUMINA,Illumina HiSeq 2500,PAIRED,,WGS,GENOMIC,unspecified,EGAX00002472658,EGAR00002847173,EGAN00003220781,CGPLLU630P,SAMEA9240669,
EGAS00001005340,Detection and characterization of lung cancer using cell-free DNA fragmentomes,Other,ILLUMINA,Illumina HiSeq 2500,PAIRED,,WGS,GENOMIC,unspecified,EGAX00002472659,EGAR00002847174,EGAN00003221128,CGPLLU631P,SAMEA9241018,
EGAS00001005340,Detection and characterization of lung cancer using cell-free DNA fragmentomes,Other,ILLUMINA,Illumina HiSeq 2500,PAIRED,,WGS,GENOMIC,unspecified,EGAX00002472660,EGAR00002847175,EGAN00003220646,CGPLLU632P,SAMEA9240534,
EGAS00001005340,Detection and characterization of lung cancer using cell-free DNA fragmentomes,Other,ILLUMINA,Illumina HiSeq 2500,PAIRED,,WGS,GENOMIC,unspecified,EGAX00002472661,EGAR00002847176,EGAN00003220783,CGPLLU633P,SAMEA9240671,
EGAS00001005340,Detection and characterization of lung cancer using cell-free DNA fragmentomes,Other,ILLUMINA,Illumina HiSeq 2500,PAIRED,,WGS,GENOMIC,unspecified,EGAX00002472662,EGAR00002847177,EGAN00003220309,CGPLLU634P,SAMEA9240196,
EGAS00001005340,Detection and characterization of lung cancer using cell-free DNA fragmentomes,Other,ILLUMINA,Illumina HiSeq 2500,PAIRED,,WGS,GENOMIC,unspecified,EGAX00002472663,EGAR00002847178,EGAN00003220630,CGPLLU635P,SAMEA9240518,
EGAS00001005340,Detection and characterization of lung cancer using cell-free DNA fragmentomes,Other,ILLUMINA,Illumina HiSeq 2500,PAIRED,,WGS,GENOMIC,unspecified,EGAX00002472668,EGAR00002847183,EGAN00003220804,CGPLLU636P,SAMEA9240692,
EGAS00001005340,Detection and characterization of lung cancer using cell-free DNA fragmentomes,Other,ILLUMINA,Illumina HiSeq 2500,PAIRED,,WGS,GENOMIC,unspecified,EGAX00002472669,EGAR00002847184,EGAN00003220806,CGPLLU637P,SAMEA9240694,
EGAS00001005340,Detection and characterization of lung cancer using cell-free DNA fragmentomes,Other,ILLUMINA,Illumina HiSeq 2500,PAIRED,,WGS,GENOMIC,unspecified,EGAX00002472670,EGAR00002847185,EGAN00003220808,CGPLLU638P,SAMEA9240696,
EGAS00001005340,Detection and characterization of lung cancer using cell-free DNA fragmentomes,Other,ILLUMINA,Illumina HiSeq 2500,PAIRED,,WGS,GENOMIC,unspecified,EGAX00002472671,EGAR00002847186,EGAN00003220809,CGPLLU639P,SAMEA9240697,
EGAS00001005340,Detection and characterization of lung cancer using cell-free DNA fragmentomes,Other,ILLUMINA,Illumina HiSeq 2500,PAIRED,,WGS,GENOMIC,unspecified,EGAX00002472672,EGAR00002847187,EGAN00003220772,CGPLLU63P,SAMEA9240660,
EGAS00001005340,Detection and characterization of lung cancer using cell-free DNA fragmentomes,Other,ILLUMINA,Illumina HiSeq 2500,PAIRED,,WGS,GENOMIC,unspecified,EGAX00002472673,EGAR00002847188,EGAN00003220776,CGPLLU64P,SAMEA9240664,
EGAS00001005340,Detection and characterization of lung cancer using cell-free DNA fragmentomes,Other,ILLUMINA,Illumina HiSeq 2500,PAIRED,,WGS,GENOMIC,unspecified,EGAX00002472674,EGAR00002847189,EGAN00003220953,CGPLLU6P,SAMEA9240841,
